symbol,name,natural_analog,smiles,monomer_type,n_rgroups,source,alt_symbols
Me_dN,N-methyl D-Asparagine,N,*C(=O)[C@@H](CC(N)=O)N(*)C,Backbone,2,CREMP(generated(invert+methylate)),
Me_dQ,N-methyl D-Glutamine,Q,*C(=O)[C@@H](CCC(N)=O)N(*)C,Backbone,2,CREMP(generated(invert+methylate)),
Me_dS,N-methyl D-Serine,S,*C(=O)[C@@H](CO)N(*)C,Backbone,2,CREMP(generated(invert+methylate)),
2-Pal,3-(2-Pyridyl)-alanine,X,[*]N[C@@H](Cc1ccccn1)C([*])=O |$_R1;;;;;;;;;;;_R2;$|,Backbone,2,ChEMBL,
A_COEt,Alanine ethylcarboxyl,A,CCOC(=O)C(=O)[C@H](C)N[*] |$;;;;;;;;;;_R1$|,Backbone,1,ChEMBL,
A_MeCl,Alanine chloromethyl,A,C[C@H](N[*])C(=O)CCl |$;;;_R1;;;;$|,Backbone,1,ChEMBL,
A_OBzl,L-Alanine benzyl ester,A,C[C@H](N[*])C(=O)OCc1ccccc1 |$;;;_R1;;;;;;;;;;$|,Backbone,1,ChEMBL,
A_OMe,L-Alanine methyl ester,A,COC(=O)[C@H](C)N[*] |$;;;;;;;_R1$|,Backbone,1,ChEMBL,
Aad,2-aminoadipic acid,A,[*]N[C@@H](CCCC([*])=O)C([*])=O |$_R1;;;;;;;_R3;;;_R2;$|,Backbone,3,ChEMBL,
Abu_COEt,2-aminobutanoic acid ethylcarboxyl,X,CCOC(=O)C(=O)[C@H](CC)N[*] |$;;;;;;;;;;;_R1$|,Backbone,1,ChEMBL,
Aca,2-aminocapric acid,X,CCCCCCCC[C@H](N[*])C([*])=O |$;;;;;;;;;;_R1;;_R2;$|,Backbone,2,ChEMBL,
Aib_OMe,alpha-aminoisobutyric acid (2-aminoalanine) methyl ester,X,COC(=O)C(C)(C)N[*] |$;;;;;;;;_R1$|,Backbone,1,ChEMBL,
Apm,2-aminopimelic acid,A,[*]N[C@@H](CCCCC([*])=O)C([*])=O |$_R1;;;;;;;;_R3;;;_R2;$|,Backbone,3,ChEMBL,
Asp(OtBu),L-Aspartic acid beta-t.-butyl ester,D,CC(C)(C)OC(=O)C[C@H](N[*])C([*])=O |$;;;;;;;;;;_R1;;_R2;$|,Backbone,2,ChEMBL,
Asu,2-aminosuberic acid,A,[*]N[C@@H](CCCCCC([*])=O)C([*])=O |$_R1;;;;;;;;;_R3;;;_R2;$|,Backbone,3,ChEMBL,
Boc_A,N-alpha-t.-Boc-L-alanine,A,C[C@H](NC(=O)OC(C)(C)C)C([*])=O |$;;;;;;;;;;;_R2;$|,Backbone,1,ChEMBL,
Boc_Aib,N-alpha-t.-Boc-alpha-aminoisobutyric acid,X,CC(C)(C)OC(=O)NC(C)(C)C([*])=O |$;;;;;;;;;;;;_R2;$|,Backbone,1,ChEMBL,
Boc_C,N-alpha-t.-Boc-L-cysteine,C,CC(C)(C)OC(=O)N[C@@H](CS)C([*])=O |$;;;;;;;;;;;;_R2;$|,Backbone,1,ChEMBL,
Boc_D,N-alpha-t.-Boc-L-aspartic acid,D,CC(C)(C)OC(=O)N[C@@H](CC(O)=O)C([*])=O |$;;;;;;;;;;;;;;_R2;$|,Backbone,1,ChEMBL,
Boc_E,N-alpha-t.-Boc-L-glutamic acid,E,CC(C)(C)OC(=O)N[C@@H](CCC(O)=O)C([*])=O |$;;;;;;;;;;;;;;;_R2;$|,Backbone,1,ChEMBL,
Boc_F,N-alpha-t.-Boc-L-phenylalanine,F,CC(C)(C)OC(=O)N([*])[C@@H](Cc1ccccc1)C([*])=O |$;;;;;;;;_R1;;;;;;;;;;_R2;$|,Backbone,2,ChEMBL,
Boc_G,N-alpha-t.-Boc-glycine,G,CC(C)(C)OC(=O)NCC([*])=O |$;;;;;;;;;;_R2;$|,Backbone,1,ChEMBL,
Boc_Glu(OBzl),N-alpha-t.-Boc-L-glutamic acid gamma-benzyl ester,E,CC(C)(C)OC(=O)N[C@@H](CCC(=O)OCc1ccccc1)C([*])=O |$;;;;;;;;;;;;;;;;;;;;;;_R2;$|,Backbone,1,ChEMBL,
Boc_Glu(OtBu),N-alpha-t.-Boc-L-glutamic acid gamma-t.-butyl ester,E,CC(C)(C)OC(=O)CC[C@H](NC(=O)OC(C)(C)C)C([*])=O |$;;;;;;;;;;;;;;;;;;;_R2;$|,Backbone,1,ChEMBL,
Boc_I,N-alpha-t.-Boc-L-isoleucine,I,CC[C@H](C)[C@H](NC(=O)OC(C)(C)C)C([*])=O |$;;;;;;;;;;;;;;_R2;$|,Backbone,1,ChEMBL,
Boc_K,N-alpha-t.-Boc-L-lysine,K,CC(C)(C)OC(=O)N[C@@H](CCCCN)C([*])=O |$;;;;;;;;;;;;;;;_R2;$|,Backbone,1,ChEMBL,
Boc_L,N-alpha-t.-Boc-L-leucine,L,CC(C)C[C@H](NC(=O)OC(C)(C)C)C([*])=O |$;;;;;;;;;;;;;;_R2;$|,Backbone,1,ChEMBL,
Boc_L-alpha-t-butylglycine,N-alpha-t.-Boc-L-alpha-t.-butyl-glycine,V,CC(C)(C)OC(=O)N[C@H](C([*])=O)C(C)(C)C |$;;;;;;;;;;_R2;;;;;$|,Backbone,1,ChEMBL,
Boc_M,N-alpha-t.-Boc-L-methionine,M,CSCC[C@H](NC(=O)OC(C)(C)C)C([*])=O |$;;;;;;;;;;;;;;_R2;$|,Backbone,1,ChEMBL,
Boc_P,N-alpha-t.-Boc-L-proline,P,CC(C)(C)OC(=O)N1CCC[C@H]1C([*])=O |$;;;;;;;;;;;;;_R2;$|,Backbone,1,ChEMBL,
Boc_S,N-alpha-t.-Boc-L-serine,S,CC(C)(C)OC(=O)N[C@@H](CO)C([*])=O |$;;;;;;;;;;;;_R2;$|,Backbone,1,ChEMBL,
Boc_Ser(Bzl),N-alpha-t.-Boc-O-benzyl-L-serine,S,CC(C)(C)OC(=O)N[C@@H](COCc1ccccc1)C([*])=O |$;;;;;;;;;;;;;;;;;;;_R2;$|,Backbone,1,ChEMBL,
Boc_Tyr(Bzl),N-alpha-t.-Boc-O-benzyl-L-tyrosine,Y,CC(C)(C)OC(=O)N[C@@H](Cc1ccc(OCc2ccccc2)cc1)C([*])=O |$;;;;;;;;;;;;;;;;;;;;;;;;;_R2;$|,Backbone,1,ChEMBL,
Boc_V,N-alpha-t.-Boc-L-valine,V,CC(C)[C@H](NC(=O)OC(C)(C)C)C([*])=O |$;;;;;;;;;;;;;_R2;$|,Backbone,1,ChEMBL,
Boc_W,N-alpha-t.-Boc-L-tryptophan,W,CC(C)(C)OC(=O)N[C@@H](Cc1c[nH]c2ccccc12)C([*])=O |$;;;;;;;;;;;;;;;;;;;;_R2;$|,Backbone,1,ChEMBL,
Boc_Y,N-alpha-t.-Boc-L-tyrosine,Y,CC(C)(C)OC(=O)N[C@@H](Cc1ccc(O)cc1)C([*])=O |$;;;;;;;;;;;;;;;;;;_R2;$|,Backbone,1,ChEMBL,
Boc_dF,N-alpha-t.-Boc-D-phenylalanine,F,CC(C)(C)OC(=O)N([*])[C@H](Cc1ccccc1)C([*])=O |$;;;;;;;;_R1;;;;;;;;;;_R2;$|,Backbone,2,ChEMBL,
Boc_dGlu(OBzl),N-alpha-t.-Boc-D-glutamic acid gamma-benzyl ester,E,CC(C)(C)OC(=O)N[C@H](CCC(=O)OCc1ccccc1)C([*])=O |$;;;;;;;;;;;;;;;;;;;;;;_R2;$|,Backbone,1,ChEMBL,
Boc_dL,N-alpha-t.-Boc-D-leucine,L,CC(C)C[C@@H](NC(=O)OC(C)(C)C)C([*])=O |$;;;;;;;;;;;;;;_R2;$|,Backbone,1,ChEMBL,
Boc_dP,N-alpha-t.-Boc-D-proline,P,CC(C)(C)OC(=O)N1CCC[C@@H]1C([*])=O |$;;;;;;;;;;;;;_R2;$|,Backbone,1,ChEMBL,
Boc_dPhg,N-alpha-t.-Boc-D-phenylglycine,X,CC(C)(C)OC(=O)N[C@@H](C([*])=O)c1ccccc1 |$;;;;;;;;;;_R2;;;;;;;$|,Backbone,1,ChEMBL,
Boc_dV,N-alpha-t.-Boc-D-valine,V,CC(C)[C@@H](NC(=O)OC(C)(C)C)C([*])=O |$;;;;;;;;;;;;;_R2;$|,Backbone,1,ChEMBL,
Boc_dW,N-alpha-t.-Boc-D-tryptophan,W,CC(C)(C)OC(=O)N[C@H](Cc1c[nH]c2ccccc12)C([*])=O |$;;;;;;;;;;;;;;;;;;;;_R2;$|,Backbone,1,ChEMBL,
Boc_dY,N-alpha-t.-Boc-D-tyrosine,Y,CC(C)(C)OC(=O)N[C@H](Cc1ccc(O)cc1)C([*])=O |$;;;;;;;;;;;;;;;;;;_R2;$|,Backbone,1,ChEMBL,
C,Cysteine,C,[*]N[C@@H](CS[*])C([*])=O |$_R1;;;;;_R3;;_R2;$|,Backbone,3,ChEMBL,
C_OBzl,Cysteine benzyl ester,C,SC[C@H](N[*])C(=O)OCc1ccccc1 |$;;;;_R1;;;;;;;;;;$|,Backbone,1,ChEMBL,
C_OMe,Cysteine methyl ester,C,COC(=O)[C@H](CS[*])N[*] |$;;;;;;;_R3;;_R1$|,Backbone,2,ChEMBL,
Cbz_A,N-alpha-CBZ-L-alanine,A,C[C@H](NC(=O)OCc1ccccc1)C([*])=O |$;;;;;;;;;;;;;;_R2;$|,Backbone,1,ChEMBL,
Cbz_F,N-alpha-CBZ-L-phenylalanine,F,[*]C(=O)[C@H](Cc1ccccc1)NC(=O)OCc1ccccc1 |$_R2;;;;;;;;;;;;;;;;;;;;;$|,Backbone,1,ChEMBL,
Cbz_G,N-alpha-CBZ-glycine,G,[*]C(=O)CNC(=O)OCc1ccccc1 |$_R2;;;;;;;;;;;;;;$|,Backbone,1,ChEMBL,
Cbz_Glu(OtBu),N-alpha-CBZ-L-glutamic acid gamma-t.-butyl ester,E,CC(C)(C)OC(=O)CC[C@H](NC(=O)OCc1ccccc1)C([*])=O |$;;;;;;;;;;;;;;;;;;;;;;_R2;$|,Backbone,1,ChEMBL,
Cbz_Hyp,N-alpha-CBZ-L-4-trans-hydroxyproline,P,O[C@@H]1C[C@H](N(C1)C(=O)OCc1ccccc1)C([*])=O |$;;;;;;;;;;;;;;;;;_R2;$|,Backbone,1,ChEMBL,
Cbz_I,N-alpha-CBZ-L-isoleucine,I,CC[C@H](C)[C@H](NC(=O)OCc1ccccc1)C([*])=O |$;;;;;;;;;;;;;;;;;_R2;$|,Backbone,1,ChEMBL,
Cbz_K,N-alpha-CBZ-L-lysine,K,NCCCC[C@H](N([*])C(=O)OCc1ccccc1)C([*])=O |$;;;;;;;_R1;;;;;;;;;;;;_R2;$|,Backbone,2,ChEMBL,
Cbz_L,N-alpha-CBZ-L-leucine,L,CC(C)C[C@H](NC(=O)OCc1ccccc1)C([*])=O |$;;;;;;;;;;;;;;;;;_R2;$|,Backbone,1,ChEMBL,
Cbz_Lys(Cbz),N-alpha-N-epsilon-di-CBZ-L-lysine,K,[*]C(=O)[C@H](CCCCNC(=O)OCc1ccccc1)NC(=O)OCc1ccccc1 |$_R2;;;;;;;;;;;;;;;;;;;;;;;;;;;;;$|,Backbone,1,ChEMBL,
Cbz_P,N-alpha-CBZ-L-proline,P,[*]C(=O)[C@@H]1CCCN1C(=O)OCc1ccccc1 |$_R2;;;;;;;;;;;;;;;;;$|,Backbone,1,ChEMBL,
Cbz_R,N-alpha-CBZ-L-arginine,R,NC(=N)NCCC[C@H](NC(=O)OCc1ccccc1)C([*])=O |$;;;;;;;;;;;;;;;;;;;;_R2;$|,Backbone,1,ChEMBL,
Cbz_S,N-alpha-CBZ-L-serine,S,OC[C@H](NC(=O)OCc1ccccc1)C([*])=O |$;;;;;;;;;;;;;;;_R2;$|,Backbone,1,ChEMBL,
Cbz_Ser(Bzl),N-alpha-CBZ-O-benzyl-L-serine,S,[*]C(=O)[C@H](COCc1ccccc1)NC(=O)OCc1ccccc1 |$_R2;;;;;;;;;;;;;;;;;;;;;;;$|,Backbone,1,ChEMBL,
Cbz_Ser(tBu),N-alpha-CBZ-O-t.-butyl-L-serine,S,CC(C)(C)OC[C@H](NC(=O)OCc1ccccc1)C([*])=O |$;;;;;;;;;;;;;;;;;;;_R2;$|,Backbone,1,ChEMBL,
Cbz_Thr(tBu),N-alpha-CBZ-O-t.-butyl-L-threonine,T,C[C@@H](OC(C)(C)C)[C@H](NC(=O)OCc1ccccc1)C([*])=O |$;;;;;;;;;;;;;;;;;;;;_R2;$|,Backbone,1,ChEMBL,
Cbz_V,N-alpha-CBZ-L-valine,V,CC(C)[C@H](NC(=O)OCc1ccccc1)C([*])=O |$;;;;;;;;;;;;;;;;_R2;$|,Backbone,1,ChEMBL,
Cbz_W,N-alpha-CBZ-L-tryptophan,W,[*]C(=O)[C@H](Cc1c[nH]c2ccccc12)NC(=O)OCc1ccccc1 |$_R2;;;;;;;;;;;;;;;;;;;;;;;;$|,Backbone,1,ChEMBL,
Cbz_Y,N-alpha-CBZ-L-tyrosine,Y,Oc1ccc(C[C@H](NC(=O)OCc2ccccc2)C([*])=O)cc1 |$;;;;;;;;;;;;;;;;;;;_R2;;;$|,Backbone,1,ChEMBL,
Cbz_dA,N-alpha-CBZ-D-alanine,A,C[C@@H](NC(=O)OCc1ccccc1)C([*])=O |$;;;;;;;;;;;;;;_R2;$|,Backbone,1,ChEMBL,
Cbz_dF,N-alpha-CBZ-D-phenylalanine,F,[*]C(=O)[C@@H](Cc1ccccc1)NC(=O)OCc1ccccc1 |$_R2;;;;;;;;;;;;;;;;;;;;;$|,Backbone,1,ChEMBL,
Cbz_dV,N-alpha-CBZ-D-valine,V,CC(C)[C@@H](NC(=O)OCc1ccccc1)C([*])=O |$;;;;;;;;;;;;;;;;_R2;$|,Backbone,1,ChEMBL,
Cit,citrullin,X,NC(=O)NCCC[C@H](N[*])C([*])=O |$;;;;;;;;;_R1;;_R2;$|,Backbone,2,ChEMBL,
Cya,3-sulfoalanine,C,OS(=O)(=O)C[C@H](N[*])C([*])=O |$;;;;;;;_R1;;_R2;$|,Backbone,2,ChEMBL,
Cys(tBu),S-t.-Butyl-L-cysteine,C,CC(C)(C)SC[C@H](N[*])C([*])=O |$;;;;;;;;_R1;;_R2;$|,Backbone,2,ChEMBL,
D_Me,Aspartic acid methyl,D,CC(=O)[C@H](CC(O)=O)N[*] |$;;;;;;;;;_R1$|,Backbone,1,ChEMBL,
D_MeCl,Aspartic acid chloromethyl,D,OC(=O)C[C@H](N[*])C(=O)CCl |$;;;;;;_R1;;;;$|,Backbone,1,ChEMBL,
D_MeF,Aspartic acid fluoromethyl,D,OC(=O)C[C@H](N[*])C(=O)CF |$;;;;;;_R1;;;;$|,Backbone,1,ChEMBL,
D_OBzl,L-Aspartic acid alpha-benzyl ester,D,OC(=O)C[C@H](N[*])C(=O)OCc1ccccc1 |$;;;;;;_R1;;;;;;;;;;$|,Backbone,1,ChEMBL,
Dab,"2,4-diaminobutanoic acid",X,[*]N[C@@H](CCN[*])C([*])=O |$_R1;;;;;;_R3;;_R2;$|,Backbone,3,ChEMBL,
Dpr,"2,3-diaminopropanoic acid",X,[*]N[C@@H](CN[*])C([*])=O |$_R1;;;;;_R3;;_R2;$|,Backbone,3,ChEMBL,
E_OBzl,L-Glutamic acid alpha-benzyl ester,E,OC(=O)CC[C@H](N[*])C(=O)OCc1ccccc1 |$;;;;;;;_R1;;;;;;;;;;$|,Backbone,1,ChEMBL,
E_OMe,Glutamic acid methyl ester,E,COC(=O)[C@H](CCC(O)=O)N[*] |$;;;;;;;;;;;_R1$|,Backbone,1,ChEMBL,
EtCO_F,ethylcarboxyl Phenylalanine,F,CCOC(=O)N[C@@H](Cc1ccccc1)C([*])=O |$;;;;;;;;;;;;;;;_R2;$|,Backbone,1,ChEMBL,
EtCO_G,ethylcarboxyl Glycine,G,CCOC(=O)NCC([*])=O |$;;;;;;;;_R2;$|,Backbone,1,ChEMBL,
EtCO_Phe(4-Cl),ethylcarboxyl 4-Chloro-L-phenylalanine,F,CCOC(=O)N[C@@H](Cc1ccc(Cl)cc1)C([*])=O |$;;;;;;;;;;;;;;;;_R2;$|,Backbone,1,ChEMBL,
EtCO_V,ethylcarboxyl Valine,V,CCOC(=O)N[C@@H](C(C)C)C([*])=O |$;;;;;;;;;;;_R2;$|,Backbone,1,ChEMBL,
EtCO_W,ethylcarboxyl Tryptophan,W,CCOC(=O)N[C@@H](Cc1c[nH]c2ccccc12)C([*])=O |$;;;;;;;;;;;;;;;;;;_R2;$|,Backbone,1,ChEMBL,
EtCO_d1-Nal,ethylcarboxyl D-3-(1-naphthyl)-alanine,F,CCOC(=O)N[C@H](Cc1cccc2ccccc12)C([*])=O |$;;;;;;;;;;;;;;;;;;;_R2;$|,Backbone,1,ChEMBL,
EtCO_d3-Pal,ethylcarboxyl D-3-(2-pyridyl)-alanine,X,CCOC(=O)N[C@H](Cc1cccnc1)C([*])=O |$;;;;;;;;;;;;;;;_R2;$|,Backbone,1,ChEMBL,
EtCO_dA,ethylcarboxyl D-Alanine,A,CCOC(=O)N[C@H](C)C([*])=O |$;;;;;;;;;_R2;$|,Backbone,1,ChEMBL,
EtCO_dCha,ethylcarboxyl D-2-Amino-3-cyclohexyl-propionic acid,X,CCOC(=O)N[C@H](CC1CCCCC1)C([*])=O |$;;;;;;;;;;;;;;;_R2;$|,Backbone,1,ChEMBL,
EtCO_dHph,ethylcarboxyl D-Homophenylalanine,X,CCOC(=O)N[C@H](CCc1ccccc1)C([*])=O |$;;;;;;;;;;;;;;;;_R2;$|,Backbone,1,ChEMBL,
EtCO_dNal,ethylcarboxyl D-3-naphthylalanine,F,CCOC(=O)N[C@H](Cc1ccc2ccccc2c1)C([*])=O |$;;;;;;;;;;;;;;;;;;;_R2;$|,Backbone,1,ChEMBL,
EtCO_dPhe(4-Cl),ethylcarboxyl 4-Chloro-D-phenylalanine,F,CCOC(=O)N[C@H](Cc1ccc(Cl)cc1)C([*])=O |$;;;;;;;;;;;;;;;;_R2;$|,Backbone,1,ChEMBL,
EtCO_dPhe(4-NH2),ethylcarboxyl D-p-Aminophenylalanine,F,CCOC(=O)N[C@H](Cc1ccc(N)cc1)C([*])=O |$;;;;;;;;;;;;;;;;_R2;$|,Backbone,1,ChEMBL,
EtCO_dPhg,ethylcarboxyl D-2-phenylglycine,X,CCOC(=O)N[C@@H](C([*])=O)c1ccccc1 |$;;;;;;;;_R2;;;;;;;$|,Backbone,1,ChEMBL,
EtCO_dR,ethylcarboxyl D-Arginine,R,CCOC(=O)N[C@H](CCCNC(N)=N)C([*])=O |$;;;;;;;;;;;;;;;_R2;$|,Backbone,1,ChEMBL,
EtCO_dW,ethylcarboxyl D-Tryptophan,W,CCOC(=O)N[C@H](Cc1c[nH]c2ccccc12)C([*])=O |$;;;;;;;;;;;;;;;;;;_R2;$|,Backbone,1,ChEMBL,
EtCO_dY,ethylcarboxyl D-Tyrosine,Y,CCOC(=O)N[C@H](Cc1ccc(O)cc1)C([*])=O |$;;;;;;;;;;;;;;;;_R2;$|,Backbone,1,ChEMBL,
EtCO_meF,ethylcarboxyl N-Methyl-Phenylalanine,F,CCOC(=O)N(C)[C@@H](Cc1ccccc1)C([*])=O |$;;;;;;;;;;;;;;;;_R2;$|,Backbone,1,ChEMBL,
F_COEt,Phenylalanine ethylcarboxyl,F,CCOC(=O)C(=O)[C@H](Cc1ccccc1)N[*] |$;;;;;;;;;;;;;;;;_R1$|,Backbone,1,ChEMBL,
F_Me,Phenylalanine methyl,F,CC(=O)[C@H](Cc1ccccc1)N[*] |$;;;;;;;;;;;;_R1$|,Backbone,1,ChEMBL,
F_MeCl,Phenylalanine chloromethyl,F,ClCC(=O)[C@H](Cc1ccccc1)N[*] |$;;;;;;;;;;;;;_R1$|,Backbone,1,ChEMBL,
F_OBzl,L-Phenylalanine benzyl ester,F,[*]N[C@@H](Cc1ccccc1)C(=O)OCc1ccccc1 |$_R1;;;;;;;;;;;;;;;;;;;$|,Backbone,1,ChEMBL,
F_OMe,L-Phenylalanine methyl ester,F,COC(=O)[C@H](Cc1ccccc1)N[*] |$;;;;;;;;;;;;;_R1$|,Backbone,1,ChEMBL,
F_OtBu,L-Phenylalanine t.-butyl ester,F,CC(C)(C)OC(=O)[C@H](Cc1ccccc1)N[*] |$;;;;;;;;;;;;;;;;_R1$|,Backbone,1,ChEMBL,
F_ac,Phenylalanine N-Terminal Acetic Acid,F,CC(=O)OC(=O)[C@H](Cc1ccccc1)N[*] |$;;;;;;;;;;;;;;;_R1$|,Backbone,1,ChEMBL,
Fmoc_F,N-alpha-Fmoc-L-phenylalanine,F,[*]C(=O)[C@H](Cc1ccccc1)NC(=O)OCC1c2ccccc2-c2ccccc12 |$_R2;;;;;;;;;;;;;;;;;;;;;;;;;;;;$|,Backbone,1,ChEMBL,
Fmoc_I,N-alpha-Fmoc-L-isoleucine,I,CC[C@H](C)[C@H](NC(=O)OCC1c2ccccc2-c2ccccc12)C([*])=O |$;;;;;;;;;;;;;;;;;;;;;;;;_R2;$|,Backbone,1,ChEMBL,
Fmoc_L,N-alpha-Fmoc-L-leucine,L,CC(C)C[C@H](NC(=O)OCC1c2ccccc2-c2ccccc12)C([*])=O |$;;;;;;;;;;;;;;;;;;;;;;;;_R2;$|,Backbone,1,ChEMBL,
Fmoc_V,N-alpha-Fmoc-L-valine,V,CC(C)[C@H](NC(=O)OCC1c2ccccc2-c2ccccc12)C([*])=O |$;;;;;;;;;;;;;;;;;;;;;;;_R2;$|,Backbone,1,ChEMBL,
Fmoc_W,N-alpha-Fmoc-L-tryptophan,W,[*]C(=O)[C@H](Cc1c[nH]c2ccccc12)NC(=O)OCC1c2ccccc2-c2ccccc12 |$_R2;;;;;;;;;;;;;;;;;;;;;;;;;;;;;;;$|,Backbone,1,ChEMBL,
Fmoc_dV,N-alpha-Fmoc-D-valine,V,CC(C)[C@@H](NC(=O)OCC1c2ccccc2-c2ccccc12)C([*])=O |$;;;;;;;;;;;;;;;;;;;;;;;_R2;$|,Backbone,1,ChEMBL,
G_Me,Glycine methyl,G,CC(=O)CN[*] |$;;;;;_R1$|,Backbone,1,ChEMBL,
G_OBzl,Glycine benzyl ester,G,[*]NCC(=O)OCc1ccccc1 |$_R1;;;;;;;;;;;;$|,Backbone,1,ChEMBL,
G_OMe,Glycine methyl ester,G,COC(=O)CN[*] |$;;;;;;_R1$|,Backbone,1,ChEMBL,
G_OPh,Glycine phenyl ester,G,[*]NCC(=O)Oc1ccccc1 |$_R1;;;;;;;;;;;$|,Backbone,1,ChEMBL,
G_OtBu,Glycine t.-butyl ester,G,CC(C)(C)OC(=O)CN[*] |$;;;;;;;;;_R1$|,Backbone,1,ChEMBL,
Glp,pyroglutamic acid,P,[*]N1[C@@H](CCC1=O)C([*])=O |$_R1;;;;;;;;_R2;$|,Backbone,2,ChEMBL,
Glu(OBzl),L-Glutamic acid gamma-benzyl ester,E,[*]N[C@@H](CCC(=O)OCc1ccccc1)C([*])=O |$_R1;;;;;;;;;;;;;;;;_R2;$|,Backbone,2,ChEMBL,
Glu(OtBu),L-Glutamic acid gamma-t.-butyl ester,E,CC(C)(C)OC(=O)CC[C@H](N[*])C([*])=O |$;;;;;;;;;;;_R1;;_R2;$|,Backbone,2,ChEMBL,
H_OBzl,Histidine benzyl ester,H,[*]N[C@@H](Cc1cnc[nH]1)C(=O)OCc1ccccc1 |$_R1;;;;;;;;;;;;;;;;;;$|,Backbone,1,ChEMBL,
H_OMe,Histidine methyl ester,H,COC(=O)[C@H](Cc1cnc[nH]1)N[*] |$;;;;;;;;;;;;_R1$|,Backbone,1,ChEMBL,
Hcy,homocysteine,X,[*]N[C@@H](CCS[*])C([*])=O |$_R1;;;;;;_R3;;_R2;$|,Backbone,3,ChEMBL,
Hph_OBzl,Homophenylalanine benzyl ester,X,[*]N[C@@H](CCc1ccccc1)C(=O)OCc1ccccc1 |$_R1;;;;;;;;;;;;;;;;;;;;$|,Backbone,1,ChEMBL,
Hph_OMe,Homophenylalanine methyl ester,X,COC(=O)[C@H](CCc1ccccc1)N[*] |$;;;;;;;;;;;;;;_R1$|,Backbone,1,ChEMBL,
Hse,homoserine,X,OCC[C@H](N[*])C([*])=O |$;;;;;_R1;;_R2;$|,Backbone,2,ChEMBL,
Hyp,4-hydroxyproline,P,O[C@@H]1C[C@H](N([*])C1)C([*])=O |$;;;;;_R1;;;_R2;$|,Backbone,2,ChEMBL,
I_OBzl,Isoleucine benzyl ester,I,CC[C@H](C)[C@H](N[*])C(=O)OCc1ccccc1 |$;;;;;;_R1;;;;;;;;;;$|,Backbone,1,ChEMBL,
I_OMe,L-Isoleucine methyl ester,I,CC[C@H](C)[C@H](N[*])C(=O)OC |$;;;;;;_R1;;;;$|,Backbone,1,ChEMBL,
Iva,isovaline,X,CC[C@](C)(N[*])C([*])=O |$;;;;;_R1;;_R2;$|,Backbone,2,ChEMBL,
K_Me,Lysine methyl,K,CC(=O)[C@H](CCCCN)N[*] |$;;;;;;;;;;_R1$|,Backbone,1,ChEMBL,
K_OBzl,Lysine benzyl ester,K,NCCCC[C@H](N[*])C(=O)OCc1ccccc1 |$;;;;;;;_R1;;;;;;;;;;$|,Backbone,1,ChEMBL,
K_OMe,Lysine methyl ester,K,COC(=O)[C@H](CCCCN)N[*] |$;;;;;;;;;;;_R1$|,Backbone,1,ChEMBL,
K_ac,Lysine N-Terminal Acetic Acid,K,CC(=O)OC(=O)[C@H](CCCCN)N[*] |$;;;;;;;;;;;;;_R1$|,Backbone,1,ChEMBL,
L_Me,Leucine methyl,L,CC(C)C[C@H](N[*])C(C)=O |$;;;;;;_R1;;;$|,Backbone,1,ChEMBL,
L_MeCl,Leucine chloromethyl,L,CC(C)C[C@H](N[*])C(=O)CCl |$;;;;;;_R1;;;;$|,Backbone,1,ChEMBL,
L_OBzl,L-Leucine benzyl ester,L,CC(C)C[C@H](N[*])C(=O)OCc1ccccc1 |$;;;;;;_R1;;;;;;;;;;$|,Backbone,1,ChEMBL,
L_OMe,L-Leucine methyl ester,L,COC(=O)[C@H](CC(C)C)N[*] |$;;;;;;;;;;_R1$|,Backbone,1,ChEMBL,
L_OVnl,Leucine vinyl ester,L,CC(C)C[C@H](N[*])C(=O)OC=C |$;;;;;;_R1;;;;;$|,Backbone,1,ChEMBL,
Lys(2-MP),N-epsilon-2-Methylpyridinelysine,K,[*]N[C@@H](CCCCNCc1ccccn1)C([*])=O |$_R1;;;;;;;;;;;;;;;;_R2;$|,Backbone,2,ChEMBL,
Lys(Ac)2,N-epsilon-Diacetyllysine,X,CC(=O)N(CCC[C@@H](N[*])C([*])=O)C(C)=O |$;;;;;;;;;_R1;;_R2;;;;$|,Backbone,2,ChEMBL,
Lys(Boc),N-epsilon-t.-Boc-L-lysine,K,CC(C)(C)OC(=O)NCCCC[C@H](N[*])C([*])=O |$;;;;;;;;;;;;;;_R1;;_R2;$|,Backbone,2,ChEMBL,
Lys(BrAc)2,N-epsilon-Dibromoacetyllysine,K,BrCC(=O)N(CCCC[C@@H](N[*])C([*])=O)C(=O)CBr |$;;;;;;;;;;;_R1;;_R2;;;;;$|,Backbone,2,ChEMBL,
Lys(Tac),N-epsilon-Thioacetyllysine,K,CC(=S)NCCCC[C@H](N[*])C([*])=O |$;;;;;;;;;;_R1;;_R2;$|,Backbone,2,ChEMBL,
M_OBzl,Methionine benzyl ester,M,CSCC[C@H](N[*])C(=O)OCc1ccccc1 |$;;;;;;_R1;;;;;;;;;;$|,Backbone,1,ChEMBL,
M_OMe,L-Methionine methyl ester,M,COC(=O)[C@H](CCSC)N[*] |$;;;;;;;;;;_R1$|,Backbone,1,ChEMBL,
Me_1-Nal,methyl 3-(1-naphthyl)-alanine,F,CN([*])[C@@H](Cc1cccc2ccccc12)C([*])=O |$;;_R1;;;;;;;;;;;;;;_R2;$|,Backbone,2,ChEMBL,
Me_3-Pal,methyl 3-(2-pyridyl)-alanine,X,CN([*])[C@@H](Cc1cccnc1)C([*])=O |$;;_R1;;;;;;;;;;_R2;$|,Backbone,2,ChEMBL,
Me_Aib,methyl alpha-aminoisobutyric acid (2-aminoalanine),X,CNC(C)(C)C([*])=O |$;;;;;;_R2;$|,Backbone,1,ChEMBL,
Me_Boc_W,methyl N-alpha-t.-Boc-L-tryptophan,W,CN([C@@H](Cc1c[nH]c2ccccc12)C([*])=O)C(=O)OC(C)(C)C |$;;;;;;;;;;;;;;_R2;;;;;;;;$|,Backbone,1,ChEMBL,
Me_Cbz_V,methyl N-alpha-CBZ-L-valine,V,CC(C)[C@H](N(C)C(=O)OCc1ccccc1)C([*])=O |$;;;;;;;;;;;;;;;;;_R2;$|,Backbone,1,ChEMBL,
Me_Dpr,"methyl 2,3-diaminopropanoic acid",X,CN([*])[C@@H](CN)C([*])=O |$;;_R1;;;;;_R2;$|,Backbone,2,ChEMBL,
Me_Lys(Boc),methyl N-epsilon-t.-Boc-L-lysine,K,CN([*])[C@@H](CCCCNC(=O)OC(C)(C)C)C([*])=O |$;;_R1;;;;;;;;;;;;;;;_R2;$|,Backbone,2,ChEMBL,
Me_Lys(Me)2,methyl N-epsilon-Dimethyllysine,K,CN(C)CCCC[C@H](N(C)[*])C([*])=O |$;;;;;;;;;;_R1;;_R2;$|,Backbone,2,ChEMBL,
Me_Nal,methyl 3-naphthylalanine,F,CN([*])[C@@H](Cc1ccc2ccccc2c1)C([*])=O |$;;_R1;;;;;;;;;;;;;;_R2;$|,Backbone,2,ChEMBL,
Me_P,methyl Proline,P,CN1CCC[C@H]1C([*])=O |$;;;;;;;_R2;$|,Backbone,1,ChEMBL,
Me_Phg,methyl 2-phenylglycine,X,CN([*])[C@H](C([*])=O)c1ccccc1 |$;;_R1;;;_R2;;;;;;;$|,Backbone,2,ChEMBL,
Me_Sar,methyl sarcosine (N-methylglycine),G,CN(C)CC([*])=O |$;;;;;_R2;$|,Backbone,1,ChEMBL,
Me_Spg,methyl 1-amino-1-carboxycyclopentane,X,CN([*])C1(CCCC1)C([*])=O |$;;_R1;;;;;;;_R2;$|,Backbone,2,ChEMBL,
Me_Tic,"methyl 1,2,3,4-tetrahydro-3-isoquinolinecarboxylic acid",X,CN1Cc2ccccc2C[C@H]1C([*])=O |$;;;;;;;;;;;;_R2;$|,Backbone,1,ChEMBL,
Me_dC,methyl D-Cysteine,C,CN([*])[C@H](CS[*])C([*])=O |$;;_R1;;;;_R3;;_R2;$|,Backbone,3,ChEMBL,
Me_dCha,methyl D-2-Amino-3-cyclohexyl-propionic acid,X,CN[C@H](CC1CCCCC1)C([*])=O |$;;;;;;;;;;;_R2;$|,Backbone,1,ChEMBL,
Me_dH,methyl D-Histidine,H,CN([*])[C@H](Cc1cnc[nH]1)C([*])=O |$;;_R1;;;;;;;;;_R2;$|,Backbone,2,ChEMBL,
Me_dHcy,methyl D-homocysteine,X,CN([*])[C@H](CCS)C([*])=O |$;;_R1;;;;;;_R2;$|,Backbone,2,ChEMBL,
Me_dNal,methyl D-3-naphthylalanine,F,CN([*])[C@H](Cc1ccc2ccccc2c1)C([*])=O |$;;_R1;;;;;;;;;;;;;;_R2;$|,Backbone,2,ChEMBL,
Me_dOrn,methyl D-ornithine,X,CN([*])[C@H](CCCN)C([*])=O |$;;_R1;;;;;;;_R2;$|,Backbone,2,ChEMBL,
Me_dPhg,methyl D-2-phenylglycine,X,CN([*])[C@@H](C([*])=O)c1ccccc1 |$;;_R1;;;_R2;;;;;;;$|,Backbone,2,ChEMBL,
Me_dR,N-Methyl-D-Arginine,F,CN([*])[C@H](CCCNC(N)=N)C([*])=O |$;;_R1;;;;;;;;;;_R2;$|,Backbone,2,ChEMBL,
Me_dT,N-Methyl-D-Threonine,T,C[C@H](O)[C@@H](N(C)[*])C([*])=O |$;;;;;;_R1;;_R2;$|,Backbone,2,ChEMBL,
Me_dalloT,N-methyl-D-allo-Threonine,T,C[C@@H](O)[C@@H](N(C)[*])C([*])=O |$;;;;;;_R1;;_R2;$|,Backbone,2,ChEMBL,
Me_lalloI,N-methyl-L-allo-Isoleucine,I,CC[C@@H](C)[C@H](N(C)[*])C([*])=O |$;;;;;;;_R1;;_R2;$|,Backbone,2,ChEMBL,
Me_lalloT,N-methyl-L-allo-Threonine,T,C[C@H](O)[C@H](N(C)[*])C([*])=O |$;;;;;;_R1;;_R2;$|,Backbone,2,ChEMBL,
Me_meA,methyl N-Methyl-Alanine,A,C[C@H](N(C)C)C([*])=O |$;;;;;;_R2;$|,Backbone,1,ChEMBL,
Me_meF,methyl N-Methyl-Phenylalanine,F,CN(C)[C@@H](Cc1ccccc1)C([*])=O |$;;;;;;;;;;;;_R2;$|,Backbone,1,ChEMBL,
Me_meI,methyl N-Methyl-Isoleucine,I,CC[C@H](C)[C@H](N(C)C)C([*])=O |$;;;;;;;;;_R2;$|,Backbone,1,ChEMBL,
Me_meL,methyl N-Methyl-Leucine,L,CC(C)C[C@H](N(C)C)C([*])=O |$;;;;;;;;;_R2;$|,Backbone,1,ChEMBL,
Me_meNle,methyl N-Methyl-norleucine,X,CCCC[C@H](N(C)C)C([*])=O |$;;;;;;;;;_R2;$|,Backbone,1,ChEMBL,
Me_meR,methyl N-Methyl-Arginine,R,CN(C)[C@@H](CCCNC(N)=N)C([*])=O |$;;;;;;;;;;;;_R2;$|,Backbone,1,ChEMBL,
Me_meS,methyl N-Methyl-Serine,S,CN(C)[C@@H](CO)C([*])=O |$;;;;;;;_R2;$|,Backbone,1,ChEMBL,
Me_meT,methyl N-Methyl-Threonine,T,C[C@@H](O)[C@H](N(C)C)C([*])=O |$;;;;;;;;_R2;$|,Backbone,1,ChEMBL,
Me_meV,methyl N-Methyl-Valine,V,CC(C)[C@H](N(C)C)C([*])=O |$;;;;;;;;_R2;$|,Backbone,1,ChEMBL,
Me_meY,methyl N-Methyl-Tyrosine,Y,CN(C)[C@@H](Cc1ccc(O)cc1)C([*])=O |$;;;;;;;;;;;;;_R2;$|,Backbone,1,ChEMBL,
Nle_OMe,norleucine methyl ester,X,CCCC[C@H](N[*])C(=O)OC |$;;;;;;_R1;;;;$|,Backbone,1,ChEMBL,
Orn(Boc),N-delta-t.-Boc-L-ornithine,X,CC(C)(C)OC(=O)NCCC[C@H](N[*])C([*])=O |$;;;;;;;;;;;;;_R1;;_R2;$|,Backbone,2,ChEMBL,
P_MeO,(hydroxyacetyl)pyrrolidine,P,OCC(=O)[C@@H]1CCCN1[*] |$;;;;;;;;;_R1$|,Backbone,1,ChEMBL,
P_OBzl,L-Proline benzyl ester,P,[*]N1CCC[C@H]1C(=O)OCc1ccccc1 |$_R1;;;;;;;;;;;;;;;$|,Backbone,1,ChEMBL,
P_OMe,L-Proline methyl ester,P,COC(=O)[C@@H]1CCCN1[*] |$;;;;;;;;;_R1$|,Backbone,1,ChEMBL,
Pen,penicillamine (3-mercaptovaline),C,CC(C)(S[*])[C@H](N[*])C([*])=O |$;;;;_R3;;;_R1;;_R2;$|,Backbone,3,ChEMBL,
Pen_OMe,penicillamine (3-mercaptovaline) methyl ester,C,COC(=O)[C@@H](N[*])C(C)(C)S[*] |$;;;;;;_R1;;;;;_R3$|,Backbone,2,ChEMBL,
Phe(2-I),m-Iodophenylalanine,F,Ic1ccccc1C[C@H](N[*])C([*])=O |$;;;;;;;;;;_R1;;_R2;$|,Backbone,2,ChEMBL,
Phe(4-Me),p-Methylphenylalanine,F,Cc1ccc(C[C@H](N[*])C([*])=O)cc1 |$;;;;;;;;_R1;;_R2;;;$|,Backbone,2,ChEMBL,
Phe(4-NH2),p-Aminophenylalanine,F,Nc1ccc(C[C@H](N[*])C([*])=O)cc1 |$;;;;;;;;_R1;;_R2;;;$|,Backbone,2,ChEMBL,
Phg(3-Cl),3-Chlorophenylglycine,A,N[C@H](C([*])=O)c1cccc(Cl)c1 |$;;;_R2;;;;;;;;$|,Backbone,1,ChEMBL,
Phi,Perhydroindolic acid,P,[*]N1[C@H]2CCCC[C@H]2C[C@H]1C([*])=O |$_R1;;;;;;;;;;;_R2;$|,Backbone,2,ChEMBL,
R_Me,Arginine methyl,R,CC(=O)[C@H](CCCNC(N)=N)N[*] |$;;;;;;;;;;;;_R1$|,Backbone,1,ChEMBL,
R_MeCl,Arginine chloromethyl,R,NC(=N)NCCC[C@H](N[*])C(=O)CCl |$;;;;;;;;;_R1;;;;$|,Backbone,1,ChEMBL,
R_OBzl,Arginine benzyl ester,R,NC(=N)NCCC[C@H](N[*])C(=O)OCc1ccccc1 |$;;;;;;;;;_R1;;;;;;;;;;$|,Backbone,1,ChEMBL,
R_OMe,L-Arginine methyl ester,R,COC(=O)[C@H](CCCNC(N)=N)N[*] |$;;;;;;;;;;;;;_R1$|,Backbone,1,ChEMBL,
S_OBzl,Serine benzyl ester,S,OC[C@H](N[*])C(=O)OCc1ccccc1 |$;;;;_R1;;;;;;;;;;$|,Backbone,1,ChEMBL,
S_OMe,L-Serine methyl ester,S,COC(=O)[C@H](CO)N[*] |$;;;;;;;;_R1$|,Backbone,1,ChEMBL,
Spg_OMe,1-amino-1-carboxycyclopentane methyl ester,X,COC(=O)C1(CCCC1)N[*] |$;;;;;;;;;;_R1$|,Backbone,1,ChEMBL,
T_MeCl,Threonine chloromethyl,T,C[C@@H](O)[C@H](N[*])C(=O)CCl |$;;;;;_R1;;;;$|,Backbone,1,ChEMBL,
T_OBzl,L-Threonine benzyl ester,T,C[C@@H](O)[C@H](N[*])C(=O)OCc1ccccc1 |$;;;;;_R1;;;;;;;;;;$|,Backbone,1,ChEMBL,
Thi,3-thienylalanine,X,[*]N[C@@H](Cc1cccs1)C([*])=O |$_R1;;;;;;;;;;_R2;$|,Backbone,2,ChEMBL,
Thr(Bzl),O-Benzyl-L-threonine,T,C[C@@H](OCc1ccccc1)[C@H](N[*])C([*])=O |$;;;;;;;;;;;;_R1;;_R2;$|,Backbone,2,ChEMBL,
Tic,"1,2,3,4-tetrahydro-3-isoquinolinecarboxylic acid",X,[*]N1Cc2ccccc2C[C@H]1C([*])=O |$_R1;;;;;;;;;;;;_R2;$|,Backbone,2,ChEMBL,
Tml,epsilon-N-trimethyllysine,K,C[N+](C)(C)CCCC[C@H](N[*])C([*])=O |$;;;;;;;;;;_R1;;_R2;$|,Backbone,2,ChEMBL,
Tyr(Bzl),O-Benzyl-L-tyrosine,Y,[*]N[C@@H](Cc1ccc(OCc2ccccc2)cc1)C([*])=O |$_R1;;;;;;;;;;;;;;;;;;;_R2;$|,Backbone,2,ChEMBL,
Tyr(tBu),O-t.-Butyl-L-tyrosine,Y,CC(C)(C)Oc1ccc(C[C@H](N[*])C([*])=O)cc1 |$;;;;;;;;;;;;_R1;;_R2;;;$|,Backbone,2,ChEMBL,
V_Me,Valine methyl,V,CC(C)[C@H](N[*])C(C)=O |$;;;;;_R1;;;$|,Backbone,1,ChEMBL,
V_MeCl,Valine chloromethyl,V,CC(C)[C@H](N[*])C(=O)CCl |$;;;;;_R1;;;;$|,Backbone,1,ChEMBL,
V_OBzl,Valine benzyl ester,V,CC(C)[C@H](N[*])C(=O)OCc1ccccc1 |$;;;;;_R1;;;;;;;;;;$|,Backbone,1,ChEMBL,
V_OMe,L-Valine methyl ester,V,COC(=O)[C@@H](N[*])C(C)C |$;;;;;;_R1;;;$|,Backbone,1,ChEMBL,
W_OBzl,Tryptophan benzyl ester,W,[*]N[C@@H](Cc1c[nH]c2ccccc12)C(=O)OCc1ccccc1 |$_R1;;;;;;;;;;;;;;;;;;;;;;$|,Backbone,1,ChEMBL,
W_OMe,L-Tryptophan methyl ester,W,COC(=O)[C@H](Cc1c[nH]c2ccccc12)N[*] |$;;;;;;;;;;;;;;;;_R1$|,Backbone,1,ChEMBL,
Wil,"alpha-amino-2,4-dioxopyrimidinepropanoic acid",X,[*]N[C@@H](Cn1ccc(=O)[nH]c1=O)C([*])=O |$_R1;;;;;;;;;;;;;_R2;$|,Backbone,2,ChEMBL,
X1,X1,X,[*]NC1(CCCCC1)C([*])=O |$_R1;;;;;;;;;_R2;$|,Backbone,2,ChEMBL,
X10,X10,Y,Oc1ccc(C[C@H](NCC=C)C([*])=O)cc1 |$;;;;;;;;;;;;_R2;;;$|,Backbone,1,ChEMBL,
X100,X100,L,CC(C)C[C@@H](N[*])C=O |$;;;;;;_R1;;$|,Backbone,1,ChEMBL,
X1003,X1003,F,[*]C(=O)[C@H](Cc1ccccc1)N(CC=C)CC=C |$_R2;;;;;;;;;;;;;;;;;$|,Backbone,1,ChEMBL,
X1005,X1005,K,[*]N[C@H](CCCCNC1CCCCC1)C([*])=O |$_R1;;;;;;;;;;;;;;;_R2;$|,Backbone,2,ChEMBL,
X1006,X1006,K,[*]N[C@@H](CCCCNC1CCCCC1)C([*])=O |$_R1;;;;;;;;;;;;;;;_R2;$|,Backbone,2,ChEMBL,
X1007,X1007,F,CCOP(=O)(Cc1ccc(C[C@H](N[*])C([*])=O)cc1)OCC |$;;;;;;;;;;;;;_R1;;_R2;;;;;;$|,Backbone,2,ChEMBL,
X101,X101,X,[*]NC1(Cc2ccccc2C1)C([*])=O |$_R1;;;;;;;;;;;;_R2;$|,Backbone,2,ChEMBL,
X1010,X1010,V,FC(F)(F)C([C@H](N[*])C([*])=O)C(F)(F)F |$;;;;;;;_R1;;_R2;;;;;$|,Backbone,2,ChEMBL,
X1012,X1012,K,Cc1cc(C)c(CNCCCC[C@H](N[*])C([*])=O)c(C)c1 |$;;;;;;;;;;;;;;_R1;;_R2;;;;$|,Backbone,2,ChEMBL,
X1013,X1013,S,BrCCCCCCCC(=O)OC[C@H](N[*])C([*])=O |$;;;;;;;;;;;;;;_R1;;_R2;$|,Backbone,2,ChEMBL,
X1014,X1014,X,CC(=C)C[C@H](N[*])C([*])=O |$;;;;;;_R1;;_R2;$|,Backbone,2,ChEMBL,
X1015,X1015,X,[*]N[C@@H](Cc1cc[nH]c1)C([*])=O |$_R1;;;;;;;;;;_R2;$|,Backbone,2,ChEMBL,
X1017,X1017,P,Cc1ccccc1-c1cn(nn1)[C@H]1C[C@H](N([*])C1)C([*])=O |$;;;;;;;;;;;;;;;;_R1;;;_R2;$|,Backbone,2,ChEMBL,
X1018,X1018,X,C[n+]1cscc1C[C@H](N[*])C([*])=O |$;;;;;;;;;_R1;;_R2;$|,Backbone,2,ChEMBL,
X102,X102,X,NCCCCC[C@H]([N-][N+]#N)C([*])=O |$;;;;;;;;;;;_R2;$|,Backbone,1,ChEMBL,
X1020,X1020,P,NC(=N)N[C@H]1C[C@H](N([*])C1)C([*])=O |$;;;;;;;;_R1;;;_R2;$|,Backbone,2,ChEMBL,
X1021,X1021,R,Cc1ccc(cc1)S(=O)(=O)NC(=N)NCCC[C@H](N[*])C([*])=O |$;;;;;;;;;;;;;;;;;;;_R1;;_R2;$|,Backbone,2,ChEMBL,
X1022,X1022,X,[*]N[C@@H](CCCC=C)C([*])=O |$_R1;;;;;;;;;_R2;$|,Backbone,2,ChEMBL,
X1023,X1023,I,"CCCCCCCCCCCCCCCCCC(=O)OC[C@@H](COC(=O)[C@@H](N[*])[C@@H](C)CC)OC(=O)CCCC=CCC=CCC=CCC=CCCCCC |w:39.38,42.41,45.44,48.47,$;;;;;;;;;;;;;;;;;;;;;;;;;;;;_R1;;;;;;;;;;;;;;;;;;;;;;;;;;$|",Backbone,1,ChEMBL,
X1026,X1026,P,C[C@@H](O)[C@H](OC(=O)[C@@H]1CCCN1[*])C(O)=O |$;;;;;;;;;;;;_R1;;;$|,Backbone,1,ChEMBL,
X1027,X1027,Y,C[C@@H](Cc1c(C)cc(O)cc1C)C(=O)ON[C@@H](Cc1ccc(O)cc1)C([*])=O |$;;;;;;;;;;;;;;;;;;;;;;;;;;_R2;$|,Backbone,1,ChEMBL,
X1028,X1028,X,CN(C)CCCCC[C@H]([N-][N+]#N)C([*])=O |$;;;;;;;;;;;;;_R2;$|,Backbone,1,ChEMBL,
X1029,X1029,I,CCC[C@H](C)[C@H](N[*])C([*])=O |$;;;;;;;_R1;;_R2;$|,Backbone,2,ChEMBL,
X103,X103,X,[*]N[C@@H](CC=O)C([*])=O |$_R1;;;;;;;_R2;$|,Backbone,2,ChEMBL,
X1031,X1031,X,[*]C(=O)[C@@H]1CCCCN1C(=O)OCc1ccccc1 |$_R2;;;;;;;;;;;;;;;;;;$|,Backbone,1,ChEMBL,
X1032,X1032,H,CCCc1ncc(C[C@H](N[*])C([*])=O)[nH]1 |$;;;;;;;;;;_R1;;_R2;;$|,Backbone,2,ChEMBL,
X1033,X1033,X,CCC[C@H](NCCCC1CCCCC1)C([*])=O |$;;;;;;;;;;;;;;;_R2;$|,Backbone,1,ChEMBL,
X1034,X1034,F,COC(=O)[C@H](Cc1cccc(OC(=O)C(C)C)c1)N[*] |$;;;;;;;;;;;;;;;;;;;_R1$|,Backbone,1,ChEMBL,
X1035,X1035,F,C[C@](Cc1ccccc1)(N[*])C([*])=O |$;;;;;;;;;;_R1;;_R2;$|,Backbone,2,ChEMBL,
X1037,X1037,X,CC(C)N1C(=O)C[C@H](NC1=O)C([*])=O |$;;;;;;;;;;;;_R2;$|,Backbone,1,ChEMBL,
X1038,X1038,P,Nc1ccccc1-c1cn(nn1)[C@H]1C[C@H](N([*])C1)C([*])=O |$;;;;;;;;;;;;;;;;_R1;;;_R2;$|,Backbone,2,ChEMBL,
X1039,X1039,S,"COC(=O)[C@H](COC(=O)C=Cc1ccccc1)N[*] |w:9.8,$;;;;;;;;;;;;;;;;;;_R1$|",Backbone,1,ChEMBL,
X1040,X1040,R,"CNC(NCCC[C@H](N[*])C([*])=O)=NC |w:13.13,1.0,$;;;;;;;;;_R1;;_R2;;;$|",Backbone,2,ChEMBL,
X1041,X1041,G,NC(=N)NCC([*])=O |$;;;;;;_R2;$|,Backbone,1,ChEMBL,
X1042,X1042,V,CC(C)[C@H](NC(=O)Oc1ccccc1)C([*])=O |$;;;;;;;;;;;;;;;_R2;$|,Backbone,1,ChEMBL,
X1043,X1043,M,CCNC(=O)N[C@@H](CCSC)C([*])=O |$;;;;;;;;;;;;_R2;$|,Backbone,1,ChEMBL,
X1045,X1045,X,[*]N[C@@H](CCC#N)C=O |$_R1;;;;;;;;$|,Backbone,1,ChEMBL,
X1048,X1048,F,CCOC(=O)N[C@H](Cc1ccc(cc1)N(=O)=O)C([*])=O |$;;;;;;;;;;;;;;;;;;_R2;$|,Backbone,1,ChEMBL,
X1049,X1049,K,[*]N[C@@H](CCCCNCc1c[nH]c2ccccc12)C([*])=O |$_R1;;;;;;;;;;;;;;;;;;;_R2;$|,Backbone,2,ChEMBL,
X105,X105,L,CC(C)C[C@H](N[*])C(=O)[C@@]1(C)CO1 |$;;;;;;_R1;;;;;;$|,Backbone,1,ChEMBL,
X1050,X1050,P,COc1ccccc1-c1cn(nn1)[C@H]1C[C@H](N([*])C1)C([*])=O |$;;;;;;;;;;;;;;;;;_R1;;;_R2;$|,Backbone,2,ChEMBL,
X1051,X1051,X,FCCN1C(=O)C[C@H](NC1=O)C([*])=O |$;;;;;;;;;;;;_R2;$|,Backbone,1,ChEMBL,
X1053,X1053,V,C[C@H](CO)[C@H](N[*])C([*])=O |$;;;;;;_R1;;_R2;$|,Backbone,2,ChEMBL,
X1057,X1057,P,NC(=N)N[C@@H]1C[C@H](N([*])C1)C([*])=O |$;;;;;;;;_R1;;;_R2;$|,Backbone,2,ChEMBL,
X1058,X1058,K,FC(F)(F)S(=O)(=O)NCCCC[C@H](N[*])C([*])=O |$;;;;;;;;;;;;;;_R1;;_R2;$|,Backbone,2,ChEMBL,
X106,X106,F,"FC(F)(F)C1(N=N1)c1ccc(C[C@H](N[*])C([*])=O)cc1 |$;;;;;;;;;;;;;;_R1;;_R2;;;$,c:5|",Backbone,2,ChEMBL,
X1064,X1064,L,CC(C)C[C@H](NS(=O)(=O)CCN(C)C)C([*])=O |$;;;;;;;;;;;;;;;_R2;$|,Backbone,1,ChEMBL,
X1066,X1066,X,CC(=N)NCCC[C@@H](NC(=O)OC(C)(C)C)C([*])=O |$;;;;;;;;;;;;;;;;;_R2;$|,Backbone,1,ChEMBL,
X107,X107,V,CC(C)[C@H](N[*])C(=O)C(F)(F)F |$;;;;;_R1;;;;;;$|,Backbone,1,ChEMBL,
X1070,X1070,X,NC[C@H]1C[C@@](C1)(N[*])C([*])=O |$;;;;;;;_R1;;_R2;$|,Backbone,2,ChEMBL,
X1071,X1071,K,CC(C)(C)OC(=O)N[C@H](CCCCN)C([*])=O |$;;;;;;;;;;;;;;;_R2;$|,Backbone,1,ChEMBL,
X1073,X1073,T,OCC[C@H](O)[C@H](N[*])C([*])=O |$;;;;;;;_R1;;_R2;$|,Backbone,2,ChEMBL,
X1075,X1075,F,OC(=O)[C@H](Cc1ccccc1O)N[*] |$;;;;;;;;;;;;;_R1$|,Backbone,1,ChEMBL,
X1077,X1077,V,CC(C)[C@H](NC(=O)Nc1ccc(F)cc1)C([*])=O |$;;;;;;;;;;;;;;;;_R2;$|,Backbone,1,ChEMBL,
X1078,X1078,V,CC(C)[C@H](NS(=O)(=O)c1ccccc1)C([*])=O |$;;;;;;;;;;;;;;;_R2;$|,Backbone,1,ChEMBL,
X1079,X1079,H,[*]C(=O)[C@@H](Cc1cnc[nH]1)NC(=O)OCc1ccccc1 |$_R2;;;;;;;;;;;;;;;;;;;;$|,Backbone,1,ChEMBL,
X108,X108,V,CC(C)OC(=O)N[C@@H](C(C)C)C([*])=O |$;;;;;;;;;;;;_R2;$|,Backbone,1,ChEMBL,
X1080,X1080,K,NCCCC[C@H](NC(=S)Nc1ccc2c(c1)C(=O)OC21c2ccc(O)cc2Oc2cc(O)ccc12)C([*])=O |$;;;;;;;;;;;;;;;;;;;;;;;;;;;;;;;;;;;;_R2;$|,Backbone,1,ChEMBL,
X1081,X1081,P,CCCO[C@H]1C[C@H](N([*])C1)C([*])=O |$;;;;;;;;_R1;;;_R2;$|,Backbone,2,ChEMBL,
X1082,X1082,T,O[C@@H]([C@H](N[*])C([*])=O)c1ccccc1 |$;;;;_R1;;_R2;;;;;;;$|,Backbone,2,ChEMBL,
X1085,X1085,P,[*]C(=O)[C@H]1N[C@H](C[N-][N+]#N)C[C@@H]1C[N-][N+]#N |$_R2;;;;;;;;;;;;;;;$|,Backbone,1,ChEMBL,
X1086,X1086,F,CCCCNC(=O)N[C@@H](Cc1ccccc1)C([*])=O |$;;;;;;;;;;;;;;;;;_R2;$|,Backbone,1,ChEMBL,
X1088,X1088,P,CCCS[C@@H]1CCN([*])[C@H]1C([*])=O |$;;;;;;;;_R1;;;_R2;$|,Backbone,2,ChEMBL,
X1089,X1089,Y,COC(=O)[C@H](Cc1ccc(OC(=O)C=C(C)C)cc1)N[*] |$;;;;;;;;;;;;;;;;;;;;_R1$|,Backbone,1,ChEMBL,
X109,X109,V,CC(C)[C@H](N[*])C(=O)c1nc2ccccc2o1 |$;;;;;_R1;;;;;;;;;;;$|,Backbone,1,ChEMBL,
X1090,X1090,X,[*]C(=O)[C@@H]1CC(=O)N(CC=C)C(=O)N1 |$_R2;;;;;;;;;;;;;$|,Backbone,1,ChEMBL,
X1091,X1091,Y,OC(=O)[C@@H](Cc1ccc(O)c(O)c1)N[*] |$;;;;;;;;;;;;;;_R1$|,Backbone,1,ChEMBL,
X1093,X1093,V,CC(C)[C@H](N[*])C(=O)C(F)(F)CN |$;;;;;_R1;;;;;;;$|,Backbone,1,ChEMBL,
X1095,X1095,Y,NN[C@@H](Cc1ccc(ON)cc1)C([*])=O |$;;;;;;;;;;;;;_R2;$|,Backbone,1,ChEMBL,
X1096,X1096,X,[*]C(=O)[C@@H]1NCC[C@@H]2CCCC[C@H]12 |$_R2;;;;;;;;;;;;$|,Backbone,1,ChEMBL,
X1097,X1097,P,"COC1=CC(=O)N([C@H]1Cc1ccccc1)C(=O)[C@@H](OC(=O)[C@H]1CCCN1[*])C(C)C |$;;;;;;;;;;;;;;;;;;;;;;;;;;_R1;;;$,t:2|",Backbone,1,ChEMBL,
X1098,X1098,X,NCCCNCCC[C@H]([N-][N+]#N)C([*])=O |$;;;;;;;;;;;;;_R2;$|,Backbone,1,ChEMBL,
X1099,X1099,F,Cc1cc(C)c(C[C@H](N[*])C=O)c(C)c1 |$;;;;;;;;;_R1;;;;;$|,Backbone,1,ChEMBL,
X11,X11,X,"[*]N=C(Cc1ccccc1)C([*])=O |w:1.0,$_R1;;;;;;;;;;;_R2;$|",Backbone,2,ChEMBL,
X110,X110,A,C[C@@H](N[*])C(=O)C(F)(F)F |$;;;_R1;;;;;;$|,Backbone,1,ChEMBL,
X1102,X1102,F,CCOCCOCCNC(=O)Nc1ccc(C[C@H](N[*])C([*])=O)cc1 |$;;;;;;;;;;;;;;;;;;;_R1;;_R2;;;$|,Backbone,2,ChEMBL,
X1103,X1103,Y,Cc1cc(C[C@H](N[*])C([*])=O)cc(C)c1O |$;;;;;;;_R1;;_R2;;;;;;$|,Backbone,2,ChEMBL,
X1104,X1104,G,NN(CCCNC(N)=N)CC([*])=O |$;;;;;;;;;;;_R2;$|,Backbone,1,ChEMBL,
X1105,X1105,G,FC(F)(F)C(=O)CN[*] |$;;;;;;;;_R1$|,Backbone,1,ChEMBL,
X1106,X1106,H,[*]C(=O)[C@H](Cc1cnc[nH]1)Nc1c(cc(cc1N(=O)=O)N(=O)=O)N(=O)=O |$_R2;;;;;;;;;;;;;;;;;;;;;;;;;$|,Backbone,1,ChEMBL,
X1107,X1107,M,CSCC[C@H](NC(=O)NCC(C)C)C([*])=O |$;;;;;;;;;;;;;;_R2;$|,Backbone,1,ChEMBL,
X1108,X1108,Y,Oc1ccc(C[C@H](Nc2ccc(cc2)-c2ccccc2)C([*])=O)cc1 |$;;;;;;;;;;;;;;;;;;;;;_R2;;;$|,Backbone,1,ChEMBL,
X1109,X1109,P,CS[C@@H]1CCN([*])[C@@H]1C([*])=O |$;;;;;;_R1;;;_R2;$|,Backbone,2,ChEMBL,
X111,X111,X,CN(C)CCC[C@H](N[*])C([*])=O |$;;;;;;;;_R1;;_R2;$|,Backbone,2,ChEMBL,
X1111,X1111,X,CC[C@H](NC[C@@H](N)CS)C([*])=O |$;;;;;;;;;;_R2;$|,Backbone,1,ChEMBL,
X1112,X1112,F,CCN[C@@H](Cc1ccccc1)C([*])=O |$;;;;;;;;;;;;_R2;$|,Backbone,1,ChEMBL,
X1113,X1113,X,"[*]N1CC=CC[C@@H]1C([*])=O |$_R1;;;;;;;;_R2;$,c:3|",Backbone,2,ChEMBL,
X1114,X1114,X,CCOC(=O)[C@@H](CCCc1ccccc1)N[*] |$;;;;;;;;;;;;;;;;_R1$|,Backbone,1,ChEMBL,
X1115,X1115,X,CC(C)OC(=O)[C@H](CCc1ccccc1)N[*] |$;;;;;;;;;;;;;;;;_R1$|,Backbone,1,ChEMBL,
X1116,X1116,S,OC[C@H](NCCCC(O)=O)C([*])=O |$;;;;;;;;;;;_R2;$|,Backbone,1,ChEMBL,
X1118,X1118,F,CC(=O)O[C@@H]([C@H](N[*])C(O)=O)c1ccccc1 |$;;;;;;;_R1;;;;;;;;;$|,Backbone,1,ChEMBL,
X1119,X1119,W,Oc1ccc2[nH]cc(C[C@H](N[*])C([*])=O)c2c1 |$;;;;;;;;;;;_R1;;_R2;;;$|,Backbone,2,ChEMBL,
X112,X112,K,NCCCC[C@H](N[*])C=O |$;;;;;;;_R1;;$|,Backbone,1,ChEMBL,
X1120,X1120,H,CC(C)c1ncc(C[C@H](N[*])C([*])=O)[nH]1 |$;;;;;;;;;;_R1;;_R2;;$|,Backbone,2,ChEMBL,
X1121,X1121,K,CCNCCCC[C@H](N[*])C([*])=O |$;;;;;;;;;_R1;;_R2;$|,Backbone,2,ChEMBL,
X1122,X1122,G,Cc1ccc(CNCC([*])=O)cc1 |$;;;;;;;;;_R2;;;$|,Backbone,1,ChEMBL,
X1123,X1123,X,[*]N[C@H](C([*])=O)c1cccnc1 |$_R1;;;;_R2;;;;;;;$|,Backbone,2,ChEMBL,
X1124,X1124,F,[*]N[C@H](Cc1ccc(cc1)N(=O)=O)C([*])=O |$_R1;;;;;;;;;;;;;;_R2;$|,Backbone,2,ChEMBL,
X1125,X1125,K,FC(F)(F)c1ccc(CNCCCC[C@H](N[*])C([*])=O)cc1 |$;;;;;;;;;;;;;;;;_R1;;_R2;;;$|,Backbone,2,ChEMBL,
X1126,X1126,K,NCCCC[C@H](NC(=O)OCc1ccccc1N(=O)=O)C([*])=O |$;;;;;;;;;;;;;;;;;;;;;_R2;$|,Backbone,1,ChEMBL,
X1127,X1127,Y,COc1ccc(C[C@@H](N[*])C([*])=O)cc1 |$;;;;;;;;;_R1;;_R2;;;$|,Backbone,2,ChEMBL,
X1128,X1128,F,[*]C(=O)[C@H](Cc1ccc2ccccc2c1)NC(=O)OCC1c2ccccc2-c2ccccc12 |$_R2;;;;;;;;;;;;;;;;;;;;;;;;;;;;;;;;$|,Backbone,1,ChEMBL,
X1129,X1129,K,CC(C)NCCCC[C@@H](N[*])C([*])=O |$;;;;;;;;;;_R1;;_R2;$|,Backbone,2,ChEMBL,
X113,X113,X,ClC[C@H](N[*])C([*])=O |$;;;;_R1;;_R2;$|,Backbone,2,ChEMBL,
X1131,X1131,F,CCN(CC)[C@@H](Cc1ccccc1)C([*])=O |$;;;;;;;;;;;;;;_R2;$|,Backbone,1,ChEMBL,
X1133,X1133,G,OP(O)(=O)CC(=O)CN[*] |$;;;;;;;;;_R1$|,Backbone,1,ChEMBL,
X1136,X1136,X,CNCCC[C@H]([N-][N+]#N)C([*])=O |$;;;;;;;;;;_R2;$|,Backbone,1,ChEMBL,
X1138,X1138,E,CC(C)(C)OC(=O)CC[C@@H](N[*])C=O |$;;;;;;;;;;;_R1;;$|,Backbone,1,ChEMBL,
X114,X114,F,[*]N[C@@H](Cc1ccc(cc1)-c1ccccc1)C([*])=O |$_R1;;;;;;;;;;;;;;;;;_R2;$|,Backbone,2,ChEMBL,
X1140,X1140,V,CC(C)[C@H](N[*])C(=O)c1ccccn1 |$;;;;;_R1;;;;;;;;$|,Backbone,1,ChEMBL,
X1147,X1147,G,OC(=O)CCC(=O)CN[*] |$;;;;;;;;;_R1$|,Backbone,1,ChEMBL,
X1149,X1149,F,N[C@@H](Cc1ccc2nc(N)sc2c1)C([*])=O |$;;;;;;;;;;;;;;_R2;$|,Backbone,1,ChEMBL,
X115,X115,H,[*]N[C@H](Cc1cn(Cc2ccccc2)cn1)C([*])=O |$_R1;;;;;;;;;;;;;;;;;_R2;$|,Backbone,2,ChEMBL,
X1152,X1152,F,[*]N[C@H](Cc1ccc(NC(=S)c2ccccc2)cc1)C([*])=O |$_R1;;;;;;;;;;;;;;;;;;;;_R2;$|,Backbone,2,ChEMBL,
X1153,X1153,X,[*]N[C@]1(CCc2ccccc2C1)C([*])=O |$_R1;;;;;;;;;;;;;_R2;$|,Backbone,2,ChEMBL,
X1154,X1154,X,[*]C(=O)[C@@H]1CC(=O)NC(=O)N1Cc1ccccc1 |$_R2;;;;;;;;;;;;;;;;;$|,Backbone,1,ChEMBL,
X1156,X1156,D,OC(=O)C[C@H](N[*])C(=O)C1CCCCC1 |$;;;;;;_R1;;;;;;;;$|,Backbone,1,ChEMBL,
X1157,X1157,P,[*]N1C[C@@H](C[C@H]1C([*])=O)Oc1cccc2ccccc12 |$_R1;;;;;;;_R2;;;;;;;;;;;;$|,Backbone,2,ChEMBL,
X1159,X1159,X,CC(C)[C@H](N[*])C(O)c1ncco1 |$;;;;;_R1;;;;;;;$|,Backbone,1,ChEMBL,
X116,X116,D,OC(=O)C[C@H](N[*])C=O |$;;;;;;_R1;;$|,Backbone,1,ChEMBL,
X1160,X1160,X,CNCCCCC[C@H]([N-][N+]#N)C([*])=O |$;;;;;;;;;;;;_R2;$|,Backbone,1,ChEMBL,
X1161,X1161,A,C[C@H](NS(=O)(=O)c1cccc2c(cccc12)N(C)C)C([*])=O |$;;;;;;;;;;;;;;;;;;;;_R2;$|,Backbone,1,ChEMBL,
X1162,X1162,X,OC(=O)[C@@H](CC(F)F)N[*] |$;;;;;;;;;_R1$|,Backbone,1,ChEMBL,
X1163,X1163,V,CC(C)[C@H](N[*])C(=O)c1ncco1 |$;;;;;_R1;;;;;;;$|,Backbone,1,ChEMBL,
X1164,X1164,F,OC(=O)Cc1ccc(C[C@H](N[*])C([*])=O)cc1 |$;;;;;;;;;;;_R1;;_R2;;;$|,Backbone,2,ChEMBL,
X1165,X1165,X,Oc1ccc2CN([*])[C@H](Cc2c1)C([*])=O |$;;;;;;;_R1;;;;;;_R2;$|,Backbone,2,ChEMBL,
X1166,X1166,E,OC(=O)CC[C@H](NC(=O)OCc1ccccc1)C([*])=O |$;;;;;;;;;;;;;;;;;;_R2;$|,Backbone,1,ChEMBL,
X1169,X1169,Y,CCC[C@@H](CN[C@@H](Cc1ccc(O)cc1)C([*])=O)C(O)=O |$;;;;;;;;;;;;;;;;_R2;;;;$|,Backbone,1,ChEMBL,
X117,X117,G,[*]NCC=O |$_R1;;;;$|,Backbone,1,ChEMBL,
X1170,X1170,S,[*]N[C@@H](COc1ccc(cc1)N(=O)=O)C([*])=O |$_R1;;;;;;;;;;;;;;;_R2;$|,Backbone,2,ChEMBL,
X1171,X1171,G,C[N+](C)(C)CC([*])=O |$;;;;;;_R2;$|,Backbone,1,ChEMBL,
X1172,X1172,K,CCC(CC)NCCCC[C@H](N[*])C([*])=O |$;;;;;;;;;;;;_R1;;_R2;$|,Backbone,2,ChEMBL,
X1173,X1173,F,[*]N[C@H](Cc1ccc(NC(=S)Cc2ccccc2)cc1)C([*])=O |$_R1;;;;;;;;;;;;;;;;;;;;;_R2;$|,Backbone,2,ChEMBL,
X1174,X1174,G,N[C@@H](CNCC([*])=O)Cc1ccccc1 |$;;;;;;_R2;;;;;;;;$|,Backbone,1,ChEMBL,
X1177,X1177,P,[*]N1C[C@@H](C[C@H]1C([*])=O)OCc1ccc2ccccc2c1 |$_R1;;;;;;;_R2;;;;;;;;;;;;;$|,Backbone,2,ChEMBL,
X1178,X1178,X,CC(C)(C)OC(=O)N[C@@H](CCCN)C([*])=O |$;;;;;;;;;;;;;;_R2;$|,Backbone,1,ChEMBL,
X1179,X1179,R,NC(=N)NCCC[C@@H](N[*])C=O |$;;;;;;;;;_R1;;$|,Backbone,1,ChEMBL,
X118,X118,F,[*]N[C@@H](Cc1ccccc1)C=O |$_R1;;;;;;;;;;;$|,Backbone,1,ChEMBL,
X1180,X1180,Y,Oc1ccc(C[C@H](N[*])C([*])=O)cc1Cl |$;;;;;;;;_R1;;_R2;;;;$|,Backbone,2,ChEMBL,
X1181,X1181,L,CC(C)(C)C[C@@H](N[*])C([*])=O |$;;;;;;;_R1;;_R2;$|,Backbone,2,ChEMBL,
X1184,X1184,G,FCCCCN([*])CC([*])=O |$;;;;;;_R1;;;_R2;$|,Backbone,2,ChEMBL,
X1185,X1185,P,COc1ccc(cc1)-c1cn(nn1)[C@H]1C[C@H](N([*])C1)C([*])=O |$;;;;;;;;;;;;;;;;;_R1;;;_R2;$|,Backbone,2,ChEMBL,
X1186,X1186,F,Cc1cccc(C[C@H](N[*])C([*])=O)c1 |$;;;;;;;;;_R1;;_R2;;$|,Backbone,2,ChEMBL,
X1187,X1187,P,Cc1ccc(cc1)-c1cn(nn1)[C@H]1C[C@H](N([*])C1)C([*])=O |$;;;;;;;;;;;;;;;;_R1;;;_R2;$|,Backbone,2,ChEMBL,
X1188,X1188,P,[*]N1C[C@@H](C[C@H]1C([*])=O)n1cc(nn1)-c1ccccc1 |$_R1;;;;;;;_R2;;;;;;;;;;;;$|,Backbone,2,ChEMBL,
X1189,X1189,K,[*]N[C@H](CCCCN(N=C=S)N=C=S)C([*])=O |$_R1;;;;;;;;;;;;;;;_R2;$|,Backbone,2,ChEMBL,
X119,X119,X,CCCC[C@H](N[*])C(=O)c1nc2ccccc2s1 |$;;;;;;_R1;;;;;;;;;;;$|,Backbone,1,ChEMBL,
X1190,X1190,P,[*]N1C[C@H](C[C@H]1C([*])=O)n1cc(nn1)-c1ccc(CCc2ccccc2)cc1 |$_R1;;;;;;;_R2;;;;;;;;;;;;;;;;;;;;$|,Backbone,2,ChEMBL,
X1191,X1191,F,OC(=O)N[C@@H](Cc1ccc(cc1)S(O)(=O)=O)C([*])=O |$;;;;;;;;;;;;;;;;;_R2;$|,Backbone,1,ChEMBL,
X1192,X1192,H,[*]N[C@@H](Cc1cnc([nH]1)C1CC1)C([*])=O |$_R1;;;;;;;;;;;;;_R2;$|,Backbone,2,ChEMBL,
X1193,X1193,E,OC(=O)CC[C@H](NCCc1ccc2ccccc2c1)C([*])=O |$;;;;;;;;;;;;;;;;;;;;_R2;$|,Backbone,1,ChEMBL,
X1194,X1194,E,OC(=O)CC[C@H](NCCCCc1ccc2ccc3cccc4ccc1c2c34)C([*])=O |$;;;;;;;;;;;;;;;;;;;;;;;;;;;;_R2;$|,Backbone,1,ChEMBL,
X1196,X1196,X,CCC(=O)CCCCC[C@H](N[*])C([*])=O |$;;;;;;;;;;;_R1;;_R2;$|,Backbone,2,ChEMBL,
X1197,X1197,W,COn1cc(C[C@H](N[*])C([*])=O)c2ccccc12 |$;;;;;;;;_R1;;_R2;;;;;;;$|,Backbone,2,ChEMBL,
X1199,X1199,M,CSCC[C@@H](N[*])C=O |$;;;;;;_R1;;$|,Backbone,1,ChEMBL,
X12,X12,K,NCCCC[C@H](N)CN[C@@H](CCCCN)C([*])=O |$;;;;;;;;;;;;;;;;_R2;$|,Backbone,1,ChEMBL,
X120,X120,R,NC(=N)NCCC[C@H](N[*])C=O |$;;;;;;;;;_R1;;$|,Backbone,1,ChEMBL,
X1202,X1202,X,BrCC(=O)N(CCC[C@@H](N[*])C([*])=O)C(=O)CBr |$;;;;;;;;;;_R1;;_R2;;;;;$|,Backbone,2,ChEMBL,
X1203,X1203,P,"COc1ccc(C=NO[C@@H]2C[C@H](N([*])C2)C([*])=O)cc1OC |w:7.7,$;;;;;;;;;;;;;_R1;;;_R2;;;;;$|",Backbone,2,ChEMBL,
X1206,X1206,X,[*]N[C@H](CCCc1ccccc1)C([*])=O |$_R1;;;;;;;;;;;;;_R2;$|,Backbone,2,ChEMBL,
X1207,X1207,K,NC(=O)NCCCC[C@@H](N[*])C([*])=O |$;;;;;;;;;;_R1;;_R2;$|,Backbone,2,ChEMBL,
X1208,X1208,T,CC[C@@H](O)[C@H](N[*])C([*])=O |$;;;;;;_R1;;_R2;$|,Backbone,2,ChEMBL,
X1209,X1209,L,CC(C)C[C@H](NCCCCCCCCC(C)=O)C([*])=O |$;;;;;;;;;;;;;;;;;;_R2;$|,Backbone,1,ChEMBL,
X121,X121,X,[*]NC1(CCCCCC1)C([*])=O |$_R1;;;;;;;;;;_R2;$|,Backbone,2,ChEMBL,
X1210,X1210,G,[*]C(=O)CNCCCN1CCCC1=O |$_R2;;;;;;;;;;;;;$|,Backbone,1,ChEMBL,
X1211,X1211,F,CC(C)(C)c1ccc(C[C@@H](N[*])C([*])=O)cc1 |$;;;;;;;;;;;_R1;;_R2;;;$|,Backbone,2,ChEMBL,
X1212,X1212,W,C[C@H]([C@H](N[*])C([*])=O)c1c[nH]c2ccccc12 |$;;;;_R1;;_R2;;;;;;;;;;$|,Backbone,2,ChEMBL,
X1213,X1213,Y,CCOc1ccc(C[C@@H](N[*])C([*])=O)cc1 |$;;;;;;;;;;_R1;;_R2;;;$|,Backbone,2,ChEMBL,
X1214,X1214,G,[*]N(CC([*])=O)S(=O)(=O)c1ccc(cc1)-c1ccccc1 |$_R1;;;;_R2;;;;;;;;;;;;;;;;$|,Backbone,2,ChEMBL,
X1215,X1215,A,C[C@H](N(C(C)=O)C(=O)CCCCCN)C([*])=O |$;;;;;;;;;;;;;;;_R2;$|,Backbone,1,ChEMBL,
X1216,X1216,R,NC(=N)NCCC[C@@H](NC(=O)OCc1ccccc1)C([*])=O |$;;;;;;;;;;;;;;;;;;;;_R2;$|,Backbone,1,ChEMBL,
X1217,X1217,X,NC(=N)NC[C@H]1C[C@@](C1)(N[*])C(O)=O |$;;;;;;;;;;_R1;;;$|,Backbone,1,ChEMBL,
X1220,X1220,D,OC(=O)C[C@H](N[*])C(=O)COc1ccccc1 |$;;;;;;_R1;;;;;;;;;;$|,Backbone,1,ChEMBL,
X1221,X1221,E,CCN[C@@H](CCC(O)=O)C([*])=O |$;;;;;;;;;;_R2;$|,Backbone,1,ChEMBL,
X1222,X1222,E,OC(=O)CC[C@H](NCCc1ccc(F)c(F)c1)C([*])=O |$;;;;;;;;;;;;;;;;;;_R2;$|,Backbone,1,ChEMBL,
X1223,X1223,V,FC(F)(F)C([C@H](N[*])C(=O)OCc1ccccc1)C(F)(F)F |$;;;;;;;_R1;;;;;;;;;;;;;;$|,Backbone,1,ChEMBL,
X1225,X1225,K,CCN(CC)C(=N)NCCCC[C@@H](N[*])C([*])=O |$;;;;;;;;;;;;;;_R1;;_R2;$|,Backbone,2,ChEMBL,
X1226,X1226,K,CCN(CC)C(=N)NCCCC[C@H](N[*])C([*])=O |$;;;;;;;;;;;;;;_R1;;_R2;$|,Backbone,2,ChEMBL,
X1227,X1227,P,O[C@@H]1CCN([*])[C@@H]1C([*])=O |$;;;;;_R1;;;_R2;$|,Backbone,2,ChEMBL,
X1228,X1228,K,CC(C)(C)OC(=O)N[C@H](CCCCNC(N)=N)C([*])=O |$;;;;;;;;;;;;;;;;;;_R2;$|,Backbone,1,ChEMBL,
X123,X123,S,CCCCCCCC(=O)OC[C@H](N[*])C([*])=O |$;;;;;;;;;;;;;_R1;;_R2;$|,Backbone,2,ChEMBL,
X1230,X1230,X,[*]C(=O)[C@@H]1C[C@@H]2CCCC[C@@H]2CN1 |$_R2;;;;;;;;;;;;$|,Backbone,1,ChEMBL,
X1231,X1231,X,C[C@@H]1[C@@H](N([*])Cc2ccccc12)C([*])=O |$;;;;_R1;;;;;;;;;_R2;$|,Backbone,2,ChEMBL,
X1232,X1232,Y,C[C@@H]([C@@H](N)C([*])=O)c1ccc(O)cc1 |$;;;;;_R2;;;;;;;;$|,Backbone,1,ChEMBL,
X1234,X1234,T,CC(C)(O)[C@H](O)[C@H](N[*])C([*])=O |$;;;;;;;;_R1;;_R2;$|,Backbone,2,ChEMBL,
X1237,X1237,D,OC(=O)C[C@H](N[*])C(=O)c1ccccn1 |$;;;;;;_R1;;;;;;;;$|,Backbone,1,ChEMBL,
X1240,X1240,K,"CC(C)NC(NCCCC[C@@H](N[*])C([*])=O)=NC(C)C |w:16.16,$;;;;;;;;;;;;_R1;;_R2;;;;;$|",Backbone,2,ChEMBL,
X1241,X1241,H,[*]N[C@H](Cc1cnc(Cc2ccccc2)[nH]1)C([*])=O |$_R1;;;;;;;;;;;;;;;;;_R2;$|,Backbone,2,ChEMBL,
X1242,X1242,W,[*]N[C@H](Cc1c[nH]c2cc(ccc12)N(=O)=O)C([*])=O |$_R1;;;;;;;;;;;;;;;;;_R2;$|,Backbone,2,ChEMBL,
X1243,X1243,X,[*]N[C@@H](Cc1cn[nH]c1)C([*])=O |$_R1;;;;;;;;;;_R2;$|,Backbone,2,ChEMBL,
X1245,X1245,F,COC(=O)[C@](C)(Cc1ccccc1)N[*] |$;;;;;;;;;;;;;;_R1$|,Backbone,1,ChEMBL,
X1248,X1248,D,C[C@@H](CC(=O)[C@H](CC(O)=O)N[*])C(O)=O |$;;;;;;;;;;;_R1;;;$|,Backbone,1,ChEMBL,
X1249,X1249,F,C[C@H]([C@@H](N[*])C([*])=O)c1c(C)cccc1C |$;;;;_R1;;_R2;;;;;;;;;$|,Backbone,2,ChEMBL,
X1250,X1250,Y,COc1cc(C[C@@H](N[*])C([*])=O)cc(OC)c1OC |$;;;;;;;;_R1;;_R2;;;;;;;;$|,Backbone,2,ChEMBL,
X1251,X1251,X,NCCC[C@H](N[*])C=O |$;;;;;;_R1;;$|,Backbone,1,ChEMBL,
X1252,X1252,Y,Cc1cc(O)c(C)c(C)c1C[C@H](N)C([*])=O |$;;;;;;;;;;;;;;_R2;$|,Backbone,1,ChEMBL,
X1253,X1253,X,[*]N1[C@H](Cc2ccccc12)C([*])=O |$_R1;;;;;;;;;;;_R2;$|,Backbone,2,ChEMBL,
X1254,X1254,I,CC[C@H](C)[C@@H](N[*])C(=O)O[C@H]([C@H](O)CO)[C@H](O)[C@H](O)CO |$;;;;;;_R1;;;;;;;;;;;;;;$|,Backbone,1,ChEMBL,
X1257,X1257,G,[*]N(CC([*])=O)C1CCCC1 |$_R1;;;;_R2;;;;;;$|,Backbone,2,ChEMBL,
X126,X126,X,[*]N[C@@H](S[*])C([*])=O |$_R1;;;;_R3;;_R2;$|,Backbone,3,ChEMBL,
X1261,X1261,S,COC(=O)[C@H](COC(=O)c1ccc(Cl)cc1)N[*] |$;;;;;;;;;;;;;;;;;_R1$|,Backbone,1,ChEMBL,
X1262,X1262,G,Oc1ccc(CCCNCC([*])=O)cc1 |$;;;;;;;;;;;_R2;;;$|,Backbone,1,ChEMBL,
X1264,X1264,T,C[C@@H](OC(C)(C)C)[C@@H](N[*])C([*])=O |$;;;;;;;;;_R1;;_R2;$|,Backbone,2,ChEMBL,
X1266,X1266,K,CN(C)C(=O)NCCCC[C@H](N[*])C([*])=O |$;;;;;;;;;;;;_R1;;_R2;$|,Backbone,2,ChEMBL,
X127,X127,Y,OP(O)(=O)Oc1ccc(C[C@H](N[*])C([*])=O)cc1 |$;;;;;;;;;;;;_R1;;_R2;;;$|,Backbone,2,ChEMBL,
X1273,X1273,K,CC(C)CC(=S)NCCCC[C@H](N[*])C([*])=O |$;;;;;;;;;;;;;_R1;;_R2;$|,Backbone,2,ChEMBL,
X1276,X1276,G,C[C@@H](N([*])CC([*])=O)c1ccccc1 |$;;;_R1;;;_R2;;;;;;;$|,Backbone,2,ChEMBL,
X1277,X1277,X,CCN1C(=O)c2cccc3c(ccc(C1=O)c23)-n1cc(C[C@H](N[*])C([*])=O)nn1 |$;;;;;;;;;;;;;;;;;;;;;;;_R1;;_R2;;;$|,Backbone,2,ChEMBL,
X1278,X1278,X,Cc1cc(=O)[nH]c2cc(ccc12)-n1cc(C[C@H](N[*])C([*])=O)nn1 |$;;;;;;;;;;;;;;;;;;_R1;;_R2;;;$|,Backbone,2,ChEMBL,
X1279,X1279,X,[*]N[C@@H](Cc1cn(nn1)-c1cccc2ccccc12)C([*])=O |$_R1;;;;;;;;;;;;;;;;;;;;_R2;$|,Backbone,2,ChEMBL,
X128,X128,X,[*]N[C@@H]([C@@H]1CCc2ccccc12)C([*])=O |$_R1;;;;;;;;;;;;;_R2;$|,Backbone,2,ChEMBL,
X1282,X1282,X,[*]N[C@H](CCCN(N=C=S)N=C=S)C([*])=O |$_R1;;;;;;;;;;;;;;_R2;$|,Backbone,2,ChEMBL,
X1283,X1283,G,CN(C[C@@H](N)Cc1ccccc1)CC([*])=O |$;;;;;;;;;;;;;;_R2;$|,Backbone,1,ChEMBL,
X1284,X1284,G,CC(C)(C)OC(=O)N(CC=C)CC([*])=O |$;;;;;;;;;;;;;_R2;$|,Backbone,1,ChEMBL,
X1285,X1285,S,OC[C@H](NCCCCCC[N-][N+]#N)C([*])=O |$;;;;;;;;;;;;;;_R2;$|,Backbone,1,ChEMBL,
X1289,X1289,V,CCN(C(=O)N[C@@H](C(C)C)C([*])=O)c1ccccc1 |$;;;;;;;;;;;_R2;;;;;;;$|,Backbone,1,ChEMBL,
X129,X129,P,FC(F)(F)[C@]1(CCCN1)C([*])=O |$;;;;;;;;;;_R2;$|,Backbone,1,ChEMBL,
X1290,X1290,G,[*]C(=O)CN(Cc1ccco1)C(=C)CNCC#C |$_R2;;;;;;;;;;;;;;;;;$|,Backbone,1,ChEMBL,
X1294,X1294,F,Brc1ccccc1C[C@H](N[*])C([*])=O |$;;;;;;;;;;_R1;;_R2;$|,Backbone,2,ChEMBL,
X1295,X1295,R,NC(=N)NCCC[C@H](N[*])C(=O)c1nc2ccccc2s1 |$;;;;;;;;;_R1;;;;;;;;;;;$|,Backbone,1,ChEMBL,
X1296,X1296,K,[NH3+]CCCC[C@H](N[*])C([*])=O |$;;;;;;;_R1;;_R2;$|,Backbone,2,ChEMBL,
X1298,X1298,X,NCCC[C@H](N[*])C(=O)c1nc2ccccc2s1 |$;;;;;;_R1;;;;;;;;;;;$|,Backbone,1,ChEMBL,
X1299,X1299,F,COC(=O)[C@@H](N[*])C(c1ccccc1)c1ccccc1 |$;;;;;;_R1;;;;;;;;;;;;;$|,Backbone,1,ChEMBL,
X13,X13,X,C[C@@H]1C[C@]1(N[*])C(O)=O |$;;;;;_R1;;;$|,Backbone,1,ChEMBL,
X130,X130,X,[*]N[C@H]1CCCNC1=O |$_R1;;;;;;;;$|,Backbone,1,ChEMBL,
X1300,X1300,R,CN(C)C(=N)NCCC[C@H](N[*])C([*])=O |$;;;;;;;;;;;_R1;;_R2;$|,Backbone,2,ChEMBL,
X1301,X1301,X,CNC(=N)NCC[C@H](N[*])C([*])=O |$;;;;;;;;;_R1;;_R2;$|,Backbone,2,ChEMBL,
X1302,X1302,G,OC(=O)COC(=O)CN[*] |$;;;;;;;;;_R1$|,Backbone,1,ChEMBL,
X1303,X1303,P,NOC(=O)[C@@H]1CCCN1[*] |$;;;;;;;;;_R1$|,Backbone,1,ChEMBL,
X1304,X1304,X,[*]C(=O)[C@H](CCCNCc1ccc(cc1)N(=O)=O)NCc1ccccc1 |$_R2;;;;;;;;;;;;;;;;;;;;;;;;;$|,Backbone,1,ChEMBL,
X1305,X1305,X,CC(C)(C)OC(=O)N[C@H](C([*])=O)c1ccc(F)cc1 |$;;;;;;;;;;_R2;;;;;;;;$|,Backbone,1,ChEMBL,
X1306,X1306,X,CC(C)(C)OC(=O)N[C@@H](C([*])=O)c1ccsc1 |$;;;;;;;;;;_R2;;;;;;$|,Backbone,1,ChEMBL,
X1307,X1307,W,Fc1ccc2c(C[C@H](N[*])C([*])=O)c[nH]c2c1 |$;;;;;;;;;_R1;;_R2;;;;;$|,Backbone,2,ChEMBL,
X1308,X1308,X,[*]C(=O)[C@@H]1CSC(=O)N1 |$_R2;;;;;;;;$|,Backbone,1,ChEMBL,
X1309,X1309,X,CC[C@H](N[*])C(=O)C(=O)CC |$;;;;_R1;;;;;;$|,Backbone,1,ChEMBL,
X131,X131,X,[*]N[C@H]1CCCCNC1=O |$_R1;;;;;;;;;$|,Backbone,1,ChEMBL,
X1310,X1310,E,OC(=O)CC[C@H]([N-][N+]#N)C([*])=O |$;;;;;;;;;;_R2;$|,Backbone,1,ChEMBL,
X1312,X1312,Y,Oc1c(F)c(F)c(C[C@H](N[*])C([*])=O)c(F)c1F |$;;;;;;;;;;_R1;;_R2;;;;;$|,Backbone,2,ChEMBL,
X1313,X1313,D,[*]N[C@@H](CC(=O)OCc1ccccc1N(=O)=O)C([*])=O |$_R1;;;;;;;;;;;;;;;;;;_R2;$|,Backbone,2,ChEMBL,
X1314,X1314,E,[*]N[C@@H](CCC(=O)OCc1ccccc1N(=O)=O)C([*])=O |$_R1;;;;;;;;;;;;;;;;;;;_R2;$|,Backbone,2,ChEMBL,
X1315,X1315,X,COC(=O)C1(CC1)N[*] |$;;;;;;;;_R1$|,Backbone,1,ChEMBL,
X1318,X1318,F,C[C@@H]([C@@H](N[*])C([*])=O)c1ccccc1 |$;;;;_R1;;_R2;;;;;;;$|,Backbone,2,ChEMBL,
X132,X132,X,CN(C)c1cccc2c(cccc12)S(=O)(=O)NCCn1cc(C[C@H](N[*])C([*])=O)nn1 |$;;;;;;;;;;;;;;;;;;;;;;;;;_R1;;_R2;;;$|,Backbone,2,ChEMBL,
X1321,X1321,V,CC(C)[C@H](NS(=O)(=O)C(F)(F)F)C([*])=O |$;;;;;;;;;;;;;_R2;$|,Backbone,1,ChEMBL,
X1322,X1322,I,CC[C@H](C)[C@H](NCCCS)C([*])=O |$;;;;;;;;;;;_R2;$|,Backbone,1,ChEMBL,
X1324,X1324,X,CN(C)C(=NCC[C@H](N[*])C([*])=O)N(C)C |$;;;;;;;;;_R1;;_R2;;;;$|,Backbone,2,ChEMBL,
X1325,X1325,F,[*]N[C@H](Cc1cccc-2c1Cc1ccccc-21)C([*])=O |$_R1;;;;;;;;;;;;;;;;;;_R2;$|,Backbone,2,ChEMBL,
X1326,X1326,F,Brc1c(C[C@@H](N[*])C([*])=O)ccc2ccccc12 |$;;;;;;_R1;;_R2;;;;;;;;;$|,Backbone,2,ChEMBL,
X1328,X1328,X,OC(O)C[C@H](N[*])C([*])=O |$;;;;;;_R1;;_R2;$|,Backbone,2,ChEMBL,
X1329,X1329,Y,CCc1cc(O)cc(CC)c1C[C@H](N)C([*])=O |$;;;;;;;;;;;;;;;_R2;$|,Backbone,1,ChEMBL,
X1330,X1330,X,NC(N)NCCC[C@H](N[*])C([*])=O |$;;;;;;;;;_R1;;_R2;$|,Backbone,2,ChEMBL,
X1332,X1332,F,OP(O)(=O)C(F)(F)c1cccc(C[C@@H](N[*])C([*])=O)c1 |$;;;;;;;;;;;;;;;_R1;;_R2;;$|,Backbone,2,ChEMBL,
X134,X134,S,OP(O)(=O)OC[C@H](N[*])C([*])=O |$;;;;;;;;_R1;;_R2;$|,Backbone,2,ChEMBL,
X1340,X1340,X,CCC[C@](C)(NCCCC1CCCCC1)C([*])=O |$;;;;;;;;;;;;;;;;_R2;$|,Backbone,1,ChEMBL,
X1341,X1341,X,CCCN1C(=O)C[C@H](NC1=O)C([*])=O |$;;;;;;;;;;;;_R2;$|,Backbone,1,ChEMBL,
X1342,X1342,X,CCC[C@H]1C[C@@]1(N[*])C(O)=O |$;;;;;;;_R1;;;$|,Backbone,1,ChEMBL,
X1343,X1343,R,NC(=N)NCCC[C@@H](N[*])C(=O)c1nccs1 |$;;;;;;;;;_R1;;;;;;;$|,Backbone,1,ChEMBL,
X1344,X1344,F,CCOC(=O)[C@H](Cc1ccccc1)N(C)[*] |$;;;;;;;;;;;;;;;_R1$|,Backbone,1,ChEMBL,
X1347,X1347,X,CN1C(=O)C[C@@H](NC1=O)C([*])=O |$;;;;;;;;;;_R2;$|,Backbone,1,ChEMBL,
X1348,X1348,X,"CN1CN=C(C[C@H](N)C([*])=O)C1 |$;;;;;;;;;_R2;;$,t:3|",Backbone,1,ChEMBL,
X1349,X1349,R,"CCCCN=C(NCCC[C@@H](N[*])C([*])=O)NC#N |w:4.3,$;;;;;;;;;;;;_R1;;_R2;;;;$|",Backbone,2,ChEMBL,
X135,X135,X,CC1(C)SCN([*])[C@H]1C([*])=O |$;;;;;;_R1;;;_R2;$|,Backbone,2,ChEMBL,
X1350,X1350,R,"CCCCN=C(NCCC[C@H](N[*])C([*])=O)NC#N |w:4.3,$;;;;;;;;;;;;_R1;;_R2;;;;$|",Backbone,2,ChEMBL,
X1351,X1351,C,OS(=O)(=O)SC[C@H](N[*])C([*])=O |$;;;;;;;;_R1;;_R2;$|,Backbone,2,ChEMBL,
X1353,X1353,G,[*]N(CCOCc1ccccc1)CC([*])=O |$_R1;;;;;;;;;;;;;;_R2;$|,Backbone,2,ChEMBL,
X1354,X1354,Y,CCCN(CCC)[C@@H](Cc1ccc(O)cc1)C([*])=O |$;;;;;;;;;;;;;;;;;_R2;$|,Backbone,1,ChEMBL,
X1355,X1355,X,[*]N[C@@H](CC1CCNCC1)C([*])=O |$_R1;;;;;;;;;;;_R2;$|,Backbone,2,ChEMBL,
X1358,X1358,V,CC(C)[C@@H](NC(N)=N)C([*])=O |$;;;;;;;;;_R2;$|,Backbone,1,ChEMBL,
X1361,X1361,X,[*]N[C@@H](CCC1CCCCC1)C=O |$_R1;;;;;;;;;;;;$|,Backbone,1,ChEMBL,
X1363,X1363,X,[*]N1[C@@H](Cc2ccccc12)C([*])=O |$_R1;;;;;;;;;;;_R2;$|,Backbone,2,ChEMBL,
X1364,X1364,F,CCCCCCOC(=O)N[C@@H](Cc1ccccc1)C([*])=O |$;;;;;;;;;;;;;;;;;;;_R2;$|,Backbone,1,ChEMBL,
X1365,X1365,V,CC(C)[C@H](N[*])C(=O)c1nnc(o1)C(C)(C)C |$;;;;;_R1;;;;;;;;;;;$|,Backbone,1,ChEMBL,
X1367,X1367,V,CC(C)[C@H](N[*])C(=O)c1ccccc1 |$;;;;;_R1;;;;;;;;$|,Backbone,1,ChEMBL,
X1369,X1369,Y,N[C@@H](Cc1ccc(O)c(CCO)c1)C([*])=O |$;;;;;;;;;;;;;;_R2;$|,Backbone,1,ChEMBL,
X137,X137,S,[*]N[C@@H](COC(=O)c1ccccc1)C([*])=O |$_R1;;;;;;;;;;;;;;_R2;$|,Backbone,2,ChEMBL,
X1370,X1370,E,C[C@@](CCC(O)=O)(N[*])C([*])=O |$;;;;;;;;_R1;;_R2;$|,Backbone,2,ChEMBL,
X1371,X1371,G,[*]C(=O)Cn1c(=O)[nH]c2ccccc2c1=O |$_R2;;;;;;;;;;;;;;;$|,Backbone,1,ChEMBL,
X1372,X1372,X,"Cc1c(Cl)cc2n(C)cc(C3=N[C@](C)(CO3)C([*])=O)c2c1O |$;;;;;;;;;;;;;;;;;_R2;;;;$,t:10|",Backbone,1,ChEMBL,
X1373,X1373,X,[*]NC1(CCCCCCC1)C([*])=O |$_R1;;;;;;;;;;;_R2;$|,Backbone,2,ChEMBL,
X1376,X1376,G,[*]N(CCC1CCCCC1)CC([*])=O |$_R1;;;;;;;;;;;;_R2;$|,Backbone,2,ChEMBL,
X1377,X1377,C,OS(=O)(=O)CCSC[C@H](N[*])C([*])=O |$;;;;;;;;;;_R1;;_R2;$|,Backbone,2,ChEMBL,
X1378,X1378,P,[*]C(=O)[C@@H]1CCCN1c1nc2ccccc2c(=O)o1 |$_R2;;;;;;;;;;;;;;;;;;$|,Backbone,1,ChEMBL,
X1379,X1379,C,CC(C)([C@H](N[*])C([*])=O)S(C)(=O)=O |$;;;;;_R1;;_R2;;;;;$|,Backbone,2,ChEMBL,
X138,X138,Y,Cc1cc(O)cc(C)c1C[C@H](N[*])C([*])=O |$;;;;;;;;;;;;_R1;;_R2;$|,Backbone,2,ChEMBL,
X1380,X1380,D,CC(C)(C)OC(=O)N[C@H](CC(O)=O)C([*])=O |$;;;;;;;;;;;;;;_R2;$|,Backbone,1,ChEMBL,
X1381,X1381,F,CC(C)c1cccc(C)c1C[C@H](N[*])C([*])=O |$;;;;;;;;;;;;;_R1;;_R2;$|,Backbone,2,ChEMBL,
X1384,X1384,L,CCC(CC)C[C@@H](N[*])C([*])=O |$;;;;;;;;_R1;;_R2;$|,Backbone,2,ChEMBL,
X1385,X1385,K,[*]N[C@@H](CCCCNC(=O)OCC1c2ccccc2-c2ccccc12)C([*])=O |$_R1;;;;;;;;;;;;;;;;;;;;;;;;;;_R2;$|,Backbone,2,ChEMBL,
X1386,X1386,K,CC(=N)NCCCC[C@H](N[*])C([*])=O |$;;;;;;;;;;_R1;;_R2;$|,Backbone,2,ChEMBL,
X1387,X1387,X,CC[C@@H](NCCCC1CCCCC1)C([*])=O |$;;;;;;;;;;;;;;_R2;$|,Backbone,1,ChEMBL,
X139,X139,F,C[C@H]([C@@H](N[*])C([*])=O)c1ccccc1 |$;;;;_R1;;_R2;;;;;;;$|,Backbone,2,ChEMBL,
X1390,X1390,Y,COc1ccc(C[C@H](N[*])C([*])=O)cc1OC |$;;;;;;;;;_R1;;_R2;;;;;$|,Backbone,2,ChEMBL,
X1391,X1391,X,Clc1cc2nc(C[C@H](N[*])C([*])=O)[nH]c2cc1Cl |$;;;;;;;;;_R1;;_R2;;;;;;$|,Backbone,2,ChEMBL,
X1392,X1392,C,CCOC(=O)N[C@H](CSCc1ccccc1)C([*])=O |$;;;;;;;;;;;;;;;;;_R2;$|,Backbone,1,ChEMBL,
X1393,X1393,X,[*]N[C@@H](Cc1cnn[nH]1)C([*])=O |$_R1;;;;;;;;;;_R2;$|,Backbone,2,ChEMBL,
X1394,X1394,X,CC(C)CC[C@H](N(C)[*])C([*])=O |$;;;;;;;;_R1;;_R2;$|,Backbone,2,ChEMBL,
X1395,X1395,X,[*]N[C@@H](Cc1cn(nn1)-c1ccc2ccc3cccc4ccc1c2c34)C([*])=O |$_R1;;;;;;;;;;;;;;;;;;;;;;;;;;_R2;$|,Backbone,2,ChEMBL,
X14,X14,P,[*]N1C[C@@H](C[C@H]1C([*])=O)OCc1cccc2ccccc12 |$_R1;;;;;;;_R2;;;;;;;;;;;;;$|,Backbone,2,ChEMBL,
X1401,X1401,X,CCCCCCCCCC[C@H](N[*])C([*])=O |$;;;;;;;;;;;;_R1;;_R2;$|,Backbone,2,ChEMBL,
X1402,X1402,L,CC(C)C[C@@H](NC(=O)N1CCCCCC1)C([*])=O |$;;;;;;;;;;;;;;;;_R2;$|,Backbone,1,ChEMBL,
X1404,X1404,P,"CC(C)=CCCC(C)=CCCC(C)=CC[C@]12C[C@H](N([*])[C@H]1Nc1ccccc21)C([*])=O |w:8.8,13.13,$;;;;;;;;;;;;;;;;;;;_R1;;;;;;;;;;_R2;$|",Backbone,2,ChEMBL,
X1405,X1405,G,"CN(C)C(=NCC([*])=O)N(C)C |w:4.4,$;;;;;;;_R2;;;;$|",Backbone,1,ChEMBL,
X1408,X1408,K,[*]N[C@@H](CCCCNC1CC1)C([*])=O |$_R1;;;;;;;;;;;;_R2;$|,Backbone,2,ChEMBL,
X1409,X1409,X,CN(C)[C@H]1C[C@@H]1CC[C@H](N[*])C([*])=O |$;;;;;;;;;;_R1;;_R2;$|,Backbone,2,ChEMBL,
X141,X141,X,[*]C(=O)[C@@H]1Cc2c[nH]c3cccc(CC(=O)N1)c23 |$_R2;;;;;;;;;;;;;;;;;$|,Backbone,1,ChEMBL,
X1410,X1410,R,NC(N)=[NH+]CCC[C@@H](N[*])C([*])=O |$;;;;;;;;;_R1;;_R2;$|,Backbone,2,ChEMBL,
X1411,X1411,X,[*]N[C@@H](Cc1cccs1)C=O |$_R1;;;;;;;;;;$|,Backbone,1,ChEMBL,
X1412,X1412,P,CS[C@H]1CCN([*])[C@@H]1C([*])=O |$;;;;;;_R1;;;_R2;$|,Backbone,2,ChEMBL,
X1414,X1414,D,OC(=O)C[C@H](N[*])C(=O)CCCCCc1ccccc1 |$;;;;;;_R1;;;;;;;;;;;;;$|,Backbone,1,ChEMBL,
X1417,X1417,A,C[C@@H](NC(N)=N)C([*])=O |$;;;;;;;_R2;$|,Backbone,1,ChEMBL,
X1418,X1418,G,CN(CC([*])=O)C(N)=N |$;;;;_R2;;;;$|,Backbone,1,ChEMBL,
X1419,X1419,G,[*]C(=O)CNc1cccc2ccccc12 |$_R2;;;;;;;;;;;;;;$|,Backbone,1,ChEMBL,
X142,X142,P,CCC[C@@H]1CCN([*])[C@H]1C([*])=O |$;;;;;;;_R1;;;_R2;$|,Backbone,2,ChEMBL,
X1420,X1420,D,Cc1cccc(C)c1C(=O)OCC(=O)[C@H](CC(O)=O)N[*] |$;;;;;;;;;;;;;;;;;;;;_R1$|,Backbone,1,ChEMBL,
X1421,X1421,D,OC(=O)C[C@H](N[*])C(=O)c1ncco1 |$;;;;;;_R1;;;;;;;$|,Backbone,1,ChEMBL,
X1422,X1422,Y,C[C@H]([C@@H](N)C([*])=O)c1c(C)cc(O)cc1C |$;;;;;_R2;;;;;;;;;;$|,Backbone,1,ChEMBL,
X1423,X1423,F,CN(C)[C@@H](Cc1cccc(O)c1)C([*])=O |$;;;;;;;;;;;;;_R2;$|,Backbone,1,ChEMBL,
X143,X143,X,Oc1ccc2CN([*])[C@@H](Cc2c1)C([*])=O |$;;;;;;;_R1;;;;;;_R2;$|,Backbone,2,ChEMBL,
X1431,X1431,X,CCOC(=O)[C@H](CCc1ccccc1)N(C)[*] |$;;;;;;;;;;;;;;;;_R1$|,Backbone,1,ChEMBL,
X1432,X1432,Y,OC(=O)c1cc(C[C@H](N[*])C([*])=O)ccc1O |$;;;;;;;;;_R1;;_R2;;;;;$|,Backbone,2,ChEMBL,
X1436,X1436,H,CC(C)(C)c1ncc(C[C@H](N[*])C([*])=O)[nH]1 |$;;;;;;;;;;;_R1;;_R2;;$|,Backbone,2,ChEMBL,
X1437,X1437,R,"[*]N[C@@H](CCCN=C(NCc1ccccn1)NC#N)C([*])=O |w:6.5,$_R1;;;;;;;;;;;;;;;;;;;;_R2;$|",Backbone,2,ChEMBL,
X1438,X1438,X,"[*]N[C@H](CCCN=C(NCc1ccccn1)NC#N)C([*])=O |w:6.5,$_R1;;;;;;;;;;;;;;;;;;;;_R2;$|",Backbone,2,ChEMBL,
X1439,X1439,M,CCCNC(=O)N[C@@H](CCSC)C([*])=O |$;;;;;;;;;;;;;_R2;$|,Backbone,1,ChEMBL,
X144,X144,X,[*]C(=O)[C@@H]1CC(=O)NC(=O)N1 |$_R2;;;;;;;;;;$|,Backbone,1,ChEMBL,
X1440,X1440,F,CCOCCOCCNC(=O)N[C@H](Cc1ccc2ccccc2c1)C([*])=O |$;;;;;;;;;;;;;;;;;;;;;;;;;_R2;$|,Backbone,1,ChEMBL,
X1441,X1441,X,CCCC[C@H](N[*])C=O |$;;;;;;_R1;;$|,Backbone,1,ChEMBL,
X1442,X1442,R,[*]N[C@@H](CCCNC(=N)NC#N)C([*])=O |$_R1;;;;;;;;;;;;;_R2;$|,Backbone,2,ChEMBL,
X1443,X1443,X,CC(C)(C)OC(=O)N[C@@H](C1CCCC1)C([*])=O |$;;;;;;;;;;;;;;;_R2;$|,Backbone,1,ChEMBL,
X1444,X1444,X,NCCNCCC[C@H]([N-][N+]#N)C([*])=O |$;;;;;;;;;;;;_R2;$|,Backbone,1,ChEMBL,
X1447,X1447,X,[*]N[C@@H](C[C@@H]1CCNC1=O)C(=O)c1cccs1 |$_R1;;;;;;;;;;;;;;;;$|,Backbone,1,ChEMBL,
X1449,X1449,Y,Oc1ccc(C[C@H](N(CC2CC2)CC2CC2)C([*])=O)cc1 |$;;;;;;;;;;;;;;;;;_R2;;;$|,Backbone,1,ChEMBL,
X145,X145,W,Clc1ccc2c(C[C@H](N[*])C([*])=O)c[nH]c2c1 |$;;;;;;;;;_R1;;_R2;;;;;$|,Backbone,2,ChEMBL,
X1450,X1450,F,[*]C(=O)[C@@H](NC(=O)NC1CCCCC1)C(c1ccccc1)c1ccccc1 |$_R2;;;;;;;;;;;;;;;;;;;;;;;;;;$|,Backbone,1,ChEMBL,
X1451,X1451,S,COC(=O)[C@H](COC(=O)C=C(C)C)N[*] |$;;;;;;;;;;;;;;_R1$|,Backbone,1,ChEMBL,
X1452,X1452,Y,Oc1c(Cl)cc(C[C@H](N[*])C([*])=O)cc1Cl |$;;;;;;;;;_R1;;_R2;;;;$|,Backbone,2,ChEMBL,
X1453,X1453,X,[*]N[C@H](C=O)C1CCCCC1 |$_R1;;;;;;;;;;$|,Backbone,1,ChEMBL,
X1454,X1454,K,CCCC(CCC)NCCCC[C@@H](N[*])C([*])=O |$;;;;;;;;;;;;;;_R1;;_R2;$|,Backbone,2,ChEMBL,
X1455,X1455,R,NC(=N)NCCC[C@H](NC(=O)OCC1c2ccccc2-c2ccccc12)C([*])=O |$;;;;;;;;;;;;;;;;;;;;;;;;;;;_R2;$|,Backbone,1,ChEMBL,
X1456,X1456,V,CC(C)[C@H](NC(=O)N(N)Cc1ccccc1)C([*])=O |$;;;;;;;;;;;;;;;;;_R2;$|,Backbone,1,ChEMBL,
X1457,X1457,X,Oc1ccc2C[C@](Cc2c1)(N[*])C([*])=O |$;;;;;;;;;;;_R1;;_R2;$|,Backbone,2,ChEMBL,
X1458,X1458,P,C[C@@H]1CCN([*])[C@@H]1C([*])=O |$;;;;;_R1;;;_R2;$|,Backbone,2,ChEMBL,
X1459,X1459,F,CCN[C@@H](Cc1ccc2ccccc2c1)C([*])=O |$;;;;;;;;;;;;;;;;_R2;$|,Backbone,1,ChEMBL,
X146,X146,F,OP(O)(=O)Cc1ccc(C[C@H](N[*])C([*])=O)cc1 |$;;;;;;;;;;;;_R1;;_R2;;;$|,Backbone,2,ChEMBL,
X1460,X1460,C,SC[C@H](N[*])C=O |$;;;;_R1;;$|,Backbone,1,ChEMBL,
X1461,X1461,G,CC#CCN([*])CC([*])=O |$;;;;;_R1;;;_R2;$|,Backbone,2,ChEMBL,
X1463,X1463,P,OCc1ccccc1-c1cn(nn1)[C@H]1C[C@H](N([*])C1)C([*])=O |$;;;;;;;;;;;;;;;;;_R1;;;_R2;$|,Backbone,2,ChEMBL,
X1465,X1465,P,[*]N1C[C@H](C[C@H]1C([*])=O)n1cc(CSc2ccccc2)nn1 |$_R1;;;;;;;_R2;;;;;;;;;;;;;;$|,Backbone,2,ChEMBL,
X1466,X1466,P,[*]N1C[C@H](C[C@H]1C([*])=O)n1cc(nn1)-c1ccccc1 |$_R1;;;;;;;_R2;;;;;;;;;;;;$|,Backbone,2,ChEMBL,
X1468,X1468,X,CCN1C(=O)C[C@H](NC1=O)C([*])=O |$;;;;;;;;;;;_R2;$|,Backbone,1,ChEMBL,
X1469,X1469,D,OC(=O)C[C@H](N[*])C(=O)c1ccccc1 |$;;;;;;_R1;;;;;;;;$|,Backbone,1,ChEMBL,
X147,X147,W,Cc1ccc2c(C[C@H](N[*])C([*])=O)c[nH]c2c1 |$;;;;;;;;;_R1;;_R2;;;;;$|,Backbone,2,ChEMBL,
X1470,X1470,Y,CCOC(=O)N[C@H](Cc1ccc(OC)cc1)C([*])=O |$;;;;;;;;;;;;;;;;;_R2;$|,Backbone,1,ChEMBL,
X1471,X1471,P,NC(=N)N1CCC[C@@H]1C([*])=O |$;;;;;;;;;_R2;$|,Backbone,1,ChEMBL,
X1473,X1473,F,COC(=O)CCC(=O)[C@H](Cc1ccccc1)N[*] |$;;;;;;;;;;;;;;;;;_R1$|,Backbone,1,ChEMBL,
X1475,X1475,X,NCCCCC[C@H](N[*])C(=O)c1nccs1 |$;;;;;;;;_R1;;;;;;;$|,Backbone,1,ChEMBL,
X1476,X1476,F,Cc1ccc(C[C@H](N[*])C([*])=O)c(C)c1 |$;;;;;;;;_R1;;_R2;;;;$|,Backbone,2,ChEMBL,
X1477,X1477,X,[*]N[C@@H](Cc1nc2c(ccc3ccccc23)[nH]1)C([*])=O |$_R1;;;;;;;;;;;;;;;;;;_R2;$|,Backbone,2,ChEMBL,
X1478,X1478,Y,NCCCCCCCCN[C@@H](Cc1ccc(O)cc1)C([*])=O |$;;;;;;;;;;;;;;;;;;;;_R2;$|,Backbone,1,ChEMBL,
X148,X148,Y,CN[C@@H](Cc1c(C)cc(O)cc1C)C([*])=O |$;;;;;;;;;;;;;;_R2;$|,Backbone,1,ChEMBL,
X1481,X1481,X,"OC(=O)[C@@H](CC1=CCCC=C1)N[*] |$;;;;;;;;;;;;_R1$,c:9,t:5|",Backbone,1,ChEMBL,
X1482,X1482,Y,CCCCCCCCCCCCCCCCCCOc1ccc(C[C@H](N[*])C([*])=O)cc1 |$;;;;;;;;;;;;;;;;;;;;;;;;;;_R1;;_R2;;;$|,Backbone,2,ChEMBL,
X1483,X1483,Y,COC(=O)[C@H](Cc1ccc(OC(C)=O)cc1)N[*] |$;;;;;;;;;;;;;;;;;_R1$|,Backbone,1,ChEMBL,
X1484,X1484,X,Cc1cc2nc(C[C@H](N[*])C([*])=O)[nH]c2cc1C |$;;;;;;;;;_R1;;_R2;;;;;;$|,Backbone,2,ChEMBL,
X1485,X1485,F,[*]N[C@H](Cc1ccccc1)C=O |$_R1;;;;;;;;;;;$|,Backbone,1,ChEMBL,
X1486,X1486,D,OC(=O)C[C@H](N[*])C(=O)c1ncc[nH]1 |$;;;;;;_R1;;;;;;;$|,Backbone,1,ChEMBL,
X1487,X1487,X,BrCCC[C@H]([N-][N+]#N)C([*])=O |$;;;;;;;;;_R2;$|,Backbone,1,ChEMBL,
X1488,X1488,X,CCCCCN1C(=O)C[C@H](NC1=O)C([*])=O |$;;;;;;;;;;;;;;_R2;$|,Backbone,1,ChEMBL,
X1489,X1489,X,CCOC(=O)[C@H](CCc1ccccc1)N[*] |$;;;;;;;;;;;;;;;_R1$|,Backbone,1,ChEMBL,
X149,X149,Y,"Oc1ccc(C[C@H](N[*])C([*])=O)cc1N=Nc1ccc([N-][N+]#N)cc1 |w:14.14,$;;;;;;;;_R1;;_R2;;;;;;;;;;;;;;$|",Backbone,2,ChEMBL,
X1490,X1490,R,"NN=C(N)N(N)CCC[C@H](N[*])C(O)=O |w:1.0,$;;;;;;;;;;;_R1;;;$|",Backbone,1,ChEMBL,
X1491,X1491,F,Cc1ccc(C[C@@H](N[*])C([*])=O)c(C)c1 |$;;;;;;;;_R1;;_R2;;;;$|,Backbone,2,ChEMBL,
X1492,X1492,X,[*]N1C[C@H]2C[C@H]2[C@H]1C([*])=O |$_R1;;;;;;;;_R2;$|,Backbone,2,ChEMBL,
X1493,X1493,F,[*]N[C@@H](Cc1ccc(cc1)C#N)C=O |$_R1;;;;;;;;;;;;;$|,Backbone,1,ChEMBL,
X1494,X1494,V,CC(C)[C@H](N[*])C(=O)Oc1nnn[nH]1 |$;;;;;_R1;;;;;;;;$|,Backbone,1,ChEMBL,
X1495,X1495,X,[*]N1C[C@H]([C@@H]1C([*])=O)c1ccccc1 |$_R1;;;;;;_R2;;;;;;;$|,Backbone,2,ChEMBL,
X1497,X1497,P,Cc1ccc(C)c(c1)-c1cn(nn1)[C@H]1C[C@H](N([*])C1)C([*])=O |$;;;;;;;;;;;;;;;;;_R1;;;_R2;$|,Backbone,2,ChEMBL,
X1498,X1498,X,[*]N[C@@H](CC#N)C([*])=O |$_R1;;;;;;;_R2;$|,Backbone,2,ChEMBL,
X15,X15,V,CC(C)[C@H](N[*])C(=O)C[C@@H](Cc1ccccc1)C(O)=O |$;;;;;_R1;;;;;;;;;;;;;;$|,Backbone,1,ChEMBL,
X150,X150,E,OC(=O)CC[C@H](NCCc1ccccc1)C([*])=O |$;;;;;;;;;;;;;;;;_R2;$|,Backbone,1,ChEMBL,
X1500,X1500,Y,Oc1ccc(C[C@H](N[*])C([*])=O)c(c1)N(=O)=O |$;;;;;;;;_R1;;_R2;;;;;;$|,Backbone,2,ChEMBL,
X1502,X1502,P,Cc1cccc(c1)-c1cn(nn1)[C@H]1C[C@H](N([*])C1)C([*])=O |$;;;;;;;;;;;;;;;;_R1;;;_R2;$|,Backbone,2,ChEMBL,
X1503,X1503,K,CC(=O)N(CCCC[C@@H](N[*])C([*])=O)C(C)=O |$;;;;;;;;;;_R1;;_R2;;;;$|,Backbone,2,ChEMBL,
X1504,X1504,F,COc1cccc(c1)-c1ccc(C[C@H](N[*])C([*])=O)cc1 |$;;;;;;;;;;;;;;;_R1;;_R2;;;$|,Backbone,2,ChEMBL,
X1505,X1505,F,C[C@@](Cc1ccccc1F)(N[*])C([*])=O |$;;;;;;;;;;;_R1;;_R2;$|,Backbone,2,ChEMBL,
X1506,X1506,F,C[C@@](Cc1c(F)cccc1F)(N[*])C([*])=O |$;;;;;;;;;;;;_R1;;_R2;$|,Backbone,2,ChEMBL,
X1507,X1507,K,[*]N[C@@H](CCCCNCC#C)C([*])=O |$_R1;;;;;;;;;;;;_R2;$|,Backbone,2,ChEMBL,
X151,X151,E,CCCCN[C@@H](CCC(O)=O)C([*])=O |$;;;;;;;;;;;;_R2;$|,Backbone,1,ChEMBL,
X1511,X1511,D,OC(=O)C[C@H](N[*])C(=O)CCCCc1ccccc1 |$;;;;;;_R1;;;;;;;;;;;;$|,Backbone,1,ChEMBL,
X1513,X1513,X,Oc1ccc2C[C@@](Cc2c1)(N[*])C([*])=O |$;;;;;;;;;;;_R1;;_R2;$|,Backbone,2,ChEMBL,
X1515,X1515,F,COC(=O)[C@H](Cc1cccc(OC(=O)C=C(C)C)c1)N[*] |$;;;;;;;;;;;;;;;;;;;;_R1$|,Backbone,1,ChEMBL,
X1516,X1516,P,CCS[C@H]1CCN([*])[C@@H]1C([*])=O |$;;;;;;;_R1;;;_R2;$|,Backbone,2,ChEMBL,
X152,X152,V,CCOC(=O)[C@@H](N[*])C(C(F)(F)F)C(F)(F)F |$;;;;;;;_R1;;;;;;;;;$|,Backbone,1,ChEMBL,
X1520,X1520,X,OC(=O)[C@@H](CCC(=O)[CH-][N+]#N)N[*] |$;;;;;;;;;;;;_R1$|,Backbone,1,ChEMBL,
X1521,X1521,K,[*]N[C@@H](CCC(=O)[CH-][N+]#N)C([*])=O |$_R1;;;;;;;;;;;_R2;$|,Backbone,2,ChEMBL,
X1524,X1524,K,C[N+](C)(C)CCCC[C@H]([N-][N+]#N)C([*])=O |$;;;;;;;;;;;;;_R2;$|,Backbone,1,ChEMBL,
X1525,X1525,X,O[C@@H]1CCC[C@@]1(N[*])C([*])=O |$;;;;;;;_R1;;_R2;$|,Backbone,2,ChEMBL,
X1526,X1526,L,CC(C)C[C@H](N[*])C(=O)OCc1ccc(cc1)-c1cccc2c1oc(cc2=O)N1CCOCC1 |$;;;;;;_R1;;;;;;;;;;;;;;;;;;;;;;;;;;;$|,Backbone,1,ChEMBL,
X1527,X1527,L,CC(C)C[C@H](NC(=O)N1CCOCC1)C([*])=O |$;;;;;;;;;;;;;;;_R2;$|,Backbone,1,ChEMBL,
X1528,X1528,X,[*]N[C@@]1(C[C@@H]1c1ccccc1)C([*])=O |$_R1;;;;;;;;;;;;_R2;$|,Backbone,2,ChEMBL,
X1529,X1529,A,C[C@H](N[*])C(=O)C[C@H](Cc1ccccc1)C(O)=O |$;;;_R1;;;;;;;;;;;;;;$|,Backbone,1,ChEMBL,
X153,X153,G,[*]N(CC([*])=O)C1CCCCC1 |$_R1;;;;_R2;;;;;;;$|,Backbone,2,ChEMBL,
X1530,X1530,F,C[C@H]([C@H](N[*])C([*])=O)c1c(C)cccc1C |$;;;;_R1;;_R2;;;;;;;;;$|,Backbone,2,ChEMBL,
X1532,X1532,Y,CN[C@H](Cc1c(C)cc(O)cc1C)C([*])=O |$;;;;;;;;;;;;;;_R2;$|,Backbone,1,ChEMBL,
X1533,X1533,Y,CN(C)[C@H](Cc1c(C)cc(O)cc1C)C([*])=O |$;;;;;;;;;;;;;;;_R2;$|,Backbone,1,ChEMBL,
X1535,X1535,F,ClCNc1ccc(C[C@H](N[*])C([*])=O)cc1 |$;;;;;;;;;;_R1;;_R2;;;$|,Backbone,2,ChEMBL,
X1537,X1537,A,COC(=O)[C@@H](C)N(C)[*] |$;;;;;;;;_R1$|,Backbone,1,ChEMBL,
X1538,X1538,A,COC(=O)[C@H](C)N(C)[*] |$;;;;;;;;_R1$|,Backbone,1,ChEMBL,
X1539,X1539,X,C[C@H]1[C@H](N([*])Cc2ccccc12)C([*])=O |$;;;;_R1;;;;;;;;;_R2;$|,Backbone,2,ChEMBL,
X154,X154,K,[*]N[C@@H](CCCCNC(=O)OCc1ccccc1N(=O)=O)C([*])=O |$_R1;;;;;;;;;;;;;;;;;;;;;;_R2;$|,Backbone,2,ChEMBL,
X1540,X1540,X,[*]N[C@@H](CCC#N)C([*])=O |$_R1;;;;;;;;_R2;$|,Backbone,2,ChEMBL,
X1546,X1546,X,FC(F)C[C@H](N[*])C=O |$;;;;;;_R1;;$|,Backbone,1,ChEMBL,
X1547,X1547,V,CC(C)[C@H](NC(=O)Nc1ccccc1)C([*])=O |$;;;;;;;;;;;;;;;_R2;$|,Backbone,1,ChEMBL,
X1548,X1548,X,[*]N[C@@H](CC1c2ccccc2-c2ccccc12)C([*])=O |$_R1;;;;;;;;;;;;;;;;;;_R2;$|,Backbone,2,ChEMBL,
X1549,X1549,X,"CC=CCC[C@H](N[*])C([*])=O |w:1.0,$;;;;;;;_R1;;_R2;$|",Backbone,2,ChEMBL,
X155,X155,W,Cc1[nH]c2ccccc2c1C[C@@H](N[*])C([*])=O |$;;;;;;;;;;;;;_R1;;_R2;$|,Backbone,2,ChEMBL,
X1550,X1550,V,CC(C)[C@H](NCCCS)C([*])=O |$;;;;;;;;;;_R2;$|,Backbone,1,ChEMBL,
X1551,X1551,H,Cn1c[nH+]c(C[C@H](N[*])C([*])=O)c1 |$;;;;;;;;_R1;;_R2;;$|,Backbone,2,ChEMBL,
X1553,X1553,X,NC(=O)NCCC[C@H](N[*])C=O |$;;;;;;;;;_R1;;$|,Backbone,1,ChEMBL,
X1554,X1554,Y,CCc1cc(O)cc(C)c1C[C@H](N)C([*])=O |$;;;;;;;;;;;;;;_R2;$|,Backbone,1,ChEMBL,
X1555,X1555,P,CO[C@H]1C[C@H](N([*])C1)C([*])=O |$;;;;;;_R1;;;_R2;$|,Backbone,2,ChEMBL,
X1556,X1556,P,[*]N1CCC2(CC2)[C@H]1C([*])=O |$_R1;;;;;;;;;_R2;$|,Backbone,2,ChEMBL,
X1557,X1557,P,[*]N1CCC(=C)[C@H]1C([*])=O |$_R1;;;;;;;;_R2;$|,Backbone,2,ChEMBL,
X156,X156,F,Nc1nnc([nH]1)-c1ccc(C[C@H](N[*])C([*])=O)cc1 |$;;;;;;;;;;;;;_R1;;_R2;;;$|,Backbone,2,ChEMBL,
X1561,X1561,E,C[C@@H](CC(O)=O)[C@H](N[*])C([*])=O |$;;;;;;;;_R1;;_R2;$|,Backbone,2,ChEMBL,
X1562,X1562,X,C[C@@](CC=C)(N[*])C([*])=O |$;;;;;;_R1;;_R2;$|,Backbone,2,ChEMBL,
X1563,X1563,X,C[C@@](CCCCC=C)(N[*])C([*])=O |$;;;;;;;;;_R1;;_R2;$|,Backbone,2,ChEMBL,
X1569,X1569,Y,CCCCCN(CCCCC)[C@@H](Cc1ccc(O)cc1)C([*])=O |$;;;;;;;;;;;;;;;;;;;;;_R2;$|,Backbone,1,ChEMBL,
X157,X157,M,CS(=O)CC[C@H](N[*])C([*])=O |$;;;;;;;_R1;;_R2;$|,Backbone,2,ChEMBL,
X1570,X1570,Y,Oc1ccc(C[C@H](NCc2ccsc2)C([*])=O)cc1 |$;;;;;;;;;;;;;;;_R2;;;$|,Backbone,1,ChEMBL,
X1571,X1571,Y,CCCCCC(=O)Oc1ccc(C[C@H](N[*])C(=O)OC)cc1 |$;;;;;;;;;;;;;;;_R1;;;;;;$|,Backbone,1,ChEMBL,
X1572,X1572,R,NC(=N)NCCC[C@H](N[*])C(=O)C=O |$;;;;;;;;;_R1;;;;$|,Backbone,1,ChEMBL,
X1573,X1573,F,COC(=O)[C@H](Cc1cccc(OC(C)=O)c1)N[*] |$;;;;;;;;;;;;;;;;;_R1$|,Backbone,1,ChEMBL,
X1578,X1578,P,NC(=N)N1CCC[C@H]1C([*])=O |$;;;;;;;;;_R2;$|,Backbone,1,ChEMBL,
X1579,X1579,Y,C[C@@H]([C@@H](N)C([*])=O)c1c(C)cc(O)cc1C |$;;;;;_R2;;;;;;;;;;$|,Backbone,1,ChEMBL,
X158,X158,R,CC(C)(C)OC(=O)N[C@H](CCCNC(N)=N)C([*])=O |$;;;;;;;;;;;;;;;;;_R2;$|,Backbone,1,ChEMBL,
X1580,X1580,K,CNCCCC[C@H]([N-][N+]#N)C([*])=O |$;;;;;;;;;;;_R2;$|,Backbone,1,ChEMBL,
X1582,X1582,A,C[C@H](N[*])C(=O)OCCCCc1ccccc1 |$;;;_R1;;;;;;;;;;;;;$|,Backbone,1,ChEMBL,
X1585,X1585,M,CCOC(=O)[C@H](CCSC)N[*] |$;;;;;;;;;;;_R1$|,Backbone,1,ChEMBL,
X1586,X1586,P,[*]N1C[C@@H](C[C@H]1C([*])=O)Oc1cc(nc2ccccc12)-c1ccccc1 |$_R1;;;;;;;_R2;;;;;;;;;;;;;;;;;;$|,Backbone,2,ChEMBL,
X1588,X1588,K,"CCCCCCN=C(NCCCC[C@@H](N[*])C([*])=O)NC#N |w:6.5,$;;;;;;;;;;;;;;;_R1;;_R2;;;;$|",Backbone,2,ChEMBL,
X1589,X1589,K,"CCCCCCN=C(NCCCC[C@H](N[*])C([*])=O)NC#N |w:6.5,$;;;;;;;;;;;;;;;_R1;;_R2;;;;$|",Backbone,2,ChEMBL,
X159,X159,F,CS(=O)(=O)N[C@@H](Cc1ccccc1)C([*])=O |$;;;;;;;;;;;;;;_R2;$|,Backbone,1,ChEMBL,
X1590,X1590,M,CSCC[C@H](NC(=O)N=C(C)C)C([*])=O |$;;;;;;;;;;;;;_R2;$|,Backbone,1,ChEMBL,
X1591,X1591,T,C[C@@H](O)[C@H](O)[C@H](N[*])C([*])=O |$;;;;;;;_R1;;_R2;$|,Backbone,2,ChEMBL,
X1592,X1592,K,"CCCCCCNC(NCCCC[C@@H](N[*])C([*])=O)=NCCCCCC |w:19.19,6.5,$;;;;;;;;;;;;;;;_R1;;_R2;;;;;;;;$|",Backbone,2,ChEMBL,
X1594,X1594,G,Oc1ccc2c(Oc3cc(O)ccc3C22OC(=O)c3cc(NC(=S)NCC([*])=O)ccc23)c1 |$;;;;;;;;;;;;;;;;;;;;;;;;;;;_R2;;;;;$|,Backbone,1,ChEMBL,
X1595,X1595,E,CCOC(=O)CC[C@H](N)C([*])=O |$;;;;;;;;;;_R2;$|,Backbone,1,ChEMBL,
X1596,X1596,X,[*]N[C@H](C(C1CCCCC1)C1CCCCC1)C([*])=O |$_R1;;;;;;;;;;;;;;;;;_R2;$|,Backbone,2,ChEMBL,
X1597,X1597,F,C[N+](C)(C)[C@@H](Cc1ccccc1)C([*])=O |$;;;;;;;;;;;;;_R2;$|,Backbone,1,ChEMBL,
X16,X16,X,[*]NC1(CCCCCCCCCCC1)C([*])=O |$_R1;;;;;;;;;;;;;;;_R2;$|,Backbone,2,ChEMBL,
X160,X160,V,CC(C)[C@H](N[*])C(=O)C(F)(F)C(F)(F)F |$;;;;;_R1;;;;;;;;;$|,Backbone,1,ChEMBL,
X1600,X1600,X,NCCC1CC(C1)(N[*])C([*])=O |$;;;;;;;;_R1;;_R2;$|,Backbone,2,ChEMBL,
X1601,X1601,X,CCCCCCCCC[C@H](N[*])C([*])=O |$;;;;;;;;;;;_R1;;_R2;$|,Backbone,2,ChEMBL,
X1602,X1602,F,NC(=O)N[C@@H](Cc1ccccc1)C([*])=O |$;;;;;;;;;;;;;_R2;$|,Backbone,1,ChEMBL,
X1603,X1603,V,COC(=O)N[C@@H](C(C)C)C([*])=O |$;;;;;;;;;;_R2;$|,Backbone,1,ChEMBL,
X1604,X1604,P,CCS[C@@H]1CCN([*])[C@H]1C([*])=O |$;;;;;;;_R1;;;_R2;$|,Backbone,2,ChEMBL,
X1605,X1605,A,C[C@H](NC(N)=N)C([*])=O |$;;;;;;;_R2;$|,Backbone,1,ChEMBL,
X1606,X1606,P,CCCS[C@H]1CCN([*])[C@H]1C([*])=O |$;;;;;;;;_R1;;;_R2;$|,Backbone,2,ChEMBL,
X1608,X1608,X,CC(C)(C)OC(=O)N[C@H](C1CCCCC1)C([*])=O |$;;;;;;;;;;;;;;;;_R2;$|,Backbone,1,ChEMBL,
X1609,X1609,F,OC(=O)Cc1ccc(C[C@H](N[*])C([*])=O)cc1C(O)=O |$;;;;;;;;;;;_R1;;_R2;;;;;;$|,Backbone,2,ChEMBL,
X161,X161,V,CC(C)[C@H](NC(=O)N(C)C)C([*])=O |$;;;;;;;;;;;_R2;$|,Backbone,1,ChEMBL,
X1610,X1610,Y,N[C@@H](Cc1c(F)cc(O)cc1F)C([*])=O |$;;;;;;;;;;;;;_R2;$|,Backbone,1,ChEMBL,
X1612,X1612,K,Cc1ccc(cc1)S(=O)(=O)NCCCC[C@H](N[*])C([*])=O |$;;;;;;;;;;;;;;;;;_R1;;_R2;$|,Backbone,2,ChEMBL,
X1613,X1613,X,CN(C)c1ccc2cc3C(=O)N(C[C@H](N)C([*])=O)C(=O)c3cc2c1 |$;;;;;;;;;;;;;;;;_R2;;;;;;;$|,Backbone,1,ChEMBL,
X1619,X1619,C,"COC(=O)[C@H](CSCC=C(C)COCc1cccc(c1)C(=O)c1ccccc1)N[*] |w:8.7,$;;;;;;;;;;;;;;;;;;;;;;;;;;;;;_R1$|",Backbone,1,ChEMBL,
X162,X162,F,NC(=N)Nc1ccc(C[C@H](N[*])C([*])=O)cc1 |$;;;;;;;;;;;_R1;;_R2;;;$|,Backbone,2,ChEMBL,
X1620,X1620,F,CCNC(=O)N[C@@H](Cc1ccccc1)C([*])=O |$;;;;;;;;;;;;;;;_R2;$|,Backbone,1,ChEMBL,
X1621,X1621,L,CC(C)C[C@@H](N[*])C(=O)O[C@H]1CC[C@H]2[C@@H]3CCc4cc(O)ccc4[C@H]3CC[C@]12C |$;;;;;;_R1;;;;;;;;;;;;;;;;;;;;;;$|,Backbone,1,ChEMBL,
X1626,X1626,A,C[C@H](NCCC1CCCCC1)C([*])=O |$;;;;;;;;;;;;_R2;$|,Backbone,1,ChEMBL,
X1627,X1627,E,OC(=O)CC[C@H](NCCC1CCCCCC1)C([*])=O |$;;;;;;;;;;;;;;;;;_R2;$|,Backbone,1,ChEMBL,
X163,X163,P,NS(=O)(=O)c1ccc(NC(=S)N2CCC[C@H]2C([*])=O)cc1 |$;;;;;;;;;;;;;;;;;_R2;;;$|,Backbone,1,ChEMBL,
X1632,X1632,P,"CC(C)CCCC(C)=CC[C@]12C[C@H](N([*])[C@H]1Nc1ccccc21)C([*])=O |w:8.8,$;;;;;;;;;;;;;;_R1;;;;;;;;;;_R2;$|",Backbone,2,ChEMBL,
X1634,X1634,K,CN(CCCC[C@H](N[*])C([*])=O)CC#C |$;;;;;;;;_R1;;_R2;;;;$|,Backbone,2,ChEMBL,
X1635,X1635,P,"[*]N1C[C@@H](C[C@H]1C([*])=O)ON=Cc1ccc(OC(=O)c2ccc3OCOc3c2)cc1 |w:10.10,$_R1;;;;;;;_R2;;;;;;;;;;;;;;;;;;;;;;$|",Backbone,2,ChEMBL,
X1637,X1637,T,C[C@H](O)[C@H](N([*])C(C)(C)C)C(O)=O |$;;;;;_R1;;;;;;;$|,Backbone,1,ChEMBL,
X1638,X1638,C,CC(C)(C)N([*])[C@@H](CS)C([*])=O |$;;;;;_R1;;;;;_R2;$|,Backbone,2,ChEMBL,
X1639,X1639,Y,Oc1cc(I)c(C[C@H](N[*])C([*])=O)cc1I |$;;;;;;;;;_R1;;_R2;;;;$|,Backbone,2,ChEMBL,
X164,X164,Y,C[C@H]([C@H](N[*])C([*])=O)c1ccc(O)cc1 |$;;;;_R1;;_R2;;;;;;;;$|,Backbone,2,ChEMBL,
X1640,X1640,L,CN(C)[C@@H](CC(C)(C)C)C([*])=O |$;;;;;;;;;;_R2;$|,Backbone,1,ChEMBL,
X1645,X1645,F,[*]N[C@@H](Cc1ccc(cc1)N=C=S)C([*])=O |$_R1;;;;;;;;;;;;;;_R2;$|,Backbone,2,ChEMBL,
X1646,X1646,K,CNC(=N)NCCCC[C@H](N[*])C([*])=O |$;;;;;;;;;;;_R1;;_R2;$|,Backbone,2,ChEMBL,
X1647,X1647,F,C[C@@]1(CO1)C(=O)[C@H](Cc1ccc(CN)cc1)N[*] |$;;;;;;;;;;;;;;;;;_R1$|,Backbone,1,ChEMBL,
X1648,X1648,P,OC(=O)COC(=O)[C@@H]1CCCN1[*] |$;;;;;;;;;;;;_R1$|,Backbone,1,ChEMBL,
X1649,X1649,X,[*]N[C@@H]1CCCCNC1=O |$_R1;;;;;;;;;$|,Backbone,1,ChEMBL,
X165,X165,F,C[C@H]([C@H](N[*])C([*])=O)c1ccccc1 |$;;;;_R1;;_R2;;;;;;;$|,Backbone,2,ChEMBL,
X1650,X1650,S,"CC=CC=CC=CC(=O)OC[C@H](N[*])C([*])=O |w:1.0,4.4,6.6,$;;;;;;;;;;;;;_R1;;_R2;$|",Backbone,2,ChEMBL,
X1652,X1652,Y,CN(C)[C@@H](Cc1c(C)cc(O)cc1C)C([*])=O |$;;;;;;;;;;;;;;;_R2;$|,Backbone,1,ChEMBL,
X1653,X1653,X,COC(=O)[C@H](C[C@@H]1CCNC1=O)N[*] |$;;;;;;;;;;;;;_R1$|,Backbone,1,ChEMBL,
X1654,X1654,X,Oc1ccc(cc1)[C@H]([N-][N+]#N)C([*])=O |$;;;;;;;;;;;;_R2;$|,Backbone,1,ChEMBL,
X1655,X1655,X,CC(C)(C)OC(=O)N[C@H](CCCNC(N)=O)C([*])=O |$;;;;;;;;;;;;;;;;;_R2;$|,Backbone,1,ChEMBL,
X1657,X1657,R,NC(=N)NCCC[C@@H](NC(=O)NCc1ccccc1)C([*])=O |$;;;;;;;;;;;;;;;;;;;;_R2;$|,Backbone,1,ChEMBL,
X1658,X1658,R,NC(=N)N[CH+]CC[C@H](N[*])C(O)=O |$;;;;;;;;;_R1;;;$|,Backbone,1,ChEMBL,
X1659,X1659,X,C[C@@H]1CC[C@]1(N[*])C([*])=O |$;;;;;;_R1;;_R2;$|,Backbone,2,ChEMBL,
X166,X166,X,[*]N1[C@@H](CNC1=O)C([*])=O |$_R1;;;;;;;;_R2;$|,Backbone,2,ChEMBL,
X1660,X1660,F,OP(O)(=O)N[C@@H](Cc1ccccc1)C([*])=O |$;;;;;;;;;;;;;;_R2;$|,Backbone,1,ChEMBL,
X1661,X1661,X,C[C@H]1[C@@H](N([*])Cc2ccccc12)C([*])=O |$;;;;_R1;;;;;;;;;_R2;$|,Backbone,2,ChEMBL,
X1662,X1662,P,CC(C)(C)[C@H]1CC[C@H](N1[*])C([*])=O |$;;;;;;;;;_R1;;_R2;$|,Backbone,2,ChEMBL,
X1664,X1664,T,"NC1=NC[C@H](N1)[C@@H](O)[C@H](N[*])C([*])=O |$;;;;;;;;;;_R1;;_R2;$,t:1|",Backbone,2,ChEMBL,
X1668,X1668,X,OCCC[C@@H](N[*])C([*])=O |$;;;;;;_R1;;_R2;$|,Backbone,2,ChEMBL,
X1669,X1669,T,"CC=CC[C@@H](C)[C@@H](O)[C@@H](N(C)[*])C([*])=O |w:1.0,$;;;;;;;;;;;_R1;;_R2;$|",Backbone,2,ChEMBL,
X167,X167,X,COC(=O)C1(CCC1)N[*] |$;;;;;;;;;_R1$|,Backbone,1,ChEMBL,
X1670,X1670,T,"CC=CC[C@@H](C)[C@@H](O)[C@H](N(C)[*])C([*])=O |w:1.0,$;;;;;;;;;;;_R1;;_R2;$|",Backbone,2,ChEMBL,
X1671,X1671,X,C[C@H](O)C(=O)CCCCC[C@H](N[*])C([*])=O |$;;;;;;;;;;;;_R1;;_R2;$|,Backbone,2,ChEMBL,
X1672,X1672,I,C[C@@H](O)[C@@H](C)[C@H](N[*])C([*])=O |$;;;;;;;_R1;;_R2;$|,Backbone,2,ChEMBL,
X1673,X1673,P,CC1(C)C[C@H](N([*])C1)C([*])=O |$;;;;;;_R1;;;_R2;$|,Backbone,2,ChEMBL,
X1674,X1674,X,C[C@@H](O)C(=O)CCCCC[C@H](N[*])C([*])=O |$;;;;;;;;;;;;_R1;;_R2;$|,Backbone,2,ChEMBL,
X1675,X1675,T,C[C@@H](OP(O)(O)=O)[C@@H](N[*])C([*])=O |$;;;;;;;;;_R1;;_R2;$|,Backbone,2,ChEMBL,
X1676,X1676,X,[*]N[C@@H](C([*])=O)c1cccs1 |$_R1;;;;_R2;;;;;;$|,Backbone,2,ChEMBL,
X1678,X1678,T,"CSCOC(=O)C=CC[C@@H](C)[C@@H](O)[C@H](N(C)[*])C([*])=O |w:7.7,$;;;;;;;;;;;;;;;;_R1;;_R2;$|",Backbone,2,ChEMBL,
X1679,X1679,T,"COC(=O)C=CC[C@@H](C)[C@@H](O)[C@H](N(C)[*])C([*])=O |w:5.5,$;;;;;;;;;;;;;;_R1;;_R2;$|",Backbone,2,ChEMBL,
X168,X168,G,CC[C@H](C)N([*])CC([*])=O |$;;;;;_R1;;;_R2;$|,Backbone,2,ChEMBL,
X1680,X1680,S,[*]N[C@H](COCC[N-][N+]#N)C([*])=O |$_R1;;;;;;;;;;;_R2;$|,Backbone,2,ChEMBL,
X1681,X1681,P,C[C@H]1C[C@@H](N([*])C1)C([*])=O |$;;;;;_R1;;;_R2;$|,Backbone,2,ChEMBL,
X1682,X1682,T,"C[C@H](C=CCC(O)=O)[C@@H](O)[C@H](N(C)[*])C([*])=O |w:3.3,$;;;;;;;;;;;;;_R1;;_R2;$|",Backbone,2,ChEMBL,
X1684,X1684,T,CC(C)[C@@H](O)[C@@H](N[*])C([*])=O |$;;;;;;;_R1;;_R2;$|,Backbone,2,ChEMBL,
X1685,X1685,S,OCCCCOC[C@@H](N[*])C([*])=O |$;;;;;;;;;_R1;;_R2;$|,Backbone,2,ChEMBL,
X1686,X1686,S,[*]N[C@H](COCC#C)C([*])=O |$_R1;;;;;;;;;_R2;$|,Backbone,2,ChEMBL,
X1687,X1687,X,"OC(=O)CCC=CC[C@H](N[*])C([*])=O |w:6.6,$;;;;;;;;;;_R1;;_R2;$|",Backbone,2,ChEMBL,
X1688,X1688,X,[*]N[C@H](CCOCCS[*])C([*])=O |$_R1;;;;;;;;;_R3;;_R2;$|,Backbone,3,ChEMBL,
X1689,X1689,X,[*]N[C@@H](CCCCCS[*])C([*])=O |$_R1;;;;;;;;;_R3;;_R2;$|,Backbone,3,ChEMBL,
X169,X169,P,ClCCN(N=O)C(=O)N1CCC[C@H]1C([*])=O |$;;;;;;;;;;;;;;_R2;$|,Backbone,1,ChEMBL,
X1690,X1690,T,"CC=CCC(C)(C)[C@@H](O)[C@H](N(C)[*])C([*])=O |w:1.0,$;;;;;;;;;;;;_R1;;_R2;$|",Backbone,2,ChEMBL,
X1691,X1691,X,NC(=N)N1CCC(CC1)(N[*])C([*])=O |$;;;;;;;;;;_R1;;_R2;$|,Backbone,2,ChEMBL,
X1692,X1692,X,[*]N[C@@H](CCCCCCC(=O)[C@@H]1CO1)C([*])=O |$_R1;;;;;;;;;;;;;;;_R2;$|,Backbone,2,ChEMBL,
X1693,X1693,X,[*]N[C@H](C1c2ccccc2CCc2ccccc12)C([*])=O |$_R1;;;;;;;;;;;;;;;;;;;_R2;$|,Backbone,2,ChEMBL,
X1694,X1694,F,FC(F)[C@@](Cc1ccccc1)(N[*])C([*])=O |$;;;;;;;;;;;;_R1;;_R2;$|,Backbone,2,ChEMBL,
X1695,X1695,F,[*]N[C@@H](Cc1ccc2[nH]ccc2c1)C([*])=O |$_R1;;;;;;;;;;;;;;_R2;$|,Backbone,2,ChEMBL,
X1696,X1696,V,CC(C)[C@@](O)(N[*])C([*])=O |$;;;;;;_R1;;_R2;$|,Backbone,2,ChEMBL,
X1697,X1697,X,COC(=O)CCCCC[C@H](N[*])C([*])=O |$;;;;;;;;;;;_R1;;_R2;$|,Backbone,2,ChEMBL,
X1698,X1698,P,NCCCCCNC(=O)O[C@@H]1C[C@H](N([*])C1)C([*])=O |$;;;;;;;;;;;;;;_R1;;;_R2;$|,Backbone,2,ChEMBL,
X1699,X1699,X,C[C@]1(CCN1[*])C([*])=O |$;;;;;_R1;;_R2;$|,Backbone,2,ChEMBL,
X17,X17,K,"CCNC(NCCCC[C@H](N[*])C([*])=O)=NCC |w:15.15,2.1,$;;;;;;;;;;;_R1;;_R2;;;;$|",Backbone,2,ChEMBL,
X170,X170,K,CC(C)(C)C(=O)ONCCCC[C@H](N[*])C([*])=O |$;;;;;;;;;;;;;;_R1;;_R2;$|,Backbone,2,ChEMBL,
X1700,X1700,X,C[C@@]1(CCN1[*])C([*])=O |$;;;;;_R1;;_R2;$|,Backbone,2,ChEMBL,
X1701,X1701,I,CCC[C@H](C)[C@H](N(C)[*])C([*])=O |$;;;;;;;;_R1;;_R2;$|,Backbone,2,ChEMBL,
X1702,X1702,X,CN([*])[C@@H](CC1CC1)C([*])=O |$;;_R1;;;;;;;_R2;$|,Backbone,2,ChEMBL,
X1703,X1703,X,CN([*])[C@H](SCCCN1CCOCC1)C([*])=O |$;;_R1;;;;;;;;;;;;;_R2;$|,Backbone,2,ChEMBL,
X1704,X1704,L,CN([*])[C@@H](CC(C)(C)O)C([*])=O |$;;_R1;;;;;;;;_R2;$|,Backbone,2,ChEMBL,
X1705,X1705,W,COn1cc(C[C@H](N(C)[*])C([*])=O)c2ccccc12 |$;;;;;;;;;_R1;;_R2;;;;;;;$|,Backbone,2,ChEMBL,
X1706,X1706,L,CCCC[C@@H](C)C[C@H](N[*])C([*])=O |$;;;;;;;;;_R1;;_R2;$|,Backbone,2,ChEMBL,
X1707,X1707,X,[*]N[C@H](CCC#N)C([*])=O |$_R1;;;;;;;;_R2;$|,Backbone,2,ChEMBL,
X1708,X1708,X,"[*]N[C@H](C([*])=O)C1=CCC=CC1 |$_R1;;;;_R2;;;;;;;$,c:9,t:6|",Backbone,2,ChEMBL,
X1709,X1709,X,CCN(CC)CC[C@@H](N[*])C([*])=O |$;;;;;;;;;_R1;;_R2;$|,Backbone,2,ChEMBL,
X171,X171,Y,CC(=O)SCCOP(=O)(OCCSC(C)=O)Oc1ccc(C[C@H](N[*])C([*])=O)cc1 |$;;;;;;;;;;;;;;;;;;;;;;;;_R1;;_R2;;;$|,Backbone,2,ChEMBL,
X1710,X1710,X,CN(C)CCS[C@@H](N(C)[*])C([*])=O |$;;;;;;;;;_R1;;_R2;$|,Backbone,2,ChEMBL,
X1711,X1711,X,[*]N[C@@H](CCOc1ccccc1)C([*])=O |$_R1;;;;;;;;;;;;;_R2;$|,Backbone,2,ChEMBL,
X1712,X1712,X,"[*]N1N=CCC[C@@H]1C([*])=O |$_R1;;;;;;;;_R2;$,c:2|",Backbone,2,ChEMBL,
X1713,X1713,X,"[*]N1N=CCC[C@H]1C([*])=O |$_R1;;;;;;;;_R2;$,c:2|",Backbone,2,ChEMBL,
X1714,X1714,D,CN([*])[C@H](CC(=O)OC(C)(C)C)C([*])=O |$;;_R1;;;;;;;;;;;_R2;$|,Backbone,2,ChEMBL,
X1715,X1715,W,COC(=O)n1cc(C[C@@H](N[*])C([*])=O)c2ccccc12 |$;;;;;;;;;;_R1;;_R2;;;;;;;$|,Backbone,2,ChEMBL,
X1716,X1716,T,C[C@H](CCCC(=O)OCCF)[C@@H](O)[C@H](N(C)[*])C([*])=O |$;;;;;;;;;;;;;;;;_R1;;_R2;$|,Backbone,2,ChEMBL,
X1717,X1717,S,OCCOCCOCCOC[C@@H](N[*])C([*])=O |$;;;;;;;;;;;;;_R1;;_R2;$|,Backbone,2,ChEMBL,
X1720,X1720,W,CC(C)(C)OC(=O)n1cc(C[C@H](N[*])C([*])=O)c2ccccc12 |$;;;;;;;;;;;;;_R1;;_R2;;;;;;;$|,Backbone,2,ChEMBL,
X1721,X1721,S,CC(C)OC(=O)COCCOC[C@@H](N[*])C([*])=O |$;;;;;;;;;;;;;;_R1;;_R2;$|,Backbone,2,ChEMBL,
X1722,X1722,S,ClCC(=C)COC[C@@H](N[*])C([*])=O |$;;;;;;;;;_R1;;_R2;$|,Backbone,2,ChEMBL,
X1723,X1723,X,[*]N1CCOC[C@@H]1C([*])=O |$_R1;;;;;;;;_R2;$|,Backbone,2,ChEMBL,
X1724,X1724,X,[*]N[C@]1(C[C@@H]1c1ccccc1)C([*])=O |$_R1;;;;;;;;;;;;_R2;$|,Backbone,2,ChEMBL,
X1725,X1725,X,CN(C)C[C@@H](N[*])C([*])=O |$;;;;;;_R1;;_R2;$|,Backbone,2,ChEMBL,
X1726,X1726,X,[*]N[C@@H](CCCNC(=O)OCc1ccccc1)C([*])=O |$_R1;;;;;;;;;;;;;;;;;;_R2;$|,Backbone,2,ChEMBL,
X1727,X1727,K,Clc1ccc(COC(=O)NCCCC[C@@H](N[*])C([*])=O)cc1 |$;;;;;;;;;;;;;;;;_R1;;_R2;;;$|,Backbone,2,ChEMBL,
X1728,X1728,F,[*]N[C@H]([C@@H](OCc1ccccc1)c1ccccc1)C([*])=O |$_R1;;;;;;;;;;;;;;;;;;;_R2;$|,Backbone,2,ChEMBL,
X1729,X1729,W,CCCn1cc(C[C@H](N[*])C([*])=O)c2ccccc12 |$;;;;;;;;;_R1;;_R2;;;;;;;$|,Backbone,2,ChEMBL,
X173,X173,K,"CCCNC(NCCCC[C@@H](N[*])C([*])=O)=NCCC |w:16.16,3.2,$;;;;;;;;;;;;_R1;;_R2;;;;;$|",Backbone,2,ChEMBL,
X1730,X1730,X,COn1cc([C@H](N[*])C([*])=O)c(=O)c2ccccc12 |$;;;;;;;_R1;;_R2;;;;;;;;;$|,Backbone,2,ChEMBL,
X1731,X1731,X,CN([*])[C@H](SCCN(C)C(C)(C)C)C([*])=O |$;;_R1;;;;;;;;;;;;_R2;$|,Backbone,2,ChEMBL,
X1732,X1732,X,CN([*])[C@H](SCCN1CCCCC1)C([*])=O |$;;_R1;;;;;;;;;;;;_R2;$|,Backbone,2,ChEMBL,
X1733,X1733,V,CC(C)[C@@](N[*])(C([*])=O)C(F)(F)F |$;;;;;_R1;;_R2;;;;;$|,Backbone,2,ChEMBL,
X1734,X1734,S,[*]N[C@H](COCC#N)C([*])=O |$_R1;;;;;;;;;_R2;$|,Backbone,2,ChEMBL,
X1735,X1735,S,[*]N[C@H](COCCC1OCCCO1)C([*])=O |$_R1;;;;;;;;;;;;;;_R2;$|,Backbone,2,ChEMBL,
X1736,X1736,S,"BrCC=CCOC[C@@H](N[*])C([*])=O |w:3.3,$;;;;;;;;;_R1;;_R2;$|",Backbone,2,ChEMBL,
X1738,X1738,S,[*]N[C@H](COCCC1OCCO1)C([*])=O |$_R1;;;;;;;;;;;;;_R2;$|,Backbone,2,ChEMBL,
X1739,X1739,S,CC(=O)OCCOC[C@@H](N[*])C([*])=O |$;;;;;;;;;;_R1;;_R2;$|,Backbone,2,ChEMBL,
X174,X174,K,"CCN=C(NCCCC[C@@H](N[*])C([*])=O)NCCCN(C)C |w:2.1,$;;;;;;;;;;;_R1;;_R2;;;;;;;;$|",Backbone,2,ChEMBL,
X1740,X1740,T,"C[C@H](CC=CC(=O)OCCF)[C@@H](O)[C@H](N(C)[*])C([*])=O |w:3.2,$;;;;;;;;;;;;;;;;_R1;;_R2;$|",Backbone,2,ChEMBL,
X1741,X1741,X,[*]N1CC(=C)COC[C@@H]1C([*])=O |$_R1;;;;;;;;;;_R2;$|,Backbone,2,ChEMBL,
X1742,X1742,F,FC(F)(F)[C@@](Cc1ccccc1)(N[*])C([*])=O |$;;;;;;;;;;;;;_R1;;_R2;$|,Backbone,2,ChEMBL,
X1743,X1743,F,FC(F)(F)[C@](Cc1ccccc1)(N[*])C([*])=O |$;;;;;;;;;;;;;_R1;;_R2;$|,Backbone,2,ChEMBL,
X1745,X1745,X,CCCCCC[C@H](N(C)[*])C([*])=O |$;;;;;;;;;_R1;;_R2;$|,Backbone,2,ChEMBL,
X1746,X1746,Y,CC(C)=CCOc1ccc(C[C@H](N[*])C([*])=O)cc1 |$;;;;;;;;;;;;;_R1;;_R2;;;$|,Backbone,2,ChEMBL,
X1747,X1747,P,CC(C)=CC[C@@]12C[C@H](N([*])[C@H]1Nc1ccccc21)C([*])=O |$;;;;;;;;;_R1;;;;;;;;;;_R2;$|,Backbone,2,ChEMBL,
X1748,X1748,P,CC(C)=CC[C@@]12C[C@H](N([*])[C@@H]1Nc1ccccc21)C([*])=O |$;;;;;;;;;_R1;;;;;;;;;;_R2;$|,Backbone,2,ChEMBL,
X1749,X1749,X,[*]N[C@H](C1c2ccccc2-c2ccccc12)C([*])=O |$_R1;;;;;;;;;;;;;;;;;_R2;$|,Backbone,2,ChEMBL,
X175,X175,K,"CNC(NCCCC[C@@H](N[*])C([*])=O)=NC |w:14.14,1.0,$;;;;;;;;;;_R1;;_R2;;;$|",Backbone,2,ChEMBL,
X1750,X1750,S,CC(C)OC(=O)COC[C@@H](N[*])C([*])=O |$;;;;;;;;;;;_R1;;_R2;$|,Backbone,2,ChEMBL,
X1751,X1751,X,[*]N[C@H](C([*])=O)c1ccc2ccccc2c1 |$_R1;;;;_R2;;;;;;;;;;;$|,Backbone,2,ChEMBL,
X1752,X1752,F,OP(O)(=O)OC(F)(F)c1ccc(C[C@H](N[*])C([*])=O)cc1 |$;;;;;;;;;;;;;;;_R1;;_R2;;;$|,Backbone,2,ChEMBL,
X1753,X1753,X,CC(=O)SCCOCC[C@H](N[*])C([*])=O |$;;;;;;;;;;;_R1;;_R2;$|,Backbone,2,ChEMBL,
X1754,X1754,X,CC(=O)SCCCCC[C@H](N[*])C([*])=O |$;;;;;;;;;;;_R1;;_R2;$|,Backbone,2,ChEMBL,
X1755,X1755,F,[*]N[C@H]([C@H](OCc1ccccc1)c1ccccc1)C([*])=O |$_R1;;;;;;;;;;;;;;;;;;;_R2;$|,Backbone,2,ChEMBL,
X1756,X1756,T,C[C@H](COc1ccccc1)[C@@H](O)[C@H](N(C)[*])C([*])=O |$;;;;;;;;;;;;;;;_R1;;_R2;$|,Backbone,2,ChEMBL,
X1757,X1757,T,COC[C@@H](C)[C@@H](O)[C@H](N(C)[*])C([*])=O |$;;;;;;;;;;_R1;;_R2;$|,Backbone,2,ChEMBL,
X1758,X1758,L,"CC=CC[C@@H](C)C[C@H](N(C)[*])C([*])=O |w:1.0,$;;;;;;;;;;_R1;;_R2;$|",Backbone,2,ChEMBL,
X1759,X1759,T,"CCC=CC[C@@H](C)[C@@H](O)[C@H](N(C)[*])C([*])=O |w:3.3,$;;;;;;;;;;;;_R1;;_R2;$|",Backbone,2,ChEMBL,
X176,X176,X,COc1ccc(cc1)C(=O)CC[C@@H](N[*])C([*])=O |$;;;;;;;;;;;;;;_R1;;_R2;$|,Backbone,2,ChEMBL,
X1760,X1760,T,"CC=CC[C@@H](C)[C@H](O)[C@H](N(C)[*])C([*])=O |w:1.0,$;;;;;;;;;;;_R1;;_R2;$|",Backbone,2,ChEMBL,
X1761,X1761,T,"COCCCC=C(C)[C@@H](O)[C@H](N(C)[*])C([*])=O |w:5.4,$;;;;;;;;;;;;;_R1;;_R2;$|",Backbone,2,ChEMBL,
X1762,X1762,T,CCCC[C@@H](C)[C@@H](O)[C@H](N(C)[*])C([*])=O |$;;;;;;;;;;;_R1;;_R2;$|,Backbone,2,ChEMBL,
X1763,X1763,C,CN([*])[C@@H](CSCCN1CCOCC1)C([*])=O |$;;_R1;;;;;;;;;;;;;_R2;$|,Backbone,2,ChEMBL,
X1764,X1764,T,C[C@@H](OC(C)=O)[C@H](N[*])C([*])=O |$;;;;;;;;_R1;;_R2;$|,Backbone,2,ChEMBL,
X1765,X1765,P,NCCNC(=O)O[C@H]1C[C@H](N([*])C1)C([*])=O |$;;;;;;;;;;;_R1;;;_R2;$|,Backbone,2,ChEMBL,
X1766,X1766,W,COC(=O)n1cc(C[C@H](N[*])C([*])=O)c2ccccc12 |$;;;;;;;;;;_R1;;_R2;;;;;;;$|,Backbone,2,ChEMBL,
X1768,X1768,S,OC(=O)COC[C@@H](N[*])C([*])=O |$;;;;;;;;_R1;;_R2;$|,Backbone,2,ChEMBL,
X1769,X1769,X,[*]N1NC(=O)CC[C@H]1C([*])=O |$_R1;;;;;;;;;_R2;$|,Backbone,2,ChEMBL,
X1770,X1770,X,"[*]N1N=CC=C[C@H]1C([*])=O |$_R1;;;;;;;;_R2;$,c:2,4|",Backbone,2,ChEMBL,
X1771,X1771,X,[*]N[C@@H](CCCCCC(=O)[C@@H]1CO1)C([*])=O |$_R1;;;;;;;;;;;;;;_R2;$|,Backbone,2,ChEMBL,
X1772,X1772,W,Brc1[nH]c2ccccc2c1C[C@H](N[*])C([*])=O |$;;;;;;;;;;;;;_R1;;_R2;$|,Backbone,2,ChEMBL,
X1773,X1773,W,[*]N[C@@H](Cc1c([nH]c2ccccc12)C#N)C([*])=O |$_R1;;;;;;;;;;;;;;;;_R2;$|,Backbone,2,ChEMBL,
X1774,X1774,T,"C[C@H](CC=CCO)[C@@H](O)[C@H](N(C)[*])C([*])=O |w:3.2,$;;;;;;;;;;;;_R1;;_R2;$|",Backbone,2,ChEMBL,
X1775,X1775,D,CN([*])[C@@H](CC(=O)OC(C)(C)C)C([*])=O |$;;_R1;;;;;;;;;;;_R2;$|,Backbone,2,ChEMBL,
X1776,X1776,P,NCCNC(=O)O[C@@H]1C[C@H](N([*])C1)C([*])=O |$;;;;;;;;;;;_R1;;;_R2;$|,Backbone,2,ChEMBL,
X1777,X1777,X,ClC(Cl)C[C@H](N[*])C([*])=O |$;;;;;;_R1;;_R2;$|,Backbone,2,ChEMBL,
X1778,X1778,T,CC(C)[C@@H](O)[C@H](N(C)[*])C([*])=O |$;;;;;;;;_R1;;_R2;$|,Backbone,2,ChEMBL,
X1779,X1779,X,FC(F)(F)C(F)(F)C(=O)CCCCC[C@H](N[*])C([*])=O |$;;;;;;;;;;;;;;;;_R1;;_R2;$|,Backbone,2,ChEMBL,
X178,X178,I,CC[C@H](C)[C@H](NC[C@@H](N)CS)C([*])=O |$;;;;;;;;;;;;_R2;$|,Backbone,1,ChEMBL,
X1780,X1780,T,C[C@H](Cc1nc2ccccc2c(=O)[nH]1)[C@@H](O)[C@H](N(C)[*])C([*])=O |$;;;;;;;;;;;;;;;;;;;_R1;;_R2;$|,Backbone,2,ChEMBL,
X1781,X1781,T,"C[C@H](CC1=NCc2ccccc2N1)[C@@H](O)[C@H](N(C)[*])C([*])=O |$;;;;;;;;;;;;;;;;;;_R1;;_R2;$,t:3|",Backbone,2,ChEMBL,
X1782,X1782,V,CC(C)[C@](N[*])(C([*])=O)C(F)(F)F |$;;;;;_R1;;_R2;;;;;$|,Backbone,2,ChEMBL,
X1783,X1783,S,CN(C)c1cccc2c(cccc12)S(=O)(=O)NCCOC[C@@H](N[*])C([*])=O |$;;;;;;;;;;;;;;;;;;;;;;;_R1;;_R2;$|,Backbone,2,ChEMBL,
X1785,X1785,X,CN(C)CC[C@@H](N[*])C([*])=O |$;;;;;;;_R1;;_R2;$|,Backbone,2,ChEMBL,
X1786,X1786,F,OP(O)(=O)OCc1ccc(C[C@@H](N[*])C([*])=O)cc1 |$;;;;;;;;;;;;;_R1;;_R2;;;$|,Backbone,2,ChEMBL,
X1787,X1787,X,Oc1c(cnc2ccccc12)[C@@H](N[*])C([*])=O |$;;;;;;;;;;;;;_R1;;_R2;$|,Backbone,2,ChEMBL,
X1788,X1788,X,[*]N1CCOC[C@H]1C([*])=O |$_R1;;;;;;;;_R2;$|,Backbone,2,ChEMBL,
X1789,X1789,F,C[N+](C)(C)c1ccc(C[C@H](N[*])C([*])=O)cc1 |$;;;;;;;;;;;_R1;;_R2;;;$|,Backbone,2,ChEMBL,
X179,X179,X,[*]N[C@@H](CCc1ncc[nH]1)C([*])=O |$_R1;;;;;;;;;;;_R2;$|,Backbone,2,ChEMBL,
X1790,X1790,X,CC(C)(C)OC(=O)NC[C@@H](N[*])C([*])=O |$;;;;;;;;;;;_R1;;_R2;$|,Backbone,2,ChEMBL,
X1791,X1791,X,CCN(CC)C[C@@H](N[*])C([*])=O |$;;;;;;;;_R1;;_R2;$|,Backbone,2,ChEMBL,
X1792,X1792,F,[*]N[C@@H]([C@H](OCc1ccccc1)c1ccccc1)C([*])=O |$_R1;;;;;;;;;;;;;;;;;;;_R2;$|,Backbone,2,ChEMBL,
X1793,X1793,X,[*]N[C@@H](CC(=O)c1ccccc1N(=O)=O)C([*])=O |$_R1;;;;;;;;;;;;;;;;_R2;$|,Backbone,2,ChEMBL,
X1794,X1794,W,[*]N[C@@H](Cc1cn(CN2CCCC2)c2ccccc12)C([*])=O |$_R1;;;;;;;;;;;;;;;;;;;;_R2;$|,Backbone,2,ChEMBL,
X1795,X1795,X,[*]N1NCCC[C@@H]1C([*])=O |$_R1;;;;;;;;_R2;$|,Backbone,2,ChEMBL,
X1796,X1796,X,[*]N1NCCC[C@H]1C([*])=O |$_R1;;;;;;;;_R2;$|,Backbone,2,ChEMBL,
X1797,X1797,X,"CN(C)C[C@@H]1C[C@H](N([*])N=C1)C([*])=O |$;;;;;;;;_R1;;;;_R2;$,c:9|",Backbone,2,ChEMBL,
X1798,X1798,X,FC(F)(F)C(=O)CCCCC[C@H](N[*])C([*])=O |$;;;;;;;;;;;;;_R1;;_R2;$|,Backbone,2,ChEMBL,
X1799,X1799,P,N[C@@H]1C[C@H](N([*])C1)C([*])=O |$;;;;;_R1;;;_R2;$|,Backbone,2,ChEMBL,
X18,X18,K,"CCNC(NCCCC[C@@H](N[*])C([*])=O)=NCC |w:15.15,2.1,$;;;;;;;;;;;_R1;;_R2;;;;$|",Backbone,2,ChEMBL,
X180,X180,X,[*]N[C@@H](Cc1ncc[nH]1)C([*])=O |$_R1;;;;;;;;;;_R2;$|,Backbone,2,ChEMBL,
X1800,X1800,Y,Oc1ccc(C[C@@H](N[*])C([*])=O)cc1I |$;;;;;;;;_R1;;_R2;;;;$|,Backbone,2,ChEMBL,
X1801,X1801,W,Cc1[nH]c2ccccc2c1C[C@H](N[*])C([*])=O |$;;;;;;;;;;;;;_R1;;_R2;$|,Backbone,2,ChEMBL,
X1802,X1802,W,Clc1[nH]c2ccccc2c1C[C@H](N[*])C([*])=O |$;;;;;;;;;;;;;_R1;;_R2;$|,Backbone,2,ChEMBL,
X1803,X1803,X,[*]N[C@H](C1CC1)C([*])=O |$_R1;;;;;;;_R2;$|,Backbone,2,ChEMBL,
X1804,X1804,T,COCC[C@@H](C)[C@@H](O)[C@H](N(C)[*])C([*])=O |$;;;;;;;;;;;_R1;;_R2;$|,Backbone,2,ChEMBL,
X1805,X1805,Y,OP(O)(=O)Oc1ccc(C[C@@H](N[*])C([*])=O)cc1 |$;;;;;;;;;;;;_R1;;_R2;;;$|,Backbone,2,ChEMBL,
X1807,X1807,S,OCC(=C)COC[C@@H](N[*])C([*])=O |$;;;;;;;;;_R1;;_R2;$|,Backbone,2,ChEMBL,
X1808,X1808,X,CN([*])[C@H](CC#C)C([*])=O |$;;_R1;;;;;;_R2;$|,Backbone,2,ChEMBL,
X1809,X1809,X,CC(=O)[C@@H](CS(O)(=O)=O)[C@H](N[*])C([*])=O |$;;;;;;;;;;;_R1;;_R2;$|,Backbone,2,ChEMBL,
X181,X181,K,Oc1ccc2c(Oc3cc(O)ccc3C22OC(=O)c3cc(NC(=S)NCCCC[C@H](N[*])C([*])=O)ccc23)c1 |$;;;;;;;;;;;;;;;;;;;;;;;;;;;;;;;_R1;;_R2;;;;;$|,Backbone,2,ChEMBL,
X1811,X1811,X,COC(=O)COCCOCCOCCNCCOCCOCCn1cc(C[C@@H](N(C)[*])C([*])=O)nn1 |$;;;;;;;;;;;;;;;;;;;;;;;;;;;;;;_R1;;_R2;;;$|,Backbone,2,ChEMBL,
X1812,X1812,X,[*]NC1([C@@H]([C@H]1c1ccccc1)c1ccccc1)C([*])=O |$_R1;;;;;;;;;;;;;;;;;;_R2;$|,Backbone,2,ChEMBL,
X1813,X1813,X,"[*]N=C(Cc1cccnc1)C([*])=O |w:1.0,$_R1;;;;;;;;;;;_R2;$|",Backbone,2,ChEMBL,
X1814,X1814,P,C[C@H]1C[C@H](N([*])C1)C([*])=O |$;;;;;_R1;;;_R2;$|,Backbone,2,ChEMBL,
X1815,X1815,F,[*]N[C@@H](Cc1ccc(cc1)N(Cc1ccccc1)Cc1ccccc1)C([*])=O |$_R1;;;;;;;;;;;;;;;;;;;;;;;;;;_R2;$|,Backbone,2,ChEMBL,
X1816,X1816,S,OCCOC[C@@H](N[*])C([*])=O |$;;;;;;;_R1;;_R2;$|,Backbone,2,ChEMBL,
X1817,X1817,K,Clc1ccc(COC(=O)NCCCC[C@H](N[*])C([*])=O)cc1 |$;;;;;;;;;;;;;;;;_R1;;_R2;;;$|,Backbone,2,ChEMBL,
X1818,X1818,X,CN(C)CCC[C@@H](N[*])C([*])=O |$;;;;;;;;_R1;;_R2;$|,Backbone,2,ChEMBL,
X1819,X1819,X,CCN(CC)CCC[C@@H](N[*])C([*])=O |$;;;;;;;;;;_R1;;_R2;$|,Backbone,2,ChEMBL,
X182,X182,F,CCCCN(C#N)c1ccc(C[C@@H](N[*])C([*])=O)cc1 |$;;;;;;;;;;;;;;_R1;;_R2;;;$|,Backbone,2,ChEMBL,
X1820,X1820,T,C[C@@H](OCCCO)[C@H](N[*])C([*])=O |$;;;;;;;;;_R1;;_R2;$|,Backbone,2,ChEMBL,
X1821,X1821,T,"CCCC=C(C)[C@@H](O)[C@H](N(C)[*])C([*])=O |w:3.2,$;;;;;;;;;;;_R1;;_R2;$|",Backbone,2,ChEMBL,
X1822,X1822,T,"CC(C)OC(=O)CCC=C(C)[C@@H](O)[C@H](N(C)[*])C([*])=O |w:8.7,$;;;;;;;;;;;;;;;;_R1;;_R2;$|",Backbone,2,ChEMBL,
X1823,X1823,T,C[C@H](Cc1nc2ccccc2s1)[C@@H](O)[C@H](N(C)[*])C([*])=O |$;;;;;;;;;;;;;;;;;_R1;;_R2;$|,Backbone,2,ChEMBL,
X1824,X1824,C,CN([*])[C@@H](CSCCCN1CCOCC1)C([*])=O |$;;_R1;;;;;;;;;;;;;;_R2;$|,Backbone,2,ChEMBL,
X1825,X1825,L,CN([*])[C@@H](CC(C)(C)OCc1ccccc1)C([*])=O |$;;_R1;;;;;;;;;;;;;;;_R2;$|,Backbone,2,ChEMBL,
X1826,X1826,V,"CC(C)[C@H](N([*])CC=C(C)CO)C([*])=O |w:7.6,$;;;;;_R1;;;;;;;;_R2;$|",Backbone,2,ChEMBL,
X1827,X1827,K,[*]N[C@H](CCCCNc1ccc(c2nonc12)N(=O)=O)C([*])=O |$_R1;;;;;;;;;;;;;;;;;;;;;_R2;$|,Backbone,2,ChEMBL,
X1828,X1828,L,CC[C@H](C)C[C@H](N(C)[*])C([*])=O |$;;;;;;;;_R1;;_R2;$|,Backbone,2,ChEMBL,
X1829,X1829,X,[*]N1CNCC[C@@H]1C([*])=O |$_R1;;;;;;;;_R2;$|,Backbone,2,ChEMBL,
X183,X183,F,CCCCN(C#N)c1ccc(C[C@H](N[*])C([*])=O)cc1 |$;;;;;;;;;;;;;;_R1;;_R2;;;$|,Backbone,2,ChEMBL,
X1830,X1830,F,[*]N(CC=C)[C@H](Cc1ccccc1)C([*])=O |$_R1;;;;;;;;;;;;;;_R2;$|,Backbone,2,ChEMBL,
X1831,X1831,F,CN([*])[C@@H](Cc1ccc(Br)cc1)C([*])=O |$;;_R1;;;;;;;;;;;_R2;$|,Backbone,2,ChEMBL,
X1832,X1832,S,[*]N[C@H](COCC=C)C([*])=O |$_R1;;;;;;;;;_R2;$|,Backbone,2,ChEMBL,
X1834,X1834,F,CN([*])[C@@](Cc1ccccc1)(C([*])=O)C(F)(F)F |$;;_R1;;;;;;;;;;_R2;;;;;$|,Backbone,2,ChEMBL,
X1835,X1835,T,"CCOC(=O)C=CC[C@@H](C)[C@@H](O)[C@H](N(C)[*])C([*])=O |w:6.6,$;;;;;;;;;;;;;;;_R1;;_R2;$|",Backbone,2,ChEMBL,
X1837,X1837,S,"CC(=O)OCC=CCOC[C@@H](N[*])C([*])=O |w:6.6,$;;;;;;;;;;;;_R1;;_R2;$|",Backbone,2,ChEMBL,
X1838,X1838,S,Cc1ccc(cc1)S(=O)(=O)OCCOC[C@@H](N[*])C([*])=O |$;;;;;;;;;;;;;;;;;_R1;;_R2;$|,Backbone,2,ChEMBL,
X184,X184,V,CC(C)[C@H](N[*])C(=O)C[C@H](Cc1ccccc1)C(O)=O |$;;;;;_R1;;;;;;;;;;;;;;$|,Backbone,1,ChEMBL,
X1840,X1840,X,[*]N1CCNC[C@H]1C([*])=O |$_R1;;;;;;;;_R2;$|,Backbone,2,ChEMBL,
X1841,X1841,X,CN([*])[C@@H](Cc1ccoc1)C([*])=O |$;;_R1;;;;;;;;;_R2;$|,Backbone,2,ChEMBL,
X1842,X1842,X,CN([*])[C@H](Cc1ccoc1)C([*])=O |$;;_R1;;;;;;;;;_R2;$|,Backbone,2,ChEMBL,
X1843,X1843,X,CCCn1cc([C@H](N[*])C([*])=O)c(=O)c2ccccc12 |$;;;;;;;;_R1;;_R2;;;;;;;;;$|,Backbone,2,ChEMBL,
X1844,X1844,X,[*]N[C@@H](C([*])=O)c1cnc2ccccc2c1N1CCCCC1 |$_R1;;;;_R2;;;;;;;;;;;;;;;;;$|,Backbone,2,ChEMBL,
X1845,X1845,W,COc1cc(OC)cc(c1)-c1[nH]c2ccccc2c1C[C@H](N[*])C([*])=O |$;;;;;;;;;;;;;;;;;;;;;;_R1;;_R2;$|,Backbone,2,ChEMBL,
X1846,X1846,X,CCCCCCCCCCC(=O)C[C@H](N[*])C([*])=O |$;;;;;;;;;;;;;;;_R1;;_R2;$|,Backbone,2,ChEMBL,
X1847,X1847,X,[*]NC1([C@H]([C@@H]1c1ccccc1)c1ccccc1)C([*])=O |$_R1;;;;;;;;;;;;;;;;;;_R2;$|,Backbone,2,ChEMBL,
X185,X185,R,CN(C)C(=NCCC[C@H](N[*])C([*])=O)N(C)C |$;;;;;;;;;;_R1;;_R2;;;;$|,Backbone,2,ChEMBL,
X1850,X1850,X,Clc1c(cnc2ccccc12)[C@@H](N[*])C([*])=O |$;;;;;;;;;;;;;_R1;;_R2;$|,Backbone,2,ChEMBL,
X1851,X1851,X,[*]N[C@@H](CCCCCC(=O)[CH-][N+]#N)C([*])=O |$_R1;;;;;;;;;;;;;;_R2;$|,Backbone,2,ChEMBL,
X1852,X1852,X,ClCC(=O)CCCCC[C@H](N[*])C([*])=O |$;;;;;;;;;;;_R1;;_R2;$|,Backbone,2,ChEMBL,
X1853,X1853,T,"C[C@H](CC=CC=C)[C@@H](O)[C@H](N(C)[*])C([*])=O |w:3.2,$;;;;;;;;;;;;_R1;;_R2;$|",Backbone,2,ChEMBL,
X1854,X1854,L,"CCC=CC[C@@H](C)C[C@H](N(C)[*])C([*])=O |w:3.3,$;;;;;;;;;;;_R1;;_R2;$|",Backbone,2,ChEMBL,
X1855,X1855,X,C[C@@H](C=C)[C@H](N(C)[*])C([*])=O |$;;;;;;;_R1;;_R2;$|,Backbone,2,ChEMBL,
X1856,X1856,T,C[C@H](C[C@@H]1C[C@H]1C)[C@@H](O)[C@H](N(C)[*])C([*])=O |$;;;;;;;;;;;;_R1;;_R2;$|,Backbone,2,ChEMBL,
X1857,X1857,P,CN(C)CCNC(=O)O[C@@H]1C[C@H](N([*])C1)C([*])=O |$;;;;;;;;;;;;;_R1;;;_R2;$|,Backbone,2,ChEMBL,
X1858,X1858,T,C[C@H](Cc1nc2ccc(cc2[nH]1)C(O)=O)[C@@H](O)[C@H](N(C)[*])C([*])=O |$;;;;;;;;;;;;;;;;;;;;_R1;;_R2;$|,Backbone,2,ChEMBL,
X1859,X1859,T,C[C@H](Cc1nc2ccc(C)cc2[nH]1)[C@@H](O)[C@H](N(C)[*])C([*])=O |$;;;;;;;;;;;;;;;;;;_R1;;_R2;$|,Backbone,2,ChEMBL,
X186,X186,X,CN(C)C(=NC[C@H](N[*])C([*])=O)N(C)C |$;;;;;;;;_R1;;_R2;;;;$|,Backbone,2,ChEMBL,
X1860,X1860,T,CC(C)c1ccc2nc(C[C@@H](C)[C@@H](O)[C@H](N(C)[*])C([*])=O)[nH]c2c1 |$;;;;;;;;;;;;;;;;;_R1;;_R2;;;;$|,Backbone,2,ChEMBL,
X1861,X1861,X,CS[C@@H](N(C)[*])C([*])=O |$;;;;;_R1;;_R2;$|,Backbone,2,ChEMBL,
X1862,X1862,K,CN([*])[C@H](CCCCNC(=O)OCc1ccc(Cl)cc1)C([*])=O |$;;_R1;;;;;;;;;;;;;;;;;;;_R2;$|,Backbone,2,ChEMBL,
X1863,X1863,X,COSCC[C@H](N[*])C([*])=O |$;;;;;;;_R1;;_R2;$|,Backbone,2,ChEMBL,
X1864,X1864,F,Ic1ccc(C[C@@H](N[*])C([*])=O)cc1 |$;;;;;;;;_R1;;_R2;;;$|,Backbone,2,ChEMBL,
X1865,X1865,X,CCn1cc([C@H](N[*])C([*])=O)c(=O)c2ccccc12 |$;;;;;;;_R1;;_R2;;;;;;;;;$|,Backbone,2,ChEMBL,
X1866,X1866,X,[*]N[C@@H](CC(=O)Cc1ccccc1)C([*])=O |$_R1;;;;;;;;;;;;;;_R2;$|,Backbone,2,ChEMBL,
X1867,X1867,I,CC[C@@H](C)[C@H](N(O)[*])C([*])=O |$;;;;;;;_R1;;_R2;$|,Backbone,2,ChEMBL,
X1868,X1868,P,O[C@@]12C[C@H](N([*])[C@@H]1Nc1cc(Cl)ccc21)C([*])=O |$;;;;;_R1;;;;;;;;;;;_R2;$|,Backbone,2,ChEMBL,
X1869,X1869,F,OP(O)(=O)OC(F)(F)c1ccc(C[C@@H](N[*])C([*])=O)cc1 |$;;;;;;;;;;;;;;;_R1;;_R2;;;$|,Backbone,2,ChEMBL,
X187,X187,X,NC(=N)NCC[C@H](N[*])C([*])=O |$;;;;;;;;_R1;;_R2;$|,Backbone,2,ChEMBL,
X1870,X1870,X,[*]N[C@@H](Cn1ccc2ccccc12)C([*])=O |$_R1;;;;;;;;;;;;;;_R2;$|,Backbone,2,ChEMBL,
X1871,X1871,X,CC(=O)SCCOCC[C@@H](N[*])C([*])=O |$;;;;;;;;;;;_R1;;_R2;$|,Backbone,2,ChEMBL,
X1872,X1872,K,Clc1ccccc1COC(=O)NCCCC[C@@H](N[*])C([*])=O |$;;;;;;;;;;;;;;;;;;_R1;;_R2;$|,Backbone,2,ChEMBL,
X1873,X1873,T,CC#CC[C@@H](C)[C@@H](O)[C@H](N(C)[*])C([*])=O |$;;;;;;;;;;;_R1;;_R2;$|,Backbone,2,ChEMBL,
X1874,X1874,X,COC(=O)CCCCCC[C@H](N[*])C([*])=O |$;;;;;;;;;;;;_R1;;_R2;$|,Backbone,2,ChEMBL,
X1875,X1875,T,"CC=CCC[C@@H](O)[C@H](N(C)[*])C([*])=O |w:1.0,$;;;;;;;;;;_R1;;_R2;$|",Backbone,2,ChEMBL,
X1876,X1876,X,C[C@@H](O)C[C@H](N[*])C([*])=O |$;;;;;;_R1;;_R2;$|,Backbone,2,ChEMBL,
X1877,X1877,T,"CN([*])[C@@H]([C@H](O)C(C)=CCCC[N-][N+]#N)C([*])=O |w:8.8,$;;_R1;;;;;;;;;;;;;;_R2;$|",Backbone,2,ChEMBL,
X1878,X1878,X,CCN(CC)CCS[C@@H](N(C)[*])C([*])=O |$;;;;;;;;;;;_R1;;_R2;$|,Backbone,2,ChEMBL,
X1879,X1879,X,Oc1c(cnc2ccccc12)[C@H](N[*])C([*])=O |$;;;;;;;;;;;;;_R1;;_R2;$|,Backbone,2,ChEMBL,
X188,X188,F,[*]N[C@H](Cc1c2ccccc2cc2ccccc12)C([*])=O |$_R1;;;;;;;;;;;;;;;;;;;_R2;$|,Backbone,2,ChEMBL,
X1881,X1881,S,OCCCOC[C@@H](N[*])C([*])=O |$;;;;;;;;_R1;;_R2;$|,Backbone,2,ChEMBL,
X1882,X1882,X,CN(C)CCS[C@H](N(C)[*])C([*])=O |$;;;;;;;;;_R1;;_R2;$|,Backbone,2,ChEMBL,
X1883,X1883,T,CSCOC(=O)CCC[C@@H](C)[C@@H](O)[C@H](N(C)[*])C([*])=O |$;;;;;;;;;;;;;;;;_R1;;_R2;$|,Backbone,2,ChEMBL,
X1884,X1884,X,[*]N[C@]1(C[C@H]1c1ccccc1)C([*])=O |$_R1;;;;;;;;;;;;_R2;$|,Backbone,2,ChEMBL,
X1885,X1885,F,[*]N[C@@H](Cc1ccc(NCc2ccccc2)cc1)C([*])=O |$_R1;;;;;;;;;;;;;;;;;;;_R2;$|,Backbone,2,ChEMBL,
X1889,X1889,R,[*]N[C@@H](CCCN=C(NC(=O)OCc1ccccc1)NC(=O)OCc1ccccc1)C([*])=O |$_R1;;;;;;;;;;;;;;;;;;;;;;;;;;;;;;;_R2;$|,Backbone,2,ChEMBL,
X189,X189,F,[*]N[C@H](Cc1ccc(cc1)-c1ccccc1)C([*])=O |$_R1;;;;;;;;;;;;;;;;;_R2;$|,Backbone,2,ChEMBL,
X1890,X1890,X,[*]N[C@H](CC#N)C([*])=O |$_R1;;;;;;;_R2;$|,Backbone,2,ChEMBL,
X1891,X1891,V,CCN([*])[C@@H](C(C)C)C([*])=O |$;;;_R1;;;;;;_R2;$|,Backbone,2,ChEMBL,
X1892,X1892,K,CCN(CC)CCCC[C@@H](N[*])C([*])=O |$;;;;;;;;;;;_R1;;_R2;$|,Backbone,2,ChEMBL,
X1893,X1893,X,Cn1cc([C@H](N[*])C([*])=O)c(=O)c2ccccc12 |$;;;;;;_R1;;_R2;;;;;;;;;$|,Backbone,2,ChEMBL,
X1894,X1894,W,Cn1ccc2cc(ccc12)-c1[nH]c2ccccc2c1C[C@H](N[*])C([*])=O |$;;;;;;;;;;;;;;;;;;;;;;_R1;;_R2;$|,Backbone,2,ChEMBL,
X1895,X1895,W,[*]N[C@@H](Cc1c([nH]c2ccccc12)-c1ccccc1)C([*])=O |$_R1;;;;;;;;;;;;;;;;;;;;_R2;$|,Backbone,2,ChEMBL,
X1896,X1896,X,CN1CCC[C@@H](N1[*])C([*])=O |$;;;;;;;_R1;;_R2;$|,Backbone,2,ChEMBL,
X1897,X1897,X,CN1CCC[C@H](N1[*])C([*])=O |$;;;;;;;_R1;;_R2;$|,Backbone,2,ChEMBL,
X1898,X1898,X,[*]N1CNCC[C@H]1C([*])=O |$_R1;;;;;;;;_R2;$|,Backbone,2,ChEMBL,
X1899,X1899,S,"OCC=CCOC[C@@H](N[*])C([*])=O |w:3.3,$;;;;;;;;;_R1;;_R2;$|",Backbone,2,ChEMBL,
X190,X190,G,"CC1(C)C(=CC=CC=CC=CC2=[N+](CCC(=O)NC(=O)CN[*])c3ccc4ccccc4c3C2(C)C)N(CCC(O)=O)c2ccc3ccccc3c12 |w:4.4,6.6,8.8,10.10,$;;;;;;;;;;;;;;;;;;;;;;_R1;;;;;;;;;;;;;;;;;;;;;;;;;;;;;$,c:11|",Backbone,1,ChEMBL,
X1900,X1900,F,[*]N[C@H](Cc1ccc2nc(oc2c1)-c1ccccc1)C([*])=O |$_R1;;;;;;;;;;;;;;;;;;;;_R2;$|,Backbone,2,ChEMBL,
X1901,X1901,T,"NC1=NC[C@H](N1)[C@H](O)[C@@H](N[*])C([*])=O |$;;;;;;;;;;_R1;;_R2;$,t:1|",Backbone,2,ChEMBL,
X1902,X1902,T,"COCOC(=O)C=CC[C@@H](C)[C@@H](O)[C@H](N(C)[*])C([*])=O |w:7.7,$;;;;;;;;;;;;;;;;_R1;;_R2;$|",Backbone,2,ChEMBL,
X1903,X1903,S,CC(C)OC(=O)COCCOCCOC[C@@H](N[*])C([*])=O |$;;;;;;;;;;;;;;;;;_R1;;_R2;$|,Backbone,2,ChEMBL,
X1904,X1904,T,COC(=O)CCC[C@@H](C)[C@@H](O)[C@H](N(C)[*])C([*])=O |$;;;;;;;;;;;;;;_R1;;_R2;$|,Backbone,2,ChEMBL,
X1905,X1905,S,NCCOC[C@@H](N[*])C([*])=O |$;;;;;;;_R1;;_R2;$|,Backbone,2,ChEMBL,
X1906,X1906,S,OCCOCCOC[C@@H](N[*])C([*])=O |$;;;;;;;;;;_R1;;_R2;$|,Backbone,2,ChEMBL,
X1907,X1907,S,COC(=O)C(=C)COC[C@@H](N[*])C([*])=O |$;;;;;;;;;;;_R1;;_R2;$|,Backbone,2,ChEMBL,
X1909,X1909,X,CC(=O)CCCC[C@H](N[*])C([*])=O |$;;;;;;;;;_R1;;_R2;$|,Backbone,2,ChEMBL,
X191,X191,F,Cc1cc(C)c(C[C@@H](N[*])C([*])=O)c(C)c1 |$;;;;;;;;;_R1;;_R2;;;;$|,Backbone,2,ChEMBL,
X1910,X1910,P,CC1(C)C[C@@H](N([*])C1)C([*])=O |$;;;;;;_R1;;;_R2;$|,Backbone,2,ChEMBL,
X1911,X1911,F,CN([*])[C@](Cc1ccccc1)(C([*])=O)C(F)(F)F |$;;_R1;;;;;;;;;;_R2;;;;;$|,Backbone,2,ChEMBL,
X1912,X1912,T,CC=C=CC[C@@H](C)[C@@H](O)[C@H](N(C)[*])C([*])=O |$;;;;;;;;;;;;_R1;;_R2;$|,Backbone,2,ChEMBL,
X1913,X1913,T,C[C@@H](OC(c1ccccc1)(c1ccccc1)c1ccccc1)[C@@H](N[*])C([*])=O |$;;;;;;;;;;;;;;;;;;;;;;;;_R1;;_R2;$|,Backbone,2,ChEMBL,
X1914,X1914,T,CCOC(=O)CCC[C@@H](C)[C@@H](O)[C@H](N(C)[*])C([*])=O |$;;;;;;;;;;;;;;;_R1;;_R2;$|,Backbone,2,ChEMBL,
X1915,X1915,S,CC(C)(C)[Si](C)(C)OCC(=C)COC[C@@H](N[*])C([*])=O |$;;;;;;;;;;;;;;;;_R1;;_R2;$|,Backbone,2,ChEMBL,
X1917,X1917,X,CCCCCC[C@@H](N(C)[*])C([*])=O |$;;;;;;;;;_R1;;_R2;$|,Backbone,2,ChEMBL,
X1918,X1918,X,[*]N1COC[C@@H]1C([*])=O |$_R1;;;;;;;_R2;$|,Backbone,2,ChEMBL,
X1919,X1919,T,CCOCC[C@@H](C)[C@@H](O)[C@H](N(C)[*])C([*])=O |$;;;;;;;;;;;;_R1;;_R2;$|,Backbone,2,ChEMBL,
X1920,X1920,L,CN([*])[C@@H](CC(C)(C)F)C([*])=O |$;;_R1;;;;;;;;_R2;$|,Backbone,2,ChEMBL,
X1921,X1921,X,CN([*])[C@@H](CC(C)=C)C([*])=O |$;;_R1;;;;;;;_R2;$|,Backbone,2,ChEMBL,
X1922,X1922,X,FC(F)(F)C(=O)CSCCCC[C@H](N[*])C([*])=O |$;;;;;;;;;;;;;;_R1;;_R2;$|,Backbone,2,ChEMBL,
X1923,X1923,T,COC(=O)c1ccc2nc(C[C@@H](C)[C@@H](O)[C@H](N(C)[*])C([*])=O)[nH]c2c1 |$;;;;;;;;;;;;;;;;;;_R1;;_R2;;;;$|,Backbone,2,ChEMBL,
X1924,X1924,T,C[C@H](Cc1nc2ccccc2[nH]1)[C@@H](O)[C@H](N(C)[*])C([*])=O |$;;;;;;;;;;;;;;;;;_R1;;_R2;$|,Backbone,2,ChEMBL,
X1925,X1925,X,CO[C@@H](N(C)[*])C([*])=O |$;;;;;_R1;;_R2;$|,Backbone,2,ChEMBL,
X1926,X1926,X,CN([*])[C@H](SCCO)C([*])=O |$;;_R1;;;;;;;_R2;$|,Backbone,2,ChEMBL,
X1927,X1927,X,CN([*])[C@H](SCCN1CCOCC1)C([*])=O |$;;_R1;;;;;;;;;;;;_R2;$|,Backbone,2,ChEMBL,
X1928,X1928,S,CC(C)(O)COC[C@@H](N[*])C([*])=O |$;;;;;;;;;_R1;;_R2;$|,Backbone,2,ChEMBL,
X1929,X1929,S,CC(C)(C)OC(=O)COC[C@@H](N[*])C([*])=O |$;;;;;;;;;;;;_R1;;_R2;$|,Backbone,2,ChEMBL,
X193,X193,R,CC(C)(C)OC(=O)N[C@@H](CCCNC(N)=N)C([*])=O |$;;;;;;;;;;;;;;;;;_R2;$|,Backbone,1,ChEMBL,
X1931,X1931,T,C[C@H](C[C@H]1OC11CC1)[C@@H](O[Si](C)(C)C(C)(C)C)[C@H](N(C)[*])C([*])=O |$;;;;;;;;;;;;;;;;;;;;_R1;;_R2;$|,Backbone,2,ChEMBL,
X1932,X1932,X,[*]N[C@@H](CCCCCC(=O)[C@H]1CO1)C([*])=O |$_R1;;;;;;;;;;;;;;_R2;$|,Backbone,2,ChEMBL,
X1933,X1933,X,CC(C)N(C)CCS[C@@H](N(C)[*])C([*])=O |$;;;;;;;;;;;_R1;;_R2;$|,Backbone,2,ChEMBL,
X1934,X1934,X,CN([*])[C@H](SCCn1ccnc1)C([*])=O |$;;_R1;;;;;;;;;;;_R2;$|,Backbone,2,ChEMBL,
X1935,X1935,S,COC(=O)COC[C@@H](N[*])C([*])=O |$;;;;;;;;;_R1;;_R2;$|,Backbone,2,ChEMBL,
X1937,X1937,F,[*]N[C@@H]([C@@H](OCc1ccccc1)c1ccccc1)C([*])=O |$_R1;;;;;;;;;;;;;;;;;;;_R2;$|,Backbone,2,ChEMBL,
X1938,X1938,X,CC(=N)NCCC[C@H](N[*])C([*])=O |$;;;;;;;;;_R1;;_R2;$|,Backbone,2,ChEMBL,
X1939,X1939,G,CC(C)(S)N([*])CC([*])=O |$;;;;;_R1;;;_R2;$|,Backbone,2,ChEMBL,
X194,X194,X,[*]N[C@@H](Cc1c[nH]c2ccccc12)C=O |$_R1;;;;;;;;;;;;;;$|,Backbone,1,ChEMBL,
X1940,X1940,W,NCCn1cc(C[C@H](N[*])C([*])=O)c2ccccc12 |$;;;;;;;;;_R1;;_R2;;;;;;;$|,Backbone,2,ChEMBL,
X1941,X1941,W,CCn1cc(C[C@H](N[*])C([*])=O)c2ccccc12 |$;;;;;;;;_R1;;_R2;;;;;;;$|,Backbone,2,ChEMBL,
X1942,X1942,X,[*]N[C@@]1(C[C@H]1c1ccccc1)C([*])=O |$_R1;;;;;;;;;;;;_R2;$|,Backbone,2,ChEMBL,
X1943,X1943,T,C[C@@H](O)[C@](C)(N[*])C([*])=O |$;;;;;;_R1;;_R2;$|,Backbone,2,ChEMBL,
X1944,X1944,T,C[C@H](CO)[C@@H](O)[C@H](N(C)[*])C([*])=O |$;;;;;;;;;_R1;;_R2;$|,Backbone,2,ChEMBL,
X1945,X1945,T,CCOC[C@@H](C)[C@@H](O)[C@H](N(C)[*])C([*])=O |$;;;;;;;;;;;_R1;;_R2;$|,Backbone,2,ChEMBL,
X1946,X1946,X,COC(=O)CCCC[C@H](N[*])C([*])=O |$;;;;;;;;;;_R1;;_R2;$|,Backbone,2,ChEMBL,
X1947,X1947,F,CC(C)NCc1ccc(C[C@H](N[*])C([*])=O)cc1 |$;;;;;;;;;;;;_R1;;_R2;;;$|,Backbone,2,ChEMBL,
X1948,X1948,X,N[C@H](C([*])=O)C1(CCCCC1)S[*] |$;;;_R2;;;;;;;;;_R3$|,Backbone,2,ChEMBL,
X1949,X1949,F,CC(C)NCc1ccc(C[C@H](N(C)[*])C([*])=O)cc1 |$;;;;;;;;;;;;;_R1;;_R2;;;$|,Backbone,2,ChEMBL,
X195,X195,F,[*]N[C@H](C(c1ccccc1)c1ccccc1)C([*])=O |$_R1;;;;;;;;;;;;;;;;;_R2;$|,Backbone,2,ChEMBL,
X1950,X1950,F,C[C@@H]([C@H](N[*])C([*])=O)c1ccc2ccccc2c1 |$;;;;_R1;;_R2;;;;;;;;;;;$|,Backbone,2,ChEMBL,
X1951,X1951,D,COC(=O)C[C@@H](N[*])C([*])=O |$;;;;;;;_R1;;_R2;$|,Backbone,2,ChEMBL,
X1952,X1952,F,N[C@@H](Cc1ccc(N)c(I)c1)C([*])=O |$;;;;;;;;;;;;_R2;$|,Backbone,1,ChEMBL,
X1953,X1953,Y,NC(=O)N[C@@H](Cc1ccc(O)cc1)C([*])=O |$;;;;;;;;;;;;;;_R2;$|,Backbone,1,ChEMBL,
X1954,X1954,C,NC(=O)N[C@H](CS[*])C([*])=O |$;;;;;;;_R3;;_R2;$|,Backbone,2,ChEMBL,
X1955,X1955,Y,N[C@@H](Cc1ccc(O)c(F)c1)C([*])=O |$;;;;;;;;;;;;_R2;$|,Backbone,1,ChEMBL,
X1956,X1956,X,[*]N[C@H](S[*])C([*])=O |$_R1;;;;_R3;;_R2;$|,Backbone,3,ChEMBL,
X1957,X1957,C,[*]C(=O)[C@@H](CS[*])NC(=O)Nc1ccc(cc1)-c1ccccc1 |$_R2;;;;;;_R3;;;;;;;;;;;;;;;;$|,Backbone,2,ChEMBL,
X1958,X1958,C,[*]C(=O)[C@@H](CS[*])NCC1CCCCC1 |$_R2;;;;;;_R3;;;;;;;;$|,Backbone,2,ChEMBL,
X1959,X1959,X,Clc1ccccc1[C@H](N[*])C([*])=O |$;;;;;;;;;_R1;;_R2;$|,Backbone,2,ChEMBL,
X196,X196,F,NC(=N)Nc1ccc(C[C@@H](N[*])C([*])=O)cc1 |$;;;;;;;;;;;_R1;;_R2;;;$|,Backbone,2,ChEMBL,
X1960,X1960,A,C[C@H](NCc1ccccc1OC(F)(F)F)C([*])=O |$;;;;;;;;;;;;;;;;_R2;$|,Backbone,1,ChEMBL,
X1961,X1961,P,[*]N1C[C@@H](C[C@@H]1C([*])=O)S[*] |$_R1;;;;;;;_R2;;;_R3$|,Backbone,3,ChEMBL,
X1962,X1962,C,[*]C(=O)[C@@H](CS[*])N(CCCc1ccccc1)CCCc1ccccc1 |$_R2;;;;;;_R3;;;;;;;;;;;;;;;;;;;$|,Backbone,2,ChEMBL,
X1963,X1963,P,Oc1ccc(cc1)[C@H]1CCN[C@H]1C([*])=O |$;;;;;;;;;;;;;_R2;$|,Backbone,1,ChEMBL,
X1964,X1964,P,Oc1ccc(cc1)[C@H]1CCN[C@@H]1C([*])=O |$;;;;;;;;;;;;;_R2;$|,Backbone,1,ChEMBL,
X1965,X1965,F,C[C@H]([C@@H](N[*])C([*])=O)c1ccc2ccccc2c1 |$;;;;_R1;;_R2;;;;;;;;;;;$|,Backbone,2,ChEMBL,
X1966,X1966,X,Fc1ccc(cc1F)[C@H](N[*])C([*])=O |$;;;;;;;;;;_R1;;_R2;$|,Backbone,2,ChEMBL,
X1967,X1967,X,[*]N[C@H](C([*])=O)c1ccccc1N(=O)=O |$_R1;;;;_R2;;;;;;;;;;$|,Backbone,2,ChEMBL,
X1968,X1968,X,CC(C)NCCC[C@H](N[*])C([*])=O |$;;;;;;;;;_R1;;_R2;$|,Backbone,2,ChEMBL,
X1969,X1969,F,[*]N[C@@H](Cc1cccc(c1)-c1ccccc1)C([*])=O |$_R1;;;;;;;;;;;;;;;;;_R2;$|,Backbone,2,ChEMBL,
X1970,X1970,C,NC(=N)NCCCCN([*])[C@H](CS[*])C([*])=O |$;;;;;;;;;_R1;;;;_R3;;_R2;$|,Backbone,3,ChEMBL,
X1971,X1971,P,NC(=N)NCC[C@@H]1CCN([*])[C@@H]1C([*])=O |$;;;;;;;;;;_R1;;;_R2;$|,Backbone,2,ChEMBL,
X1972,X1972,F,NC(=O)N[C@H](Cc1ccccc1)C([*])=O |$;;;;;;;;;;;;;_R2;$|,Backbone,1,ChEMBL,
X1973,X1973,Y,NC(=O)N[C@@H](Cc1ccc(O)c(I)c1)C([*])=O |$;;;;;;;;;;;;;;;_R2;$|,Backbone,1,ChEMBL,
X1974,X1974,C,[*]C(=O)[C@@H](CS[*])NCc1ccc(cc1)-c1ccccc1 |$_R2;;;;;;_R3;;;;;;;;;;;;;;$|,Backbone,2,ChEMBL,
X1975,X1975,Y,COc1ccc(C[C@H](N[*])C([*])=O)c(OC)c1 |$;;;;;;;;;_R1;;_R2;;;;;$|,Backbone,2,ChEMBL,
X1976,X1976,X,CCCNCCC[C@H](N[*])C([*])=O |$;;;;;;;;;_R1;;_R2;$|,Backbone,2,ChEMBL,
X1978,X1978,X,OC(=O)[C@@H](N[*])[C@H](S[*])c1ccccc1 |$;;;;;_R1;;;_R3;;;;;;$|,Backbone,2,ChEMBL,
X1979,X1979,C,N[C@H](CN[C@@H](CS[*])C([*])=O)Cc1ccccc1 |$;;;;;;;_R3;;_R2;;;;;;;;$|,Backbone,2,ChEMBL,
X198,X198,F,O[C@H]([C@@H](N[*])C([*])=O)c1ccccc1 |$;;;;_R1;;_R2;;;;;;;$|,Backbone,2,ChEMBL,
X1980,X1980,Y,Oc1ccc(C[C@H](N[*])C([*])=O)c(I)c1 |$;;;;;;;;_R1;;_R2;;;;$|,Backbone,2,ChEMBL,
X1981,X1981,P,NC(=N)NCC[C@H]1CCN([*])[C@H]1C([*])=O |$;;;;;;;;;;_R1;;;_R2;$|,Backbone,2,ChEMBL,
X1982,X1982,Y,NC(=O)N[C@H](Cc1ccc(O)cc1)C([*])=O |$;;;;;;;;;;;;;;_R2;$|,Backbone,1,ChEMBL,
X1984,X1984,X,N[C@H](Cc1c[nH]c(c1)C(O)=O)C([*])=O |$;;;;;;;;;;;;_R2;$|,Backbone,1,ChEMBL,
X1985,X1985,X,[*]N[C@@H](Cc1c[nH]c2ncccc12)C([*])=O |$_R1;;;;;;;;;;;;;;_R2;$|,Backbone,2,ChEMBL,
X1986,X1986,P,[*]N1C[C@@H](C[C@H]1C([*])=O)S[*] |$_R1;;;;;;;_R2;;;_R3$|,Backbone,3,ChEMBL,
X1987,X1987,X,C[C@@](N[*])(C([*])=O)c1csc2ccccc12 |$;;;_R1;;_R2;;;;;;;;;;$|,Backbone,2,ChEMBL,
X1988,X1988,W,Fc1ccc2[nH]cc(C[C@@H](N[*])C([*])=O)c2c1 |$;;;;;;;;;;;_R1;;_R2;;;$|,Backbone,2,ChEMBL,
X1989,X1989,X,Fc1c(F)c(F)c([C@H](N[*])C([*])=O)c(F)c1F |$;;;;;;;;;_R1;;_R2;;;;;$|,Backbone,2,ChEMBL,
X199,X199,W,FC(F)(F)c1cc(COC(=O)[C@H](Cc2c[nH]c3ccccc23)N[*])cc(c1)C(F)(F)F |$;;;;;;;;;;;;;;;;;;;;;;;_R1;;;;;;;$|,Backbone,1,ChEMBL,
X1990,X1990,F,CNCc1ccc(C[C@H](N[*])C([*])=O)cc1 |$;;;;;;;;;;_R1;;_R2;;;$|,Backbone,2,ChEMBL,
X1991,X1991,F,C[C@H]([C@@H](N[*])C([*])=O)c1ccc(cc1)N(=O)=O |$;;;;_R1;;_R2;;;;;;;;;;$|,Backbone,2,ChEMBL,
X1992,X1992,X,NC(=N)CC[C@@](CCNC(N)=N)(N[*])C([*])=O |$;;;;;;;;;;;;;_R1;;_R2;$|,Backbone,2,ChEMBL,
X1993,X1993,F,C[C@H]([C@H](N[*])C([*])=O)c1ccc2ccccc2c1 |$;;;;_R1;;_R2;;;;;;;;;;;$|,Backbone,2,ChEMBL,
X1994,X1994,Y,COc1cc(C[C@H](N[*])C([*])=O)ccc1O |$;;;;;;;;_R1;;_R2;;;;;$|,Backbone,2,ChEMBL,
X1995,X1995,M,CSCC[C@H](N[*])C(=O)NC(C)=O |$;;;;;;_R1;;;;;;$|,Backbone,1,ChEMBL,
X1997,X1997,G,CC[C@@]1(OC(=O)N(CCN(C)C)CC([*])=O)C(=O)OCc2c1cc1-c3nc4ccccc4cc3Cn1c2=O |$;;;;;;;;;;;;;;_R2;;;;;;;;;;;;;;;;;;;;;;;$|,Backbone,1,ChEMBL,
X1998,X1998,Y,Oc1c(I)cc(C[C@H](N[*])C([*])=O)cc1I |$;;;;;;;;;_R1;;_R2;;;;$|,Backbone,2,ChEMBL,
X1999,X1999,F,CNc1ccc(C[C@H](N[*])C([*])=O)cc1 |$;;;;;;;;;_R1;;_R2;;;$|,Backbone,2,ChEMBL,
X2,X2,Y,CC(C)(C)OC(=O)N[C@@H](Cc1ccc(OS(O)(=O)=O)cc1)C([*])=O |$;;;;;;;;;;;;;;;;;;;;;;_R2;$|,Backbone,1,ChEMBL,
X20,X20,K,"[*]N[C@@H](CCCCNC(NC#N)=NC1CCCCC1)C([*])=O |w:12.12,$_R1;;;;;;;;;;;;;;;;;;;;_R2;$|",Backbone,2,ChEMBL,
X200,X200,X,"OC(=O)[C@@H](N[*])C=CCP(O)(O)=O |w:7.7,$;;;;;_R1;;;;;;;$|",Backbone,1,ChEMBL,
X2000,X2000,X,Fc1cc(cc(F)c1F)[C@H](N[*])C([*])=O |$;;;;;;;;;;;_R1;;_R2;$|,Backbone,2,ChEMBL,
X2001,X2001,X,FC(F)(F)c1ccc(cc1)[C@H](N[*])C([*])=O |$;;;;;;;;;;;;_R1;;_R2;$|,Backbone,2,ChEMBL,
X2002,X2002,X,FC(F)(F)c1cccc(c1)[C@H](N[*])C([*])=O |$;;;;;;;;;;;;_R1;;_R2;$|,Backbone,2,ChEMBL,
X2003,X2003,X,Fc1ccccc1[C@H](N[*])C([*])=O |$;;;;;;;;;_R1;;_R2;$|,Backbone,2,ChEMBL,
X2004,X2004,C,N[C@](CO)(CS[*])C([*])=O |$;;;;;;_R3;;_R2;$|,Backbone,2,ChEMBL,
X2005,X2005,P,Oc1ccc(cc1)[C@@H]1CCN[C@H]1C([*])=O |$;;;;;;;;;;;;;_R2;$|,Backbone,1,ChEMBL,
X2007,X2007,X,[*]N[C@@H](C([*])=O)C1(CCCCC1)S[*] |$_R1;;;;_R2;;;;;;;;;_R3$|,Backbone,3,ChEMBL,
X2008,X2008,P,[*]N1C[C@H](C[C@H]1C([*])=O)S[*] |$_R1;;;;;;;_R2;;;_R3$|,Backbone,3,ChEMBL,
X2009,X2009,H,Cc1ncc(C[C@H](N[*])C([*])=O)[nH]1 |$;;;;;;;;_R1;;_R2;;$|,Backbone,2,ChEMBL,
X201,X201,Y,OC(=O)C(F)(Oc1ccc(C[C@H](N[*])C([*])=O)cc1)C(O)=O |$;;;;;;;;;;;;;_R1;;_R2;;;;;;$|,Backbone,2,ChEMBL,
X2010,X2010,F,CC(C)CNCc1ccc(C[C@H](N[*])C([*])=O)cc1 |$;;;;;;;;;;;;;_R1;;_R2;;;$|,Backbone,2,ChEMBL,
X2011,X2011,A,C[C@H](NC(=O)Nc1ccc(Cl)cc1)C([*])=O |$;;;;;;;;;;;;;;_R2;$|,Backbone,1,ChEMBL,
X2012,X2012,A,C[C@H](NC(=O)Nc1cccc(C)c1)C([*])=O |$;;;;;;;;;;;;;;_R2;$|,Backbone,1,ChEMBL,
X2013,X2013,X,C[C@H](NS(=O)(=O)c1c(C)cc(C)cc1C)C([*])=O |$;;;;;;;;;;;;;;;;_R2;$|,Backbone,1,ChEMBL,
X2014,X2014,X,[*]N[C@H](C([*])=O)c1cccc(c1)N(=O)=O |$_R1;;;;_R2;;;;;;;;;;$|,Backbone,2,ChEMBL,
X2015,X2015,C,[*]C(=O)[C@@H](CS[*])NCc1cccc(c1)N(=O)=O |$_R2;;;;;;_R3;;;;;;;;;;;$|,Backbone,2,ChEMBL,
X2016,X2016,X,[*]N[C@H](C([*])=O)c1c[nH]c2ccccc12 |$_R1;;;;_R2;;;;;;;;;;$|,Backbone,2,ChEMBL,
X2017,X2017,X,[*]N[C@@H](CCc1ccc(cc1)N(=O)=O)C([*])=O |$_R1;;;;;;;;;;;;;;;_R2;$|,Backbone,2,ChEMBL,
X2018,X2018,C,COC(=O)c1ccc(NC(=O)N[C@H](CS[*])C([*])=O)cc1 |$;;;;;;;;;;;;;;;_R3;;_R2;;;$|,Backbone,2,ChEMBL,
X2019,X2019,X,[*]N[C@H](C([*])=O)c1cccc(c1)C#N |$_R1;;;;_R2;;;;;;;;;$|,Backbone,2,ChEMBL,
X202,X202,C,CSC[C@H](N[*])C([*])=O |$;;;;;_R1;;_R2;$|,Backbone,2,ChEMBL,
X2020,X2020,C,CC(C)CN[C@H](CS[*])C([*])=O |$;;;;;;;;_R3;;_R2;$|,Backbone,2,ChEMBL,
X2021,X2021,C,[*]C(=O)[C@@H](CS[*])NC(=O)Nc1ccccc1 |$_R2;;;;;;_R3;;;;;;;;;;$|,Backbone,2,ChEMBL,
X2022,X2022,A,C[C@@H](N([*])C1CCCCC1)C([*])=O |$;;;_R1;;;;;;;;_R2;$|,Backbone,2,ChEMBL,
X2023,X2023,F,C[C@@H]([C@@H](N[*])C([*])=O)c1ccc2ccccc2c1 |$;;;;_R1;;_R2;;;;;;;;;;;$|,Backbone,2,ChEMBL,
X2024,X2024,X,"[*]C(=O)C1=CSCC=N1 |$_R2;;;;;;;;$,c:7,t:3|",Backbone,1,ChEMBL,
X2025,X2025,A,C[C@H](NS(=O)(=O)c1ccc2ccccc2c1)C([*])=O |$;;;;;;;;;;;;;;;;;_R2;$|,Backbone,1,ChEMBL,
X2026,X2026,Y,Oc1c(I)cc(C[C@@H](N[*])C([*])=O)cc1I |$;;;;;;;;;_R1;;_R2;;;;$|,Backbone,2,ChEMBL,
X2027,X2027,A,C[C@H](N([*])Cc1ccccc1)C([*])=O |$;;;_R1;;;;;;;;;_R2;$|,Backbone,2,ChEMBL,
X2028,X2028,Y,COc1ccc(C[C@@H](N[*])C([*])=O)cc1OC |$;;;;;;;;;_R1;;_R2;;;;;$|,Backbone,2,ChEMBL,
X2029,X2029,C,FC(F)(F)c1ccc(NC(=O)N[C@H](CS[*])C([*])=O)cc1 |$;;;;;;;;;;;;;;;_R3;;_R2;;;$|,Backbone,2,ChEMBL,
X2030,X2030,X,Oc1ccc(CC[C@@H](N[*])C([*])=O)cc1 |$;;;;;;;;;_R1;;_R2;;;$|,Backbone,2,ChEMBL,
X2031,X2031,X,[*]N[C@H](Cc1cnccn1)C([*])=O |$_R1;;;;;;;;;;;_R2;$|,Backbone,2,ChEMBL,
X2032,X2032,C,Fc1ccc(CN[C@H](CS[*])C([*])=O)cc1F |$;;;;;;;;;;_R3;;_R2;;;;$|,Backbone,2,ChEMBL,
X2033,X2033,C,[*]C(=O)[C@@H](CS[*])NC(=O)NC1CCCCC1 |$_R2;;;;;;_R3;;;;;;;;;;$|,Backbone,2,ChEMBL,
X2034,X2034,X,[*]N[C@@H](Cc1cnccn1)C([*])=O |$_R1;;;;;;;;;;;_R2;$|,Backbone,2,ChEMBL,
X2035,X2035,F,[*]N[C@H](Cc1ccc([N-][N+]#N)cc1)C([*])=O |$_R1;;;;;;;;;;;;;;_R2;$|,Backbone,2,ChEMBL,
X2036,X2036,Y,CCCCOc1ccc(C[C@H](N[*])C([*])=O)cc1 |$;;;;;;;;;;;;_R1;;_R2;;;$|,Backbone,2,ChEMBL,
X2037,X2037,Y,Oc1c(Br)cc(C[C@H](N[*])C([*])=O)cc1Br |$;;;;;;;;;_R1;;_R2;;;;$|,Backbone,2,ChEMBL,
X2038,X2038,C,CC(C)NC(=O)N[C@H](CS[*])C([*])=O |$;;;;;;;;;;_R3;;_R2;$|,Backbone,2,ChEMBL,
X2039,X2039,C,[*]C(=O)[C@@H](CS[*])NCc1cccnc1 |$_R2;;;;;;_R3;;;;;;;;$|,Backbone,2,ChEMBL,
X2040,X2040,X,CC(C)CCNCCC[C@H](N[*])C([*])=O |$;;;;;;;;;;;_R1;;_R2;$|,Backbone,2,ChEMBL,
X2042,X2042,G,CC[C@@]1(OC(=O)N(CCCN)CC([*])=O)C(=O)OCc2c1cc1-c3nc4ccccc4cc3Cn1c2=O |$;;;;;;;;;;;;;_R2;;;;;;;;;;;;;;;;;;;;;;;$|,Backbone,1,ChEMBL,
X2043,X2043,F,NC(=O)N[C@H](Cc1ccc(Cl)cc1)C([*])=O |$;;;;;;;;;;;;;;_R2;$|,Backbone,1,ChEMBL,
X2044,X2044,F,Brc1ccc(C[C@@H](N[*])C([*])=O)cc1 |$;;;;;;;;_R1;;_R2;;;$|,Backbone,2,ChEMBL,
X2045,X2045,C,FC(F)(F)c1ccc(CN[C@H](CS[*])C([*])=O)cc1 |$;;;;;;;;;;;;;_R3;;_R2;;;$|,Backbone,2,ChEMBL,
X2046,X2046,X,Fc1cccc(c1)[C@H](N[*])C([*])=O |$;;;;;;;;;_R1;;_R2;$|,Backbone,2,ChEMBL,
X2047,X2047,C,COc1ccc(NC(=O)N[C@H](CS[*])C([*])=O)cc1OC |$;;;;;;;;;;;;;_R3;;_R2;;;;;$|,Backbone,2,ChEMBL,
X2048,X2048,R,NC(=N)NCCC[C@@H](N([*])Cc1ccccc1)C([*])=O |$;;;;;;;;;_R1;;;;;;;;;_R2;$|,Backbone,2,ChEMBL,
X2049,X2049,A,C[C@H](NCc1cccc2ccccc12)C([*])=O |$;;;;;;;;;;;;;;;_R2;$|,Backbone,1,ChEMBL,
X2050,X2050,R,CCN([*])[C@H](CCCNC(N)=N)C([*])=O |$;;;_R1;;;;;;;;;;_R2;$|,Backbone,2,ChEMBL,
X2051,X2051,X,Fc1ccc(cc1)[C@H](N[*])C([*])=O |$;;;;;;;;;_R1;;_R2;$|,Backbone,2,ChEMBL,
X2052,X2052,C,CN(C)c1ccc(CN[C@H](CS[*])C([*])=O)cc1 |$;;;;;;;;;;;;_R3;;_R2;;;$|,Backbone,2,ChEMBL,
X2053,X2053,C,[*]C(=O)[C@@H](CS[*])NC(=O)Nc1ccc(cc1)N(=O)=O |$_R2;;;;;;_R3;;;;;;;;;;;;;$|,Backbone,2,ChEMBL,
X2054,X2054,X,CCNCCC[C@H](N[*])C([*])=O |$;;;;;;;;_R1;;_R2;$|,Backbone,2,ChEMBL,
X2055,X2055,F,CCc1ccc(C[C@@H](N[*])C([*])=O)cc1 |$;;;;;;;;;_R1;;_R2;;;$|,Backbone,2,ChEMBL,
X2056,X2056,T,C[C@H](O)[C@H](N[*])C=O |$;;;;;_R1;;$|,Backbone,1,ChEMBL,
X2057,X2057,F,CC(C)CN(CC(C)C)Cc1ccc(C[C@H](N[*])C([*])=O)cc1 |$;;;;;;;;;;;;;;;;;_R1;;_R2;;;$|,Backbone,2,ChEMBL,
X2058,X2058,C,CCCCCCN[C@H](CS[*])C([*])=O |$;;;;;;;;;;_R3;;_R2;$|,Backbone,2,ChEMBL,
X2059,X2059,C,CCCCCCN(CCCCCC)[C@H](CS[*])C([*])=O |$;;;;;;;;;;;;;;;;_R3;;_R2;$|,Backbone,2,ChEMBL,
X206,X206,G,[*]C(=O)Cn1ccc2ccccc2c1=O |$_R2;;;;;;;;;;;;;;$|,Backbone,1,ChEMBL,
X2060,X2060,C,Clc1ccc(NC(=O)N[C@H](CS[*])C([*])=O)cc1 |$;;;;;;;;;;;;_R3;;_R2;;;$|,Backbone,2,ChEMBL,
X2061,X2061,X,[*]N1CCS[C@H]1C([*])=O |$_R1;;;;;;;_R2;$|,Backbone,2,ChEMBL,
X2062,X2062,X,Fc1cc(F)cc(c1)[C@H](N[*])C([*])=O |$;;;;;;;;;;_R1;;_R2;$|,Backbone,2,ChEMBL,
X2063,X2063,P,Oc1ccc(cc1)[C@@H]1CCN[C@@H]1C([*])=O |$;;;;;;;;;;;;;_R2;$|,Backbone,1,ChEMBL,
X2064,X2064,G,"COc1ccc(C=Cc2cc(OC)c(OC)c(OC)c2)cc1OC(=O)N(CCN)CC([*])=O |w:6.5,$;;;;;;;;;;;;;;;;;;;;;;;;;;;;;;;_R2;$|",Backbone,1,ChEMBL,
X2065,X2065,T,C[C@@H](O)[C@H](N[*])C=O |$;;;;;_R1;;$|,Backbone,1,ChEMBL,
X2066,X2066,Y,CCCCOc1ccc(C[C@@H](N[*])C([*])=O)cc1 |$;;;;;;;;;;;;_R1;;_R2;;;$|,Backbone,2,ChEMBL,
X2067,X2067,G,CC[C@@]1(OC(=O)N(CCN)CC([*])=O)C(=O)OCc2c1cc1-c3nc4ccccc4cc3Cn1c2=O |$;;;;;;;;;;;;_R2;;;;;;;;;;;;;;;;;;;;;;;$|,Backbone,1,ChEMBL,
X2068,X2068,G,CC[C@@]1(OC(=O)N(CCO)CC([*])=O)C(=O)OCc2c1cc1-c3nc4ccccc4cc3Cn1c2=O |$;;;;;;;;;;;;_R2;;;;;;;;;;;;;;;;;;;;;;;$|,Backbone,1,ChEMBL,
X2069,X2069,G,CC[C@@]1(OC(=O)N(CCNC)CC([*])=O)C(=O)OCc2c1cc1-c3nc4ccccc4cc3Cn1c2=O |$;;;;;;;;;;;;;_R2;;;;;;;;;;;;;;;;;;;;;;;$|,Backbone,1,ChEMBL,
X207,X207,G,CCOC(=O)CN[*] |$;;;;;;;_R1$|,Backbone,1,ChEMBL,
X2070,X2070,G,CCCCCCCCN([*])CC([*])=O |$;;;;;;;;;_R1;;;_R2;$|,Backbone,2,ChEMBL,
X2071,X2071,C,CCCCNC(=O)N[C@H](CS[*])C([*])=O |$;;;;;;;;;;;_R3;;_R2;$|,Backbone,2,ChEMBL,
X2072,X2072,C,NC(=N)NCCCN[C@@H](CS[*])C([*])=O |$;;;;;;;;;;;_R3;;_R2;$|,Backbone,2,ChEMBL,
X2073,X2073,X,CC(C)NCC[C@H](N[*])C([*])=O |$;;;;;;;;_R1;;_R2;$|,Backbone,2,ChEMBL,
X2074,X2074,P,[*]N1C[C@@H](C[C@H]1C([*])=O)c1ccccc1 |$_R1;;;;;;;_R2;;;;;;;$|,Backbone,2,ChEMBL,
X2075,X2075,X,CC(C)=NCCC[C@@H](N[*])C([*])=O |$;;;;;;;;;_R1;;_R2;$|,Backbone,2,ChEMBL,
X2076,X2076,F,C[C@@H]([C@H](N[*])C([*])=O)c1ccc(cc1)N(=O)=O |$;;;;_R1;;_R2;;;;;;;;;;$|,Backbone,2,ChEMBL,
X2077,X2077,X,CC(C)=NCCC[C@H](N[*])C([*])=O |$;;;;;;;;;_R1;;_R2;$|,Backbone,2,ChEMBL,
X2078,X2078,P,[*]N1C[C@@H](C[C@H]1C([*])=O)OC(=O)N1CCCC1 |$_R1;;;;;;;_R2;;;;;;;;;$|,Backbone,2,ChEMBL,
X208,X208,K,COC(=O)NCCCC[C@H](N[*])C([*])=O |$;;;;;;;;;;;_R1;;_R2;$|,Backbone,2,ChEMBL,
X2080,X2080,K,[*]N[C@@H](CCCCN[C@@H]1C[C@H]1c1ccccc1)C([*])=O |$_R1;;;;;;;;;;;;;;;;;;_R2;$|,Backbone,2,ChEMBL,
X2081,X2081,K,[*]N[C@@H](CCCC[N-][N+]#N)C([*])=O |$_R1;;;;;;;;;;;_R2;$|,Backbone,2,ChEMBL,
X2082,X2082,X,"CCOC(=O)C=CCC[C@H](NC(=O)OCc1ccccc1)C([*])=O |w:6.6,$;;;;;;;;;;;;;;;;;;;;;;_R2;$|",Backbone,1,ChEMBL,
X2083,X2083,P,[*]N1C[C@@H](C[C@H]1C([*])=O)OC(=O)NCc1ccccc1 |$_R1;;;;;;;_R2;;;;;;;;;;;;$|,Backbone,2,ChEMBL,
X2084,X2084,P,[*]N1C[C@@H](C[C@H]1C([*])=O)OC(=O)N1CCOCC1 |$_R1;;;;;;;_R2;;;;;;;;;;$|,Backbone,2,ChEMBL,
X2085,X2085,P,[*]N1C[C@@H](C[C@H]1C([*])=O)OC(=O)N1Cc2ccccc2C1 |$_R1;;;;;;;_R2;;;;;;;;;;;;;$|,Backbone,2,ChEMBL,
X2086,X2086,E,OC(=O)CC[C@H](NC(=O)OCC1c2ccccc2-c2ccccc12)C([*])=O |$;;;;;;;;;;;;;;;;;;;;;;;;;_R2;$|,Backbone,1,ChEMBL,
X2087,X2087,X,OC[C@H](N[*])C(=O)[C@@H]1CCCN1C(=O)N[C@@H](Cc1ccccc1)C([*])=O |$;;;;_R1;;;;;;;;;;;;;;;;;;;;_R2;$|,Backbone,2,ChEMBL,
X2088,X2088,C,"CC(C)CCC[C@@H](C)[C@H]1CC[C@H]2[C@@H]3CC=C4C[C@H](CC[C@]4(C)[C@H]3CC[C@]12C)OC(=O)CSC[C@H](N[*])C([*])=O |$;;;;;;;;;;;;;;;;;;;;;;;;;;;;;;;;;;;_R1;;_R2;$,t:14|",Backbone,2,ChEMBL,
X2089,X2089,P,[*]N1C[C@@H](C[C@H]1C([*])=O)OC(=O)N1CCc2ccccc12 |$_R1;;;;;;;_R2;;;;;;;;;;;;;$|,Backbone,2,ChEMBL,
X2091,X2091,X,"CC[C@H](C)[C@H](N)C1=N[C@@H](CS1)C([*])=O |$;;;;;;;;;;;;_R2;$,t:6|",Backbone,1,ChEMBL,
X2093,X2093,X,[*]N1Cc2[nH]c3ccccc3c2C[C@@H]1C([*])=O |$_R1;;;;;;;;;;;;;;;_R2;$|,Backbone,2,ChEMBL,
X2097,X2097,W,[*]C(=O)[C@H](Cc1c[nH]c2ccccc12)NCc1ccccc1 |$_R2;;;;;;;;;;;;;;;;;;;;;$|,Backbone,1,ChEMBL,
X2098,X2098,W,Cc1ccc(cc1)S(=O)(=O)N[C@@H](Cc1c[nH]c2ccccc12)C([*])=O |$;;;;;;;;;;;;;;;;;;;;;;;_R2;$|,Backbone,1,ChEMBL,
X2099,X2099,P,NC(=O)O[C@@H]1C[C@H](N([*])C1)C([*])=O |$;;;;;;;;_R1;;;_R2;$|,Backbone,2,ChEMBL,
X21,X21,K,"[*]N[C@H](CCCCNC(NC#N)=NC1CCCCC1)C([*])=O |w:12.12,$_R1;;;;;;;;;;;;;;;;;;;;_R2;$|",Backbone,2,ChEMBL,
X2100,X2100,P,[*]N1C[C@@H](C[C@H]1C([*])=O)OC(=O)N1CCCCC1 |$_R1;;;;;;;_R2;;;;;;;;;;$|,Backbone,2,ChEMBL,
X2101,X2101,P,[*]N1C[C@@H](C[C@H]1C([*])=O)OC(=O)N1CCc2ccccc2C1 |$_R1;;;;;;;_R2;;;;;;;;;;;;;;$|,Backbone,2,ChEMBL,
X2102,X2102,X,"CC=CC[C@@H](C)C(=O)[C@H](N(C)[*])C([*])=O |w:1.0,$;;;;;;;;;;;_R1;;_R2;$|",Backbone,2,ChEMBL,
X2105,X2105,X,"N[C@@H](CC=CC[C@H](N[*])C(O)=O)C([*])=O |w:4.4,$;;;;;;;;_R1;;;;;_R2;$|",Backbone,2,ChEMBL,
X2106,X2106,P,Clc1ccc2CN(Cc2c1)C(=O)O[C@@H]1C[C@H](N([*])C1)C([*])=O |$;;;;;;;;;;;;;;;;;_R1;;;_R2;$|,Backbone,2,ChEMBL,
X2107,X2107,X,"CC(C)(C)OC(=O)N[C@@H](CCCCCC=C[C@@H]1C[C@]1(N[*])C(O)=O)C([*])=O |w:14.13,$;;;;;;;;;;;;;;;;;;;;_R1;;;;;_R2;$|",Backbone,2,ChEMBL,
X2108,X2108,P,COc1ccc2c(O[C@@H]3C[C@H](N([*])C3)C([*])=O)cc(nc2c1)-c1ccccc1 |$;;;;;;;;;;;;_R1;;;_R2;;;;;;;;;;;;$|,Backbone,2,ChEMBL,
X2109,X2109,Y,CCCCCCCC(=O)Oc1ccc(C[C@H](N[*])C(=O)OC)cc1 |$;;;;;;;;;;;;;;;;;_R1;;;;;;$|,Backbone,1,ChEMBL,
X2110,X2110,F,"COC(=O)[C@H](Cc1cccc(OC(=O)C=Cc2ccccc2)c1)N[*] |w:14.13,$;;;;;;;;;;;;;;;;;;;;;;;;_R1$|",Backbone,1,ChEMBL,
X2111,X2111,Y,Nc1cccc(COC(=O)N[C@@H](Cc2ccc(OP(O)(O)=O)cc2)C([*])=O)c1 |$;;;;;;;;;;;;;;;;;;;;;;;;;_R2;;$|,Backbone,1,ChEMBL,
X2112,X2112,D,OC(=O)C[C@H](N[*])C(=O)COC(=O)c1c(Cl)cccc1Cl |$;;;;;;_R1;;;;;;;;;;;;;;$|,Backbone,1,ChEMBL,
X2113,X2113,X,OC(=O)[C@H](N[*])C([*])=O |$;;;;;_R1;;_R2;$|,Backbone,2,ChEMBL,
X2114,X2114,X,OC(=O)CN[C@H](CC1CCCCC1)C([*])=O |$;;;;;;;;;;;;;;_R2;$|,Backbone,1,ChEMBL,
X2115,X2115,X,CCCCNC(=O)N[C@@]1(CC[C@@H](CC1)c1ccccc1)C([*])=O |$;;;;;;;;;;;;;;;;;;;;;_R2;$|,Backbone,1,ChEMBL,
X2116,X2116,X,OC(=O)[C@@]1(C[C@@H]1CCc1ccccc1)N[*] |$;;;;;;;;;;;;;;;_R1$|,Backbone,1,ChEMBL,
X2117,X2117,K,Cc1cccc(C)c1NC(=O)NCCCC[C@H](N[*])C([*])=O |$;;;;;;;;;;;;;;;;;;_R1;;_R2;$|,Backbone,2,ChEMBL,
X2118,X2118,V,COC(=O)Cc1ccc2oc(nc2c1)C(=O)[C@@H](N[*])C(C)C |$;;;;;;;;;;;;;;;;;;_R1;;;$|,Backbone,1,ChEMBL,
X2119,X2119,X,[*]N1[C@@H]([C@H]1C(=O)OCc1ccccc1)C(=O)OCc1ccccc1 |$_R1;;;;;;;;;;;;;;;;;;;;;;;$|,Backbone,1,ChEMBL,
X212,X212,Y,Oc1ccc(C[C@H](N(Cc2ccccc2)Cc2ccccc2)C([*])=O)cc1 |$;;;;;;;;;;;;;;;;;;;;;;;_R2;;;$|,Backbone,1,ChEMBL,
X2120,X2120,X,OC(=O)[C@@H]1[C@H](N1[*])C(O)=O |$;;;;;;_R1;;;$|,Backbone,1,ChEMBL,
X2121,X2121,P,[*]N1C[C@@H](C[C@H]1C([*])=O)n1nncc1-c1ccccc1 |$_R1;;;;;;;_R2;;;;;;;;;;;;$|,Backbone,2,ChEMBL,
X2122,X2122,V,CC(C)(C)[C@H](NC(=O)OC1CCCC1)C([*])=O |$;;;;;;;;;;;;;;;_R2;$|,Backbone,1,ChEMBL,
X2123,X2123,Y,Oc1ccc(C[C@H](NNCc2ccccc2)C([*])=O)cc1 |$;;;;;;;;;;;;;;;;;_R2;;;$|,Backbone,1,ChEMBL,
X2124,X2124,X,CCC1(CC)C[C@]1(N[*])C(O)=O |$;;;;;;;;_R1;;;$|,Backbone,1,ChEMBL,
X2125,X2125,X,CN(C)C(=O)NC[C@H](N[*])C=O |$;;;;;;;;;_R1;;$|,Backbone,1,ChEMBL,
X2126,X2126,V,CCCCOC(=O)NCC(F)(F)C(=O)[C@@H](N[*])C(C)C |$;;;;;;;;;;;;;;;;_R1;;;$|,Backbone,1,ChEMBL,
X2127,X2127,W,CCCCCCCCCCCCCCCCS(=O)(=O)N[C@@H](Cc1c[nH]c2ccccc12)C([*])=O |$;;;;;;;;;;;;;;;;;;;;;;;;;;;;;;;;_R2;$|,Backbone,1,ChEMBL,
X2128,X2128,X,COc1cccc(c1)C(=O)CN1CCCC[C@H]1C([*])=O |$;;;;;;;;;;;;;;;;;;_R2;$|,Backbone,1,ChEMBL,
X2129,X2129,P,[*]C(=O)[C@@H]1NCCC1=O |$_R2;;;;;;;;$|,Backbone,1,ChEMBL,
X213,X213,Y,COC(=O)[C@H](Cc1ccc(OC(=O)C(C)C)cc1)N[*] |$;;;;;;;;;;;;;;;;;;;_R1$|,Backbone,1,ChEMBL,
X2130,X2130,X,NC(=N)NCCC[C@H](N[*])C(=O)CNCC([*])=O |$;;;;;;;;;_R1;;;;;;;_R2;$|,Backbone,2,ChEMBL,
X2131,X2131,R,CCCCCCCCCCN[C@@H](CCCNC(N)=N)C([*])=O |$;;;;;;;;;;;;;;;;;;;;_R2;$|,Backbone,1,ChEMBL,
X2132,X2132,X,Oc1ccc2c(C[C@H](N[*])C([*])=O)cc(=O)oc2c1 |$;;;;;;;;;_R1;;_R2;;;;;;;$|,Backbone,2,ChEMBL,
X2133,X2133,X,CC[C@H](C)[C@H](NOC(=O)CN[*])C([*])=O |$;;;;;;;;;;;_R1;;_R2;$|,Backbone,2,ChEMBL,
X2134,X2134,G,OC(=O)CN(CCN(CC(O)=O)CC(O)=O)CCN(CC(O)=O)CC([*])=O |$;;;;;;;;;;;;;;;;;;;;;;;;;_R2;$|,Backbone,1,ChEMBL,
X2135,X2135,X,NC(=N)N1CCC(C[C@H](N[*])C([*])=O)CC1 |$;;;;;;;;;;_R1;;_R2;;;$|,Backbone,2,ChEMBL,
X2136,X2136,X,NC(=N)N1CCC(CC1)[C@H](N[*])C([*])=O |$;;;;;;;;;;;_R1;;_R2;$|,Backbone,2,ChEMBL,
X2137,X2137,X,[*]C(=O)[C@@H]1CCCCN1CC(=O)c1ccc(cc1)-c1ccccc1 |$_R2;;;;;;;;;;;;;;;;;;;;;;;$|,Backbone,1,ChEMBL,
X2138,X2138,X,Clc1cc2ccccc2c(Oc2ccc(cc2)[C@H](N[*])C([*])=O)n1 |$;;;;;;;;;;;;;;;;;;;_R1;;_R2;;$|,Backbone,2,ChEMBL,
X2139,X2139,G,[*]N(CCCCC#N)CC([*])=O |$_R1;;;;;;;;;;_R2;$|,Backbone,2,ChEMBL,
X214,X214,M,CS(=O)CC[C@@H](N[*])C([*])=O |$;;;;;;;_R1;;_R2;$|,Backbone,2,ChEMBL,
X2140,X2140,G,Cc1cn(CC([*])=O)c(=O)[nH]c1=O |$;;;;;;_R2;;;;;;$|,Backbone,1,ChEMBL,
X2141,X2141,X,C[C@H](N[C@@H](Cc1cnc[nH]1)C(O)=O)C([*])=O |$;;;;;;;;;;;;;;_R2;$|,Backbone,1,ChEMBL,
X2142,X2142,X,OC[C@H](N[C@@H](Cc1cnc[nH]1)C(O)=O)C([*])=O |$;;;;;;;;;;;;;;;_R2;$|,Backbone,1,ChEMBL,
X2143,X2143,P,[*]N1CCC[C@H]1C(=O)c1nc2ccccc2s1 |$_R1;;;;;;;;;;;;;;;;$|,Backbone,1,ChEMBL,
X2144,X2144,Y,CN(C)c1cccc2c(cccc12)S(=O)(=O)N[C@@H](Cc1ccc(O)cc1)C([*])=O |$;;;;;;;;;;;;;;;;;;;;;;;;;;;_R2;$|,Backbone,1,ChEMBL,
X2145,X2145,X,NCC1CCC(C[C@H](N[*])C([*])=O)CC1 |$;;;;;;;;;_R1;;_R2;;;$|,Backbone,2,ChEMBL,
X2146,X2146,K,NCCCC[C@H](N[*])C(=O)c1nc2ccccc2o1 |$;;;;;;;_R1;;;;;;;;;;;$|,Backbone,1,ChEMBL,
X2147,X2147,F,[*]N[C@@H](Cc1ccc(cc1)-c1cccc2ccccc12)C([*])=O |$_R1;;;;;;;;;;;;;;;;;;;;;_R2;$|,Backbone,2,ChEMBL,
X2149,X2149,R,NC(=N)NCCC[C@H](N[*])C(=O)c1nc2ccccc2o1 |$;;;;;;;;;_R1;;;;;;;;;;;$|,Backbone,1,ChEMBL,
X215,X215,G,[*]N(CCc1c[nH]c2ccccc12)CC([*])=O |$_R1;;;;;;;;;;;;;;;_R2;$|,Backbone,2,ChEMBL,
X2150,X2150,X,NCC[C@H](NC(O)=O)C([*])=O |$;;;;;;;;;_R2;$|,Backbone,1,ChEMBL,
X2151,X2151,V,CC(C)[C@H](NCP(O)(O)=O)C([*])=O |$;;;;;;;;;;;_R2;$|,Backbone,1,ChEMBL,
X2152,X2152,P,COc1cccc2nc(cc(O[C@@H]3C[C@H](N([*])C3)C([*])=O)c12)-c1ccccc1 |$;;;;;;;;;;;;;;;;_R1;;;_R2;;;;;;;;$|,Backbone,2,ChEMBL,
X2153,X2153,R,NC(=N)NCCC[C@H](Nc1ccc(O)c2C(=O)c3ccccc3C(=O)c12)C([*])=O |$;;;;;;;;;;;;;;;;;;;;;;;;;;;_R2;$|,Backbone,1,ChEMBL,
X2154,X2154,X,OC(=O)[C@@H]1Cc2ccccc2CN1[C@H](N[*])C([*])=O |$;;;;;;;;;;;;;;;_R1;;_R2;$|,Backbone,2,ChEMBL,
X2155,X2155,X,CC(=O)CCCCC[C@H](N[*])C([*])=O |$;;;;;;;;;;_R1;;_R2;$|,Backbone,2,ChEMBL,
X2156,X2156,X,CC[C@H](C)[C@H](N[*])C(=O)CN1CCCC[C@@H]1C([*])=O |$;;;;;;_R1;;;;;;;;;;;_R2;$|,Backbone,2,ChEMBL,
X2157,X2157,F,[*]C(=O)[C@@H](Cc1ccccc1)NS(=O)(=O)Cc1ccccc1 |$_R2;;;;;;;;;;;;;;;;;;;;;$|,Backbone,1,ChEMBL,
X2159,X2159,G,OC(=O)CN1CCN(CC(O)=O)CCN(CC([*])=O)CCN(CC(O)=O)CC1 |$;;;;;;;;;;;;;;;;;_R2;;;;;;;;;;$|,Backbone,1,ChEMBL,
X216,X216,P,CCC[C@]1(CCCN1[*])C([*])=O |$;;;;;;;;_R1;;_R2;$|,Backbone,2,ChEMBL,
X2160,X2160,G,CN(C)CCCNCC([*])=O |$;;;;;;;;;_R2;$|,Backbone,1,ChEMBL,
X2161,X2161,E,OC(=O)CC[C@H](N[*])C(=O)c1nc2ccccc2[nH]1 |$;;;;;;;_R1;;;;;;;;;;;$|,Backbone,1,ChEMBL,
X2162,X2162,R,NC(=N)NCCC[C@H](N[*])C(=O)c1nc2ccccc2[nH]1 |$;;;;;;;;;_R1;;;;;;;;;;;$|,Backbone,1,ChEMBL,
X2163,X2163,X,NCCCC[C@H](N[*])C(=O)NC(=O)N1CCC[C@H]1C([*])=O |$;;;;;;;_R1;;;;;;;;;;;;_R2;$|,Backbone,2,ChEMBL,
X2164,X2164,V,CC(C)[C@H](N[*])C(=O)c1nc2cc(CC(O)=O)ccc2o1 |$;;;;;_R1;;;;;;;;;;;;;;;$|,Backbone,1,ChEMBL,
X2165,X2165,X,COc1ccc(C[C@H](N[C@@H](Cc2ccccc2)C([*])=O)C(=O)CC2(CCN(C)CC2)S[*])cc1 |$;;;;;;;;;;;;;;;;;;_R2;;;;;;;;;;;;;_R3;;$|,Backbone,2,ChEMBL,
X2166,X2166,X,[*]N1CCSC[C@H]1C([*])=O |$_R1;;;;;;;;_R2;$|,Backbone,2,ChEMBL,
X2167,X2167,X,CC(C)[C@H](NC[C@@H]1COCCCN([*])[C@@H](C)C(=O)N1)C([*])=O |$;;;;;;;;;;;;;_R1;;;;;;;_R2;$|,Backbone,2,ChEMBL,
X2168,X2168,K,CC(C)OC(=O)C(=O)[C@H](CCCCN)N[*] |$;;;;;;;;;;;;;;;_R1$|,Backbone,1,ChEMBL,
X2169,X2169,V,COC(=O)c1ccc2oc(nc2c1)C(=O)[C@@H](N[*])C(C)C |$;;;;;;;;;;;;;;;;;_R1;;;$|,Backbone,1,ChEMBL,
X217,X217,C,"COC(=O)[C@H](CSCC=C(C)CCC=C(C)CCC=C(C)C)N[*] |w:8.7,13.12,$;;;;;;;;;;;;;;;;;;;;;;;_R1$|",Backbone,1,ChEMBL,
X2170,X2170,Q,N[C@@H](CCC(=O)NC(=O)[C@@H](N)CCC(O)=O)C([*])=O |$;;;;;;;;;;;;;;;;;_R2;$|,Backbone,1,ChEMBL,
X2171,X2171,X,CCS(=O)(=O)N[C@H](CC1CCCCC1)C([*])=O |$;;;;;;;;;;;;;;;_R2;$|,Backbone,1,ChEMBL,
X2172,X2172,X,COc1ccc(C[C@H](N[C@@H](Cc2ccccc2)C([*])=O)C(=O)CC2(CCC(C)CC2)S[*])cc1 |$;;;;;;;;;;;;;;;;;;_R2;;;;;;;;;;;;;_R3;;$|,Backbone,2,ChEMBL,
X2173,X2173,K,NCCCC[C@H](N[*])C(=O)c1ncco1 |$;;;;;;;_R1;;;;;;;$|,Backbone,1,ChEMBL,
X2174,X2174,X,CC[C@H](C)[C@H](N[*])C(=O)NC(=O)[C@@H](N)Cc1ccccc1 |$;;;;;;_R1;;;;;;;;;;;;;;$|,Backbone,1,ChEMBL,
X2175,X2175,H,CCCCCCCn1cc(C[C@H](N[*])C([*])=O)[n+](CCCCCCC)c1 |$;;;;;;;;;;;;;_R1;;_R2;;;;;;;;;;$|,Backbone,2,ChEMBL,
X2176,X2176,H,"CCCCCCCC=CCn1cncc1C[C@H](N[*])C([*])=O |w:8.8,$;;;;;;;;;;;;;;;;;;_R1;;_R2;$|",Backbone,2,ChEMBL,
X2177,X2177,G,COc1ccccc1NCC([*])=O |$;;;;;;;;;;;_R2;$|,Backbone,1,ChEMBL,
X2178,X2178,F,N[C@@H](Cc1ccc(cc1)-c1ccc(C[C@H](N)C([*])=O)cc1)C(O)=O |$;;;;;;;;;;;;;;;;;_R2;;;;;;$|,Backbone,1,ChEMBL,
X2179,X2179,X,NCC[C@H](NC(=O)Nc1cccc(c1)-c1ccccc1)C([*])=O |$;;;;;;;;;;;;;;;;;;;;;_R2;$|,Backbone,1,ChEMBL,
X218,X218,C,"COC(=O)[C@H](CSCC=C(C)CCC=C(C)COCc1cccc(c1)C(=O)c1ccccc1)N[*] |w:8.7,13.12,$;;;;;;;;;;;;;;;;;;;;;;;;;;;;;;;;;;_R1$|",Backbone,1,ChEMBL,
X2180,X2180,P,[*]C(=O)[C@H]1NCCC1=O |$_R2;;;;;;;;$|,Backbone,1,ChEMBL,
X2181,X2181,P,Fc1ccc2CN(Cc2c1)C(=O)O[C@@H]1C[C@H](N([*])C1)C([*])=O |$;;;;;;;;;;;;;;;;;_R1;;;_R2;$|,Backbone,2,ChEMBL,
X2182,X2182,F,[*]C(=O)[C@H](Cc1ccccc1)NS(=O)(=O)N1CCOCC1 |$_R2;;;;;;;;;;;;;;;;;;;;$|,Backbone,1,ChEMBL,
X2183,X2183,G,CC(C)(C)OC(=O)N(CCS)CC([*])=O |$;;;;;;;;;;;;;_R2;$|,Backbone,1,ChEMBL,
X2184,X2184,Y,Oc1ccc2c(CC(=O)ON[C@@H](Cc3ccc(OP(O)(O)=O)cc3)C([*])=O)cc(=O)oc2c1 |$;;;;;;;;;;;;;;;;;;;;;;;;;_R2;;;;;;;$|,Backbone,1,ChEMBL,
X2185,X2185,F,[*]C(=O)[C@H](Cc1ccccc1)NNC(=O)Nc1ccccc1 |$_R2;;;;;;;;;;;;;;;;;;;;;$|,Backbone,1,ChEMBL,
X2186,X2186,W,CN([C@H](N[*])C(=O)c1ccccc1)C(=O)N[C@H](Cc1c[nH]c2ccccc12)C([*])=O |$;;;;_R1;;;;;;;;;;;;;;;;;;;;;;;;_R2;$|,Backbone,2,ChEMBL,
X2187,X2187,L,COC(=O)[C@H](CC(C)(C)C)N[*] |$;;;;;;;;;;;_R1$|,Backbone,1,ChEMBL,
X2188,X2188,Y,Oc1ccc(C[C@H](NCCC(=O)[C@H](Cc2ccccc2)N[*])C([*])=O)cc1 |$;;;;;;;;;;;;;;;;;;;;;_R1;;_R2;;;$|,Backbone,2,ChEMBL,
X2189,X2189,Y,COC(=O)[C@H](Cc1ccc(OC(=O)Cc2ccccc2)cc1)N[*] |$;;;;;;;;;;;;;;;;;;;;;;;_R1$|,Backbone,1,ChEMBL,
X2190,X2190,V,CC(C)[C@H](N[*])C(=O)c1ccco1 |$;;;;;_R1;;;;;;;$|,Backbone,1,ChEMBL,
X2191,X2191,X,"CC(C)C[C@H](NC(=O)N[C@@H]([C@@H]1CCN=C(N)N1)C([*])=O)C=O |$;;;;;;;;;;;;;;;;;;_R2;;;$,t:13|",Backbone,1,ChEMBL,
X2192,X2192,X,CN(CC([*])=O)CC(=O)[C@H](CCCNC(N)=N)N[*] |$;;;;_R2;;;;;;;;;;;;;;_R1$|,Backbone,2,ChEMBL,
X2193,X2193,D,OC(=O)C[C@H](N[*])C(=O)c1nc2ccccc2[nH]1 |$;;;;;;_R1;;;;;;;;;;;$|,Backbone,1,ChEMBL,
X2194,X2194,Y,Oc1ccc(C[C@@H](NC(=O)OCc2ccccc2)C([*])=O)cc1 |$;;;;;;;;;;;;;;;;;;;_R2;;;$|,Backbone,1,ChEMBL,
X2195,X2195,R,COC(=O)c1ccc2nc(sc2c1)C(=O)[C@H](CCCNC(N)=N)N[*] |$;;;;;;;;;;;;;;;;;;;;;;;;_R1$|,Backbone,1,ChEMBL,
X2196,X2196,H,[*]C(=O)[C@@H](Cc1cnc[nH]1)NC(=O)OC1CCC1 |$_R2;;;;;;;;;;;;;;;;;$|,Backbone,1,ChEMBL,
X2197,X2197,L,CC(C)C[C@H](NC[C@H](Cc1c[nH]c2ccccc12)NC(=O)OC(C)(C)C)C([*])=O |$;;;;;;;;;;;;;;;;;;;;;;;;;;;_R2;$|,Backbone,1,ChEMBL,
X2198,X2198,X,[*]C(=O)Cn1ccc(=O)[nH]c1=O |$_R2;;;;;;;;;;;$|,Backbone,1,ChEMBL,
X2199,X2199,X,N[C@@H](CCC(O)=O)C(=O)c1cccc(NC(=O)N[C@@H](CO)C([*])=O)c1 |$;;;;;;;;;;;;;;;;;;;;;;_R2;;$|,Backbone,1,ChEMBL,
X22,X22,X,[*]C(=O)[C@@H]1CCCC(=O)N1 |$_R2;;;;;;;;;$|,Backbone,1,ChEMBL,
X2200,X2200,R,NC(=N)NCCC[C@@H](NS(=O)(=O)Cc1ccccc1)C([*])=O |$;;;;;;;;;;;;;;;;;;;;_R2;$|,Backbone,1,ChEMBL,
X2201,X2201,L,CC(C)C[C@H](N[*])C(=O)COC(=O)c1c(C)cccc1C |$;;;;;;_R1;;;;;;;;;;;;;;$|,Backbone,1,ChEMBL,
X2202,X2202,X,CC(C)C[C@@H](N[*])C(=O)OCOC(=O)N[C@@H](Cc1ccc(O)cc1)C([*])=O |$;;;;;;_R1;;;;;;;;;;;;;;;;;;;_R2;$|,Backbone,2,ChEMBL,
X2203,X2203,S,N[C@@H](COC(=O)CN[*])C([*])=O |$;;;;;;;;_R1;;_R2;$|,Backbone,2,ChEMBL,
X2204,X2204,X,Fc1ccc(cc1)S(=O)(=O)N[C@@H](Cc1ccc(OCCCCSC[C@H](N[*])C=O)cc1)C([*])=O |$;;;;;;;;;;;;;;;;;;;;;;;;;;_R1;;;;;;_R2;$|,Backbone,2,ChEMBL,
X2205,X2205,Y,Fc1ccc(cc1)S(=O)(=O)N[C@@H](Cc1ccc(OCCCC[C@H](N[*])C=O)cc1)C([*])=O |$;;;;;;;;;;;;;;;;;;;;;;;;_R1;;;;;;_R2;$|,Backbone,2,ChEMBL,
X2206,X2206,X,NC(=N)N1CCC[C@H](C[C@H](N[*])C(=O)c2nc3ccccc3s2)C1 |$;;;;;;;;;;;_R1;;;;;;;;;;;;$|,Backbone,1,ChEMBL,
X2207,X2207,E,OC(=O)CC[C@H](N[*])C(=O)C(F)(F)F |$;;;;;;;_R1;;;;;;$|,Backbone,1,ChEMBL,
X2208,X2208,K,NCCCC[C@H](N[*])C(=O)c1nc2ccccc2[nH]1 |$;;;;;;;_R1;;;;;;;;;;;$|,Backbone,1,ChEMBL,
X2209,X2209,X,N[C@@H](CCC(O)=O)C(=O)c1ccccc1NC(=O)N[C@@H](CO)C([*])=O |$;;;;;;;;;;;;;;;;;;;;;;;_R2;$|,Backbone,1,ChEMBL,
X221,X221,X,[*]N[C@H](CCCCCC=C)C([*])=O |$_R1;;;;;;;;;;;_R2;$|,Backbone,2,ChEMBL,
X2210,X2210,G,OC(=O)Cn1ccc(=O)n(CC([*])=O)c1=O |$;;;;;;;;;;;;_R2;;;$|,Backbone,1,ChEMBL,
X2211,X2211,R,N[C@@H](CS)C(=O)NC(=O)[C@H](CCCNC(N)=N)N[*] |$;;;;;;;;;;;;;;;;;;_R1$|,Backbone,1,ChEMBL,
X2212,X2212,P,[*]C(=O)[C@@H]1CC(=O)CN1 |$_R2;;;;;;;;$|,Backbone,1,ChEMBL,
X2213,X2213,K,NCCCC[C@H](N1Cc2[nH]c3ccccc3c2C[C@H]1C(O)=O)C([*])=O |$;;;;;;;;;;;;;;;;;;;;;;;_R2;$|,Backbone,1,ChEMBL,
X2214,X2214,X,O[C@H](N[*])C([*])=O |$;;;_R1;;_R2;$|,Backbone,2,ChEMBL,
X2215,X2215,F,NC(=N)c1cccc(C[C@H](N[*])C(=O)c2nc3ccccc3s2)c1 |$;;;;;;;;;;;_R1;;;;;;;;;;;;$|,Backbone,1,ChEMBL,
X2216,X2216,F,[*]N[C@@H]([C@@H](Oc1ccc(C=O)cc1)c1ccccc1)C([*])=O |$_R1;;;;;;;;;;;;;;;;;;;;_R2;$|,Backbone,2,ChEMBL,
X2217,X2217,F,[*]N[C@H]([C@H](Oc1ccc(C=O)cc1)c1ccccc1)C([*])=O |$_R1;;;;;;;;;;;;;;;;;;;;_R2;$|,Backbone,2,ChEMBL,
X2218,X2218,F,[*]C(=O)[C@H](Cc1ccccc1)N1C(=O)c2ccccc2C1=O |$_R2;;;;;;;;;;;;;;;;;;;;;$|,Backbone,1,ChEMBL,
X2219,X2219,V,CC(C)[C@H](N[*])C(=O)c1cc2ccccc2s1 |$;;;;;_R1;;;;;;;;;;;$|,Backbone,1,ChEMBL,
X222,X222,X,[*]N[C@@H](CCCCCC=C)C([*])=O |$_R1;;;;;;;;;;;_R2;$|,Backbone,2,ChEMBL,
X2220,X2220,F,CNC(=O)N[C@@H](Cc1ccc(Cl)cc1)C([*])=O |$;;;;;;;;;;;;;;;_R2;$|,Backbone,1,ChEMBL,
X2221,X2221,W,COC(=O)[C@H](Cc1c[nH]c2c(cccc12)-c1ccc(C[C@H](NC(=O)OC(C)(C)C)C([*])=O)cc1OC)N[*] |$;;;;;;;;;;;;;;;;;;;;;;;;;;;;;;_R2;;;;;;;_R1$|,Backbone,2,ChEMBL,
X2222,X2222,D,OC(=O)C[C@H](N[*])C(=O)OCCc1ccccc1 |$;;;;;;_R1;;;;;;;;;;;$|,Backbone,1,ChEMBL,
X2223,X2223,C,N[C@@H](CSC[C@@H](N[*])C(O)=O)C([*])=O |$;;;;;;;_R1;;;;;_R2;$|,Backbone,2,ChEMBL,
X2224,X2224,X,FC(F)C[C@@H](C=O)C(=O)[C@H](CC1CCCCC1)N[*] |$;;;;;;;;;;;;;;;;;;_R1$|,Backbone,1,ChEMBL,
X2225,X2225,X,Nc1ccn(C[C@H](N[*])C([*])=O)c(=O)n1 |$;;;;;;;;_R1;;_R2;;;;$|,Backbone,2,ChEMBL,
X2226,X2226,X,[*]N[C@@H](Cn1c(=O)[nH]c2ccccc2c1=O)C([*])=O |$_R1;;;;;;;;;;;;;;;;;_R2;$|,Backbone,2,ChEMBL,
X2227,X2227,V,CC(C)[C@H](N[*])C(=O)Cc1ccccc1 |$;;;;;_R1;;;;;;;;;$|,Backbone,1,ChEMBL,
X2228,X2228,X,FC(F)(F)C(=O)[C@H](CC1CCCCC1)N[*] |$;;;;;;;;;;;;;;;_R1$|,Backbone,1,ChEMBL,
X2229,X2229,D,"OC(=O)C[C@H](N[*])C(=O)COC1=C(Cc2ccccc2)C(=O)OC1 |$;;;;;;_R1;;;;;;;;;;;;;;;;;$,c:11|",Backbone,1,ChEMBL,
X223,X223,X,[*]N[C@@H](CCCCCCC=C)C([*])=O |$_R1;;;;;;;;;;;;_R2;$|,Backbone,2,ChEMBL,
X2230,X2230,K,Cc1ccc(cc1)S(=O)(=O)N([*])[C@@H](CCCCN)C([*])=O |$;;;;;;;;;;;_R1;;;;;;;;_R2;$|,Backbone,2,ChEMBL,
X2231,X2231,P,CC(C)(C)OC(=O)N[C@H]1C[C@H](N(C1)C(=O)OC(C)(C)C)C([*])=O |$;;;;;;;;;;;;;;;;;;;;;_R2;$|,Backbone,1,ChEMBL,
X2232,X2232,Y,NCCOC(=O)[C@H](Cc1ccc(O)cc1)N[*] |$;;;;;;;;;;;;;;;;_R1$|,Backbone,1,ChEMBL,
X2233,X2233,X,NCC1CCC(CC1)[C@@H](N[*])C(=O)c1nc2ccccc2s1 |$;;;;;;;;;;_R1;;;;;;;;;;;$|,Backbone,1,ChEMBL,
X2234,X2234,R,NC(=N)NCCC[C@H](N[*])C(=O)c1cc2ccccc2s1 |$;;;;;;;;;_R1;;;;;;;;;;;$|,Backbone,1,ChEMBL,
X2235,X2235,X,NC(=N)N[C@H](C1CCCCC1)C([*])=O |$;;;;;;;;;;;;_R2;$|,Backbone,1,ChEMBL,
X2236,X2236,Y,C[N+](C)(C)[C@@H](Cc1ccc(O)cc1)C([*])=O |$;;;;;;;;;;;;;;_R2;$|,Backbone,1,ChEMBL,
X2237,X2237,K,Cc1cccc(NC(=O)NCCCC[C@H](N[*])C([*])=O)c1 |$;;;;;;;;;;;;;;;;_R1;;_R2;;$|,Backbone,2,ChEMBL,
X2238,X2238,X,OC(=O)CN([*])N[C@@H](Cc1ccc(O)cc1)C([*])=O |$;;;;;_R1;;;;;;;;;;;;_R2;$|,Backbone,2,ChEMBL,
X2239,X2239,X,NC(=N)NCCC[C@H](NCCCCCC(=O)[C@H](CC(O)=O)N[*])C([*])=O |$;;;;;;;;;;;;;;;;;;;;;;_R1;;_R2;$|,Backbone,2,ChEMBL,
X224,X224,X,[*]N[C@H](CCCCC=C)C([*])=O |$_R1;;;;;;;;;;_R2;$|,Backbone,2,ChEMBL,
X2240,X2240,F,Cn1ccc2cc(ccc12)C(=O)[C@@H](N[*])C([*])=O |$;;;;;;;;;;;;;;_R1;;_R2;$|,Backbone,2,ChEMBL,
X2241,X2241,V,COC(=O)c1ccc2nc(oc2c1)C(=O)[C@@H](N[*])C(C)C |$;;;;;;;;;;;;;;;;;_R1;;;$|,Backbone,1,ChEMBL,
X2242,X2242,W,CN([C@@H](N[*])C(=O)c1ccccc1)C(=O)N[C@H](Cc1c[nH]c2ccccc12)C([*])=O |$;;;;_R1;;;;;;;;;;;;;;;;;;;;;;;;_R2;$|,Backbone,2,ChEMBL,
X2243,X2243,R,NC(=N)NCCC[C@H](N[*])C(=O)CN1CCC[C@H]1NCC([*])=O |$;;;;;;;;;_R1;;;;;;;;;;;;_R2;$|,Backbone,2,ChEMBL,
X2244,X2244,F,[*]N[C@@H](Cc1ccccc1)C(=O)c1nc2ccccc2[nH]1 |$_R1;;;;;;;;;;;;;;;;;;;;$|,Backbone,1,ChEMBL,
X2245,X2245,G,OC(=O)Cn1c(=O)cnn(CC([*])=O)c1=O |$;;;;;;;;;;;;_R2;;;$|,Backbone,1,ChEMBL,
X2246,X2246,D,OC(=O)C[C@H](N[*])C(=O)COP(=O)(c1ccccc1)c1ccccc1 |$;;;;;;_R1;;;;;;;;;;;;;;;;;;$|,Backbone,1,ChEMBL,
X2247,X2247,X,N[C@@H](C1c2ccccc2CCc2ccccc12)C([*])=O |$;;;;;;;;;;;;;;;;;;_R2;$|,Backbone,1,ChEMBL,
X2248,X2248,X,[*]N[C@@H](Cc1c[nH]c2ccccc12)C(=O)c1nc2ccccc2[nH]1 |$_R1;;;;;;;;;;;;;;;;;;;;;;;$|,Backbone,1,ChEMBL,
X2249,X2249,G,CC[C@@]1(OC(=O)CN[*])C(=O)OCc2c1cc1-c3nc4ccccc4cc3Cn1c2=O |$;;;;;;;;_R1;;;;;;;;;;;;;;;;;;;;;;$|,Backbone,1,ChEMBL,
X225,X225,E,OC(=O)CC[C@H](NCCc1ccc(Cl)c(Cl)c1)C([*])=O |$;;;;;;;;;;;;;;;;;;_R2;$|,Backbone,1,ChEMBL,
X2250,X2250,V,CCCOC(=O)c1ccc(O)c(CN[C@@H](C(C)C)C([*])=O)c1 |$;;;;;;;;;;;;;;;;;;;_R2;;$|,Backbone,1,ChEMBL,
X2251,X2251,V,CC(C)[C@H](NC(=O)NC(=O)[C@@H](N[*])C(C)C)C([*])=O |$;;;;;;;;;;;;_R1;;;;;_R2;$|,Backbone,2,ChEMBL,
X2252,X2252,A,"COC1=CC(=O)N([C@H]1Cc1ccccc1)C(=O)[C@@H](OC(=O)[C@@H](C)N(C)[*])C(C)C |$;;;;;;;;;;;;;;;;;;;;;;;;;_R1;;;$,t:2|",Backbone,1,ChEMBL,
X2253,X2253,X,[*]N[C@@H](CSCCCCOc1ccc(C[C@H](NC(=O)OCc2ccccc2)C([*])=O)cc1)C=O |$_R1;;;;;;;;;;;;;;;;;;;;;;;;;;;;_R2;;;;;$|,Backbone,2,ChEMBL,
X2254,X2254,Y,[*]N[C@@H](CCCOc1ccc(C[C@H](NC(=O)OCc2ccccc2)C([*])=O)cc1)C=O |$_R1;;;;;;;;;;;;;;;;;;;;;;;;;_R2;;;;;$|,Backbone,2,ChEMBL,
X2255,X2255,Y,Fc1ccc(cc1)S(=O)(=O)N[C@@H](Cc1ccc(OCCC[C@H](N[*])C=O)cc1)C([*])=O |$;;;;;;;;;;;;;;;;;;;;;;;_R1;;;;;;_R2;$|,Backbone,2,ChEMBL,
X2256,X2256,P,CCNOC(=O)[C@@H]1CCCN1[*] |$;;;;;;;;;;;_R1$|,Backbone,1,ChEMBL,
X2257,X2257,X,[*]N[C@@H](CNCc1ccccc1)C([*])=O |$_R1;;;;;;;;;;;;;_R2;$|,Backbone,2,ChEMBL,
X2258,X2258,X,N[C@H](N[*])C([*])=O |$;;;_R1;;_R2;$|,Backbone,2,ChEMBL,
X2259,X2259,D,OC(=O)C[C@H](N[*])C(=O)COn1c(O)cc2ccccc12 |$;;;;;;_R1;;;;;;;;;;;;;;$|,Backbone,1,ChEMBL,
X226,X226,E,OC(=O)CC[C@H](NCCCc1c2ccccc2cc2ccccc12)C([*])=O |$;;;;;;;;;;;;;;;;;;;;;;;;;_R2;$|,Backbone,1,ChEMBL,
X2260,X2260,V,CC(C)[C@H](N[*])C(=O)c1nc2cc(ccc2o1)C#N |$;;;;;_R1;;;;;;;;;;;;;$|,Backbone,1,ChEMBL,
X2261,X2261,F,COP(=O)(N[C@@H](Cc1ccc(Cl)cc1)C([*])=O)OC |$;;;;;;;;;;;;;;;_R2;;;$|,Backbone,1,ChEMBL,
X2262,X2262,F,OP(O)(=O)N([C@@H](Cc1ccccc1)C([*])=O)C(=O)OCc1ccccc1 |$;;;;;;;;;;;;;;_R2;;;;;;;;;;;$|,Backbone,1,ChEMBL,
X2263,X2263,Y,OS(=O)(=O)Oc1ccc(C[C@H](NC(=O)OCc2ccccc2)C([*])=O)cc1 |$;;;;;;;;;;;;;;;;;;;;;;;_R2;;;$|,Backbone,1,ChEMBL,
X2264,X2264,F,CN[C@H](C(c1ccccc1)c1ccccc1)C([*])=O |$;;;;;;;;;;;;;;;;;_R2;$|,Backbone,1,ChEMBL,
X2265,X2265,S,Cc1ccc(COC[C@H](NS(=O)(=O)c2ccc(C)cc2)C([*])=O)cc1 |$;;;;;;;;;;;;;;;;;;;;;_R2;;;$|,Backbone,1,ChEMBL,
X2266,X2266,L,CC(C)C[C@H](N[*])C(=O)c1nnc(o1)-c1ccccc1 |$;;;;;;_R1;;;;;;;;;;;;;$|,Backbone,1,ChEMBL,
X2267,X2267,E,OC(=O)CC[C@H](NC(O)=O)C([*])=O |$;;;;;;;;;;;_R2;$|,Backbone,1,ChEMBL,
X2268,X2268,V,CC(C)[C@H](NC(c1ncccc1O)c1ncccc1O)C([*])=O |$;;;;;;;;;;;;;;;;;;;;;_R2;$|,Backbone,1,ChEMBL,
X2269,X2269,K,NCCCC[C@H](NC(=O)OCc1cc(=O)c(O)co1)C([*])=O |$;;;;;;;;;;;;;;;;;;;;_R2;$|,Backbone,1,ChEMBL,
X227,X227,E,OC(=O)CC[C@H](NCCCc1ccc(Cl)c(Cl)c1)C([*])=O |$;;;;;;;;;;;;;;;;;;;_R2;$|,Backbone,1,ChEMBL,
X2270,X2270,P,CN(C)c1cccc2c(cccc12)S(=O)(=O)N1CCC[C@H]1C([*])=O |$;;;;;;;;;;;;;;;;;;;;;;_R2;$|,Backbone,1,ChEMBL,
X2271,X2271,G,CCCCc1nc2c(N)nc3ccccc3c2n1Cc1ccc(CNC(=S)NCC([*])=O)cc1 |$;;;;;;;;;;;;;;;;;;;;;;;;;;;;;;_R2;;;$|,Backbone,1,ChEMBL,
X2272,X2272,K,NC(=N)NCCCC[C@H](N[*])C(=O)Cc1ccccc1 |$;;;;;;;;;;_R1;;;;;;;;;$|,Backbone,1,ChEMBL,
X2273,X2273,F,[*]C(=O)[C@H](Cc1ccccc1)NS(=O)(=O)Cc1ccccc1 |$_R2;;;;;;;;;;;;;;;;;;;;;$|,Backbone,1,ChEMBL,
X2274,X2274,X,OP(O)(=O)[C@H](N[*])C([*])=O |$;;;;;;_R1;;_R2;$|,Backbone,2,ChEMBL,
X2275,X2275,X,Cc1nc(sc1C)C(=O)[C@H](C[C@@H]1CCNC1=O)N[*] |$;;;;;;;;;;;;;;;;;;_R1$|,Backbone,1,ChEMBL,
X2276,X2276,M,CS(=O)(=O)CC[C@@H](N[*])C(O)=O |$;;;;;;;;_R1;;;$|,Backbone,1,ChEMBL,
X2277,X2277,X,C[n+]1cccc(c1)C(=O)[C@@H]1CCCN1[C@@H](Cc1ccc(O)cc1)C([*])=O |$;;;;;;;;;;;;;;;;;;;;;;;;_R2;$|,Backbone,1,ChEMBL,
X2278,X2278,P,Clc1cc2CN(Cc2cc1Cl)C(=O)O[C@@H]1C[C@H](N([*])C1)C([*])=O |$;;;;;;;;;;;;;;;;;;_R1;;;_R2;$|,Backbone,2,ChEMBL,
X2279,X2279,X,CCOC(=O)[C@@H]1[C@H](N1[*])C([*])=O |$;;;;;;;;_R1;;_R2;$|,Backbone,2,ChEMBL,
X228,X228,G,[*]N(CCc1ccccn1)CC([*])=O |$_R1;;;;;;;;;;;;_R2;$|,Backbone,2,ChEMBL,
X2280,X2280,X,"CC(C)C[C@H](N[*])C(=O)CN1CCC=C(C1)C(O)=O |$;;;;;;_R1;;;;;;;;;;;;$,c:13|",Backbone,1,ChEMBL,
X2281,X2281,W,[*]C(=O)[C@@H](Cc1c[nH]c2ccccc12)NC(=O)OCc1ccccc1 |$_R2;;;;;;;;;;;;;;;;;;;;;;;;$|,Backbone,1,ChEMBL,
X2282,X2282,F,FC(F)(F)S(=O)(=O)N[C@@H](Cc1ccc(Cl)cc1)C([*])=O |$;;;;;;;;;;;;;;;;;;_R2;$|,Backbone,1,ChEMBL,
X2283,X2283,P,Fc1ccc2c(O[C@@H]3C[C@H](N([*])C3)C([*])=O)cc(nc2c1)-c1ccccc1 |$;;;;;;;;;;;_R1;;;_R2;;;;;;;;;;;;$|,Backbone,2,ChEMBL,
X2284,X2284,F,CCCCCCCCCCCCCCNC(=O)N[C@@H](Cc1ccccc1)C([*])=O |$;;;;;;;;;;;;;;;;;;;;;;;;;;;_R2;$|,Backbone,1,ChEMBL,
X2285,X2285,X,[*]N1C[C@H]1C([*])=O |$_R1;;;;;_R2;$|,Backbone,2,ChEMBL,
X2286,X2286,X,CCOC(=O)[C@@H]1[C@H](N1[*])C(=O)OCC |$;;;;;;;;_R1;;;;;$|,Backbone,1,ChEMBL,
X2287,X2287,F,OC(=O)[C@@H](Cc1c[nH]c2ccccc12)N[C@@H](Cc1ccccc1)C([*])=O |$;;;;;;;;;;;;;;;;;;;;;;;;_R2;$|,Backbone,1,ChEMBL,
X2288,X2288,T,C[C@@H](O)[C@@H](NC(=O)OCC1c2ccccc2-c2ccccc12)C([*])=O |$;;;;;;;;;;;;;;;;;;;;;;;_R2;$|,Backbone,1,ChEMBL,
X2289,X2289,X,[*]N1C[C@H](Cc2ccccc2)NC(=O)C1 |$_R1;;;;;;;;;;;;;;$|,Backbone,1,ChEMBL,
X229,X229,X,[*]N1Cc2nc[nH]c2C[C@H]1C([*])=O |$_R1;;;;;;;;;;;_R2;$|,Backbone,2,ChEMBL,
X2290,X2290,X,NC(=N)C[C@H](N[*])C([*])=O |$;;;;;;_R1;;_R2;$|,Backbone,2,ChEMBL,
X2291,X2291,V,CC(C)[C@H](NCc1cc(Br)ccc1O)C([*])=O |$;;;;;;;;;;;;;;;_R2;$|,Backbone,1,ChEMBL,
X2292,X2292,V,COCCOCOc1ccc(Cl)cc1CN[C@@H](C(C)C)C([*])=O |$;;;;;;;;;;;;;;;;;;;;;_R2;$|,Backbone,1,ChEMBL,
X2293,X2293,V,COc1ccc(O)c(CN[C@@H](C(C)C)C([*])=O)c1 |$;;;;;;;;;;;;;;;_R2;;$|,Backbone,1,ChEMBL,
X2294,X2294,F,COP(=S)(N[C@@H](Cc1ccc(Cl)cc1)C([*])=O)OC |$;;;;;;;;;;;;;;;_R2;;;$|,Backbone,1,ChEMBL,
X2295,X2295,P,CC1(C)CCN([*])[C@@H]1C([*])=O |$;;;;;;_R1;;;_R2;$|,Backbone,2,ChEMBL,
X2296,X2296,X,[*]C(=O)[C@@H](CCc1ccccc1)NC(=O)OCc1ccccc1 |$_R2;;;;;;;;;;;;;;;;;;;;;;$|,Backbone,1,ChEMBL,
X2298,X2298,V,CC(C)[C@H](NCc1cc(O)ccc1O)C([*])=O |$;;;;;;;;;;;;;;;_R2;$|,Backbone,1,ChEMBL,
X2299,X2299,X,COC(=O)Cn1cc([C@H](N[*])C([*])=O)c(=O)c2ccccc12 |$;;;;;;;;;;_R1;;_R2;;;;;;;;;$|,Backbone,2,ChEMBL,
X23,X23,H,[*]N[C@@H](Cc1cnc([nH]1)C1CCCCC1)C([*])=O |$_R1;;;;;;;;;;;;;;;;_R2;$|,Backbone,2,ChEMBL,
X230,X230,V,CC(C)[C@H](N[*])C=O |$;;;;;_R1;;$|,Backbone,1,ChEMBL,
X2300,X2300,G,Fc1cccc(CNCC([*])=O)c1 |$;;;;;;;;;;_R2;;$|,Backbone,1,ChEMBL,
X2301,X2301,F,CC(C)CN(CC(=O)[C@@H](Cc1ccccc1)N[*])S(=O)(=O)c1cccc(N)c1 |$;;;;;;;;;;;;;;;;;_R1;;;;;;;;;;$|,Backbone,1,ChEMBL,
X2302,X2302,Y,Oc1ccc(C[C@H](N[*])C(=O)c2nc3ccccc3[nH]2)cc1 |$;;;;;;;;_R1;;;;;;;;;;;;;$|,Backbone,1,ChEMBL,
X2303,X2303,C,[*]C(=O)[C@H](CSC(=O)OCc1ccccc1)NC(=O)OCc1ccccc1 |$_R2;;;;;;;;;;;;;;;;;;;;;;;;;;$|,Backbone,1,ChEMBL,
X2304,X2304,X,"CC[C@H](C)[C@@H](N)C1=N[C@H](CS1)C([*])=O |$;;;;;;;;;;;;_R2;$,t:6|",Backbone,1,ChEMBL,
X2305,X2305,P,[*]N1C[C@@H](C[C@H]1C([*])=O)Oc1ccncc1 |$_R1;;;;;;;_R2;;;;;;;;$|,Backbone,2,ChEMBL,
X2306,X2306,K,F[Al]1OC(=O)CN2CCN(Cc3ccc(NC(=S)NCCCC[C@H](N[*])C([*])=O)cc3)CCN(CC2)CC(=O)O1 |$;;;;;;;;;;;;;;;;;;;;;;;;;_R1;;_R2;;;;;;;;;;;;$|,Backbone,2,ChEMBL,
X2307,X2307,X,[*]N1[C@H]([C@@H]1C(=O)OCc1ccccc1)C(=O)OCc1ccccc1 |$_R1;;;;;;;;;;;;;;;;;;;;;;;$|,Backbone,1,ChEMBL,
X2308,X2308,X,[*]N[C@@H](C1CCNCC1)C([*])=O |$_R1;;;;;;;;;;_R2;$|,Backbone,2,ChEMBL,
X2309,X2309,X,CC(C)(C)C1CCC(CC(=O)[C@H](Cc2ccc(O)cc2)N[C@@H](Cc2ccccc2)C([*])=O)(CC1)S[*] |$;;;;;;;;;;;;;;;;;;;;;;;;;;;;;;_R2;;;;;_R3$|,Backbone,2,ChEMBL,
X231,X231,G,[*]C(=O)CN1C(=O)c2ccccc2C1=O |$_R2;;;;;;;;;;;;;;$|,Backbone,1,ChEMBL,
X2310,X2310,X,Oc1ccc(C[C@H](N[C@@H](Cc2ccccc2)C([*])=O)C(=O)CC2(CCC(CC2)c2ccccc2)S[*])cc1 |$;;;;;;;;;;;;;;;;;_R2;;;;;;;;;;;;;;;;;;_R3;;$|,Backbone,2,ChEMBL,
X2311,X2311,X,CC(C)C[C@H](NC(=O)N1CCC[C@H]1C(C)=O)C([*])=O |$;;;;;;;;;;;;;;;;;_R2;$|,Backbone,1,ChEMBL,
X2312,X2312,X,N[C@@H](CCCNC(N)=N)C(=O)O[C@H]1C[C@H](N([*])C1)C([*])=O |$;;;;;;;;;;;;;;;;_R1;;;_R2;$|,Backbone,2,ChEMBL,
X2313,X2313,H,[*]N[C@@H](Cc1cncn1CCCC1CCCCC1)C([*])=O |$_R1;;;;;;;;;;;;;;;;;;;_R2;$|,Backbone,2,ChEMBL,
X2314,X2314,X,[*]N[C@@H](C[C@@H]1CCNC1=O)C=O |$_R1;;;;;;;;;;;$|,Backbone,1,ChEMBL,
X2315,X2315,F,[*]C(=O)[C@H](Cc1cccc2ccccc12)NC(=O)OCc1ccccc1 |$_R2;;;;;;;;;;;;;;;;;;;;;;;;;$|,Backbone,1,ChEMBL,
X2316,X2316,W,CC(C)(C)OC(=O)[C@@H](Cc1c[nH]c2ccccc12)N[*] |$;;;;;;;;;;;;;;;;;;;_R1$|,Backbone,1,ChEMBL,
X2317,X2317,X,N[C@@H](CO)C(=O)CN[C@@H](Cc1ccccc1)C([*])=O |$;;;;;;;;;;;;;;;;;_R2;$|,Backbone,1,ChEMBL,
X2318,X2318,G,[*]C(=O)CNCC(c1ccccc1)c1ccccc1 |$_R2;;;;;;;;;;;;;;;;;;$|,Backbone,1,ChEMBL,
X2319,X2319,G,COc1ccc(CN([*])CC([*])=O)cc1OC |$;;;;;;;;_R1;;;_R2;;;;;$|,Backbone,2,ChEMBL,
X232,X232,X,[*]N1Cc2[nH]c3ccccc3c2C[C@H]1C([*])=O |$_R1;;;;;;;;;;;;;;;_R2;$|,Backbone,2,ChEMBL,
X2320,X2320,X,[*]N[C@H](CCC1CCCCC1)C([*])=O |$_R1;;;;;;;;;;;;_R2;$|,Backbone,2,ChEMBL,
X2321,X2321,F,[*]C(=O)[C@H](Cc1ccc2ccccc2c1)NC(=O)OCc1ccccc1 |$_R2;;;;;;;;;;;;;;;;;;;;;;;;;$|,Backbone,1,ChEMBL,
X2322,X2322,F,Oc1coc(COC(=O)N[C@@H](Cc2ccccc2)C([*])=O)cc1=O |$;;;;;;;;;;;;;;;;;;;_R2;;;;$|,Backbone,1,ChEMBL,
X2323,X2323,X,COC(=O)c1nnn(CC(=O)[C@H](C[C@@H]2CCNC2=O)N[*])c1C(=O)OC |$;;;;;;;;;;;;;;;;;;;;_R1;;;;;$|,Backbone,1,ChEMBL,
X2324,X2324,V,CC(C)[C@H](N[*])C(=O)C(F)(F)CNCc1ccccc1 |$;;;;;_R1;;;;;;;;;;;;;;$|,Backbone,1,ChEMBL,
X2325,X2325,D,OC(=O)C[C@H](N[*])C(=O)COc1cc(nn1-c1ccccc1)C(F)(F)F |$;;;;;;_R1;;;;;;;;;;;;;;;;;;;$|,Backbone,1,ChEMBL,
X2326,X2326,X,CC(C)(C)OC(=O)NC[C@H](N[*])C=O |$;;;;;;;;;;;_R1;;$|,Backbone,1,ChEMBL,
X2327,X2327,Y,Oc1ccc(C[C@H](N[*])C([*])=O)cc1Cc1ccccc1 |$;;;;;;;;_R1;;_R2;;;;;;;;;;$|,Backbone,2,ChEMBL,
X2328,X2328,F,[*]N[C@@H](Cc1ccc(cc1)-c1ccc2ccccc2c1)C([*])=O |$_R1;;;;;;;;;;;;;;;;;;;;;_R2;$|,Backbone,2,ChEMBL,
X2329,X2329,F,[*]N[C@@H](Cc1ccc(cc1)-c1ccccc1-c1ccccc1)C([*])=O |$_R1;;;;;;;;;;;;;;;;;;;;;;;_R2;$|,Backbone,2,ChEMBL,
X233,X233,X,"CCC(=N[*])C([*])=O |w:3.3,$;;;;_R1;;_R2;$|",Backbone,2,ChEMBL,
X2330,X2330,X,C[C@H](NC(=O)N1CCC[C@H]1C([*])=O)C(=O)NC(=O)CN[*] |$;;;;;;;;;;;_R2;;;;;;;;;_R1$|,Backbone,2,ChEMBL,
X2331,X2331,X,OC(=O)C(=O)C1(CC1)N[*] |$;;;;;;;;;_R1$|,Backbone,1,ChEMBL,
X2332,X2332,L,CC(C)C[C@H](NC(O)=O)C([*])=O |$;;;;;;;;;;_R2;$|,Backbone,1,ChEMBL,
X2333,X2333,X,NC(=N)NCCC[C@H](NC(=O)N[C@@H](Cc1ccccc1)C(O)=O)C([*])=O |$;;;;;;;;;;;;;;;;;;;;;;;;_R2;$|,Backbone,1,ChEMBL,
X2334,X2334,X,[*]C(=O)[C@@H]1CCCCN1CC(=O)c1ccc2ccccc2c1 |$_R2;;;;;;;;;;;;;;;;;;;;;$|,Backbone,1,ChEMBL,
X2335,X2335,G,[*]N(CC([*])=O)C1Cc2ccccc2C1 |$_R1;;;;_R2;;;;;;;;;;$|,Backbone,2,ChEMBL,
X2336,X2336,X,C[C@](CCCC(O)=O)(NC(=O)OCC1c2ccccc2-c2ccccc12)C([*])=O |$;;;;;;;;;;;;;;;;;;;;;;;;;;;_R2;$|,Backbone,1,ChEMBL,
X2337,X2337,Y,CN(C)c1cccc2c(cccc12)S(=O)(=O)N[C@H](Cc1ccc(O)cc1)C([*])=O |$;;;;;;;;;;;;;;;;;;;;;;;;;;;_R2;$|,Backbone,1,ChEMBL,
X2338,X2338,M,CSCC[C@H](NC(=O)Nc1ccc(Cl)cc1)C([*])=O |$;;;;;;;;;;;;;;;;;_R2;$|,Backbone,1,ChEMBL,
X2339,X2339,X,Oc1ccc2cc(-n3cc(C[C@H](N[*])C([*])=O)nn3)c(=O)oc2c1 |$;;;;;;;;;;;;;_R1;;_R2;;;;;;;;$|,Backbone,2,ChEMBL,
X2340,X2340,X,C[C@H](O)[C@@H](N[*])C(=O)CN[C@@H](C)C([*])=O |$;;;;;_R1;;;;;;;;_R2;$|,Backbone,2,ChEMBL,
X2341,X2341,G,[*]C(=O)CN1CCNCCNCCNCC1 |$_R2;;;;;;;;;;;;;;;$|,Backbone,1,ChEMBL,
X2342,X2342,C,[*]N[C@@H](CSCc1c[nH]c(=O)[nH]c1=O)C([*])=O |$_R1;;;;;;;;;;;;;;;_R2;$|,Backbone,2,ChEMBL,
X2343,X2343,C,COC(=O)[C@H](CSCc1c[nH]c(=O)[nH]c1=O)N[*] |$;;;;;;;;;;;;;;;;;_R1$|,Backbone,1,ChEMBL,
X2344,X2344,X,NCCCC[C@@H](NC(=O)N[C@@H](Cc1ccccc1)C(O)=O)C([*])=O |$;;;;;;;;;;;;;;;;;;;;;;_R2;$|,Backbone,1,ChEMBL,
X2345,X2345,Y,[*]N[C@@H](CCCCCOc1ccc(C[C@H](NC(=O)OCc2ccccc2)C([*])=O)cc1)C=O |$_R1;;;;;;;;;;;;;;;;;;;;;;;;;;;_R2;;;;;$|,Backbone,2,ChEMBL,
X2346,X2346,X,CC(C)[C@H](NC[C@@H]1COCCCCCN([*])[C@@H](C)C(=O)N1)C([*])=O |$;;;;;;;;;;;;;;;_R1;;;;;;;_R2;$|,Backbone,2,ChEMBL,
X2347,X2347,H,[*]N[C@@H](Cc1cnc[nH]1)C(=O)c1nccs1 |$_R1;;;;;;;;;;;;;;;$|,Backbone,1,ChEMBL,
X2348,X2348,V,CC(C)[C@H](NC(=O)OCC(C)(C)C)C([*])=O |$;;;;;;;;;;;;;;_R2;$|,Backbone,1,ChEMBL,
X2349,X2349,Y,COC(=O)[C@H](Cc1ccc(Oc2cc(C[C@H](N)C([*])=O)ccc2O)cc1)N[*] |$;;;;;;;;;;;;;;;;;;_R2;;;;;;;;;_R1$|,Backbone,2,ChEMBL,
X235,X235,T,CO[C@H](C)[C@H](N[*])C([*])=O |$;;;;;;_R1;;_R2;$|,Backbone,2,ChEMBL,
X2350,X2350,X,NCCCC[C@H](NOC(=O)[C@H](CCCN)N[*])C([*])=O |$;;;;;;;;;;;;;;;;_R1;;_R2;$|,Backbone,2,ChEMBL,
X2351,X2351,X,OC(=O)C[C@H](NC(=O)N[C@@H](Cc1ccccc1)C([*])=O)C(O)=O |$;;;;;;;;;;;;;;;;;;_R2;;;;$|,Backbone,1,ChEMBL,
X2352,X2352,X,CCOC(=O)[C@H]1[C@@H](N1[*])C([*])=O |$;;;;;;;;_R1;;_R2;$|,Backbone,2,ChEMBL,
X2353,X2353,A,C[C@H](NCC(=O)OC(C)(C)C)C([*])=O |$;;;;;;;;;;;;_R2;$|,Backbone,1,ChEMBL,
X2354,X2354,H,CCCCCCCCCCn1cncc1C[C@H](N[*])C([*])=O |$;;;;;;;;;;;;;;;;;;_R1;;_R2;$|,Backbone,2,ChEMBL,
X2355,X2355,X,OC(=O)c1sccc1C[C@]1(Cc2ccccc2N1)C([*])=O |$;;;;;;;;;;;;;;;;;;;_R2;$|,Backbone,1,ChEMBL,
X2356,X2356,X,"CS(=O)(=O)CCC=C[C@H](NC(=O)OCc1ccccc1)C([*])=O |w:6.5,$;;;;;;;;;;;;;;;;;;;;;_R2;$|",Backbone,1,ChEMBL,
X2357,X2357,P,Fc1cccc2CN(Cc12)C(=O)O[C@@H]1C[C@H](N([*])C1)C([*])=O |$;;;;;;;;;;;;;;;;;_R1;;;_R2;$|,Backbone,2,ChEMBL,
X2358,X2358,P,[*]N1C[C@@H](C[C@H]1C([*])=O)OC(=O)NCc1cccc2ccccc12 |$_R1;;;;;;;_R2;;;;;;;;;;;;;;;;$|,Backbone,2,ChEMBL,
X2359,X2359,X,OC(=O)CN([*])N[C@H](Cc1ccc(O)cc1)C([*])=O |$;;;;;_R1;;;;;;;;;;;;_R2;$|,Backbone,2,ChEMBL,
X236,X236,G,[*]N(CC=C)CC([*])=O |$_R1;;;;;;;_R2;$|,Backbone,2,ChEMBL,
X2360,X2360,F,[*]N[C@]1(Cc2ccccc2)CNC1=O |$_R1;;;;;;;;;;;;;$|,Backbone,1,ChEMBL,
X2361,X2361,Y,COc1ccc(C[C@H](NC(=O)OCc2ccccc2)C([*])=O)c(OC)c1OC |$;;;;;;;;;;;;;;;;;;;;_R2;;;;;;;$|,Backbone,1,ChEMBL,
X2362,X2362,X,"Oc1ccc(C[C@H](N=CCC(=O)[C@@H]2CCCN2[*])C([*])=O)cc1 |w:8.8,$;;;;;;;;;;;;;;;;;_R1;;_R2;;;$|",Backbone,2,ChEMBL,
X2363,X2363,X,CC(C)C[C@H](N[*])C(=O)CN1Cc2ccccc2C[C@H]1C([*])=O |$;;;;;;_R1;;;;;;;;;;;;;;;_R2;$|,Backbone,2,ChEMBL,
X2364,X2364,Y,Oc1ccc(C[C@H](NCCCCC(=O)[C@H](Cc2ccccc2)N[*])C([*])=O)cc1 |$;;;;;;;;;;;;;;;;;;;;;;;_R1;;_R2;;;$|,Backbone,2,ChEMBL,
X2365,X2365,L,OCC(CO)C[C@H](N[*])C(O)=O |$;;;;;;;;_R1;;;$|,Backbone,1,ChEMBL,
X2366,X2366,X,COc1c(O)cc2C[C@H](N([*])Cc2c1O)C([*])=O |$;;;;;;;;;;_R1;;;;;;_R2;$|,Backbone,2,ChEMBL,
X2367,X2367,V,CC(C)[C@H](N[*])C(=O)c1nnc(Cc2cccc(C)c2)o1 |$;;;;;_R1;;;;;;;;;;;;;;;$|,Backbone,1,ChEMBL,
X2368,X2368,V,CC(C)[C@H](N[*])C(=O)C(F)(F)CNC(=O)OC(C)(C)C |$;;;;;_R1;;;;;;;;;;;;;;$|,Backbone,1,ChEMBL,
X2369,X2369,P,[*]N1C[C@@H](C[C@H]1C([*])=O)Oc1cccc(c1)-c1cccc(c1)N(=O)=O |$_R1;;;;;;;_R2;;;;;;;;;;;;;;;;;$|,Backbone,2,ChEMBL,
X237,X237,F,[*]C(=O)[C@H](Cc1ccccc1)[N-][N+]#N |$_R2;;;;;;;;;;;;;$|,Backbone,1,ChEMBL,
X2370,X2370,L,CC(C)C[C@H](NC(=O)N1CCCCCC1)C([*])=O |$;;;;;;;;;;;;;;;;_R2;$|,Backbone,1,ChEMBL,
X2371,X2371,X,[*]N[C@@H](C[C@@H]1CCNC1=O)C(=O)c1ccccn1 |$_R1;;;;;;;;;;;;;;;;;$|,Backbone,1,ChEMBL,
X2372,X2372,R,NC(=N)NCCC[C@H](N[*])C(=O)c1nc2ccc(F)cc2s1 |$;;;;;;;;;_R1;;;;;;;;;;;;$|,Backbone,1,ChEMBL,
X2373,X2373,K,NCCCC[C@H](Nc1cccnc1)C([*])=O |$;;;;;;;;;;;;;;_R2;$|,Backbone,1,ChEMBL,
X2374,X2374,X,NC(=N)Nc1ccc(cc1)[C@@H](N[*])C([*])=O |$;;;;;;;;;;;;_R1;;_R2;$|,Backbone,2,ChEMBL,
X2375,X2375,X,[*]N[C@@H](CCCNCc1ccccc1)C([*])=O |$_R1;;;;;;;;;;;;;;;_R2;$|,Backbone,2,ChEMBL,
X2376,X2376,X,OC[C@H](N[*])C(=O)[C@H]1[C@H](CCN1C(=O)N[C@@H](Cc1ccccc1)C([*])=O)Sc1ccccc1 |$;;;;_R1;;;;;;;;;;;;;;;;;;;;_R2;;;;;;;;$|,Backbone,2,ChEMBL,
X2377,X2377,X,"OCC=C1O[C@@H]2CC(=O)N2[C@H]1C([*])=O |w:2.1,$;;;;;;;;;;;;_R2;$|",Backbone,1,ChEMBL,
X2378,X2378,F,CCCCCCCCCCCCCCCCS(=O)(=O)N[C@@H](Cc1ccccc1)C([*])=O |$;;;;;;;;;;;;;;;;;;;;;;;;;;;;;_R2;$|,Backbone,1,ChEMBL,
X2379,X2379,X,N[C@@H](CCCC[C@H](N[*])C(O)=O)C([*])=O |$;;;;;;;;_R1;;;;;_R2;$|,Backbone,2,ChEMBL,
X2380,X2380,V,CC(C)[C@H](N[*])C(=O)c1nc2cc(CO)ccc2o1 |$;;;;;_R1;;;;;;;;;;;;;$|,Backbone,1,ChEMBL,
X2381,X2381,F,N[C@@H](Cc1ccc(O)cc1)ON[C@@H](Cc1ccccc1)C([*])=O |$;;;;;;;;;;;;;;;;;;;;;_R2;$|,Backbone,1,ChEMBL,
X2382,X2382,G,N[C@@H](Cc1ccc(O)cc1)ONCC([*])=O |$;;;;;;;;;;;;;;_R2;$|,Backbone,1,ChEMBL,
X2383,X2383,L,CC(C)C[C@H](NC(=O)NCc1ccc(Cl)c(Cl)c1)C([*])=O |$;;;;;;;;;;;;;;;;;;;_R2;$|,Backbone,1,ChEMBL,
X2384,X2384,X,[*]N1CC(=O)OC[C@@H]1C([*])=O |$_R1;;;;;;;;;_R2;$|,Backbone,2,ChEMBL,
X2385,X2385,R,NC(=N)NCCC[C@@H](NS(=O)(=O)CCc1ccccc1)C([*])=O |$;;;;;;;;;;;;;;;;;;;;;_R2;$|,Backbone,1,ChEMBL,
X2386,X2386,X,C[C@H]1CCC[C@@H](C)N1C(=O)N[C@@H](C1CC1)C([*])=O |$;;;;;;;;;;;;;;;;_R2;$|,Backbone,1,ChEMBL,
X2387,X2387,W,Brc1[nH]c2ccccc2c1C[C@@H](N[*])C([*])=O |$;;;;;;;;;;;;;_R1;;_R2;$|,Backbone,2,ChEMBL,
X2388,X2388,F,Cc1cn(C(=O)CNc2ccc(C[C@H](N[*])C([*])=O)cc2)c(=O)[nH]c1=O |$;;;;;;;;;;;;;;;_R1;;_R2;;;;;;;;$|,Backbone,2,ChEMBL,
X2389,X2389,G,CCCCCCN([*])CC([*])=O |$;;;;;;;_R1;;;_R2;$|,Backbone,2,ChEMBL,
X2390,X2390,S,CC(=O)OC[C@H](N[*])C(=O)c1nc2ccccc2[nH]1 |$;;;;;;;_R1;;;;;;;;;;;$|,Backbone,1,ChEMBL,
X2391,X2391,F,FC(F)(F)c1cc(C[C@H](N[*])C([*])=O)cc(c1)C(F)(F)F |$;;;;;;;;;;_R1;;_R2;;;;;;;;$|,Backbone,2,ChEMBL,
X2392,X2392,V,CC(C)[C@H](NCc1cc(ccc1O)C(F)(F)F)C([*])=O |$;;;;;;;;;;;;;;;;;;_R2;$|,Backbone,1,ChEMBL,
X2393,X2393,D,OC(=O)C[C@H](N[*])C(=O)COC(=O)CC(c1ccccc1)c1ccccc1 |$;;;;;;_R1;;;;;;;;;;;;;;;;;;;;$|,Backbone,1,ChEMBL,
X2394,X2394,D,OC(=O)C[C@H](N[*])C(=O)COC(=O)Cc1cccc2ccccc12 |$;;;;;;_R1;;;;;;;;;;;;;;;;;$|,Backbone,1,ChEMBL,
X2395,X2395,Y,COc1ccc(C[C@H](N)C([*])=O)cc1Oc1ccc(C[C@H](N[*])C(O)=O)cc1 |$;;;;;;;;;;_R2;;;;;;;;;;;;_R1;;;;;$|,Backbone,2,ChEMBL,
X2397,X2397,R,NC(=N)NCCC[C@H](NC(O)=O)C([*])=O |$;;;;;;;;;;;;;_R2;$|,Backbone,1,ChEMBL,
X2398,X2398,X,[*]Sc1ccccn1 |$_R3;;;;;;;$|,Backbone,1,ChEMBL,
X2399,X2399,X,CC(C)[C@H](NCCCCCCCCOC(=O)[C@@H](N)Cc1ccc(O)cc1)C([*])=O |$;;;;;;;;;;;;;;;;;;;;;;;;;;;_R2;$|,Backbone,1,ChEMBL,
X24,X24,X,Nc1nnc(NCCC[C@H](N[*])C([*])=O)[nH]1 |$;;;;;;;;;;;_R1;;_R2;;$|,Backbone,2,ChEMBL,
X240,X240,X,COc1ccc(cc1)[C@H]1N[C@@H](Cc2c1[nH]c1ccccc21)C([*])=O |$;;;;;;;;;;;;;;;;;;;;;;_R2;$|,Backbone,1,ChEMBL,
X2400,X2400,X,C[C@H](O)[C@@H](Nc1cccc(CCSC[C@H](N[*])C(O)=O)c1)C([*])=O |$;;;;;;;;;;;;;;;;_R1;;;;;;_R2;$|,Backbone,2,ChEMBL,
X2401,X2401,K,NC(=S)NCCCC[C@H](N[*])C([*])=O |$;;;;;;;;;;_R1;;_R2;$|,Backbone,2,ChEMBL,
X2402,X2402,X,[*]N[C@@H](C[C@@H]1CCNC1=O)C(=O)c1ncc(s1)-c1ccccc1 |$_R1;;;;;;;;;;;;;;;;;;;;;;$|,Backbone,1,ChEMBL,
X2403,X2403,P,COc1ccc2nc(cc(O[C@@H]3C[C@H](N([*])C3)C([*])=O)c2c1)-c1ccccc1 |$;;;;;;;;;;;;;;;_R1;;;_R2;;;;;;;;;$|,Backbone,2,ChEMBL,
X2404,X2404,Y,COc1cc(C)c([C@H](C)[C@H](N[*])C([*])=O)c(C)c1 |$;;;;;;;;;;;_R1;;_R2;;;;$|,Backbone,2,ChEMBL,
X2405,X2405,X,OC(=O)CN1C(=O)C[C@H](NC1=O)C([*])=O |$;;;;;;;;;;;;;_R2;$|,Backbone,1,ChEMBL,
X2406,X2406,X,C[C@@H](O)[C@H](N[*])C(=O)CN1CCC[C@H]1C([*])=O |$;;;;;_R1;;;;;;;;;;_R2;$|,Backbone,2,ChEMBL,
X2407,X2407,C,[*]C(=O)[C@H](CS[*])NCC(=O)c1ccccc1 |$_R2;;;;;;_R3;;;;;;;;;;$|,Backbone,2,ChEMBL,
X2408,X2408,X,[*]Sc1ncccc1N(=O)=O |$_R3;;;;;;;;;;$|,Backbone,1,ChEMBL,
X2409,X2409,X,CCS[*] |$;;;_R3$|,Backbone,1,ChEMBL,
X241,X241,X,COc1cc(ccc1O)[C@H]1N[C@@H](Cc2c1[nH]c1ccccc21)C([*])=O |$;;;;;;;;;;;;;;;;;;;;;;;_R2;$|,Backbone,1,ChEMBL,
X2410,X2410,X,CC[C@@]1(OC(=O)OCCS[*])C(=O)OCc2c1cc1-c3nc4ccccc4cc3Cn1c2=O |$;;;;;;;;;;_R3;;;;;;;;;;;;;;;;;;;;;;$|,Backbone,1,ChEMBL,
X2411,X2411,X,NC(=N)N1CCC[C@@H](C[C@H](N[*])C(=O)c2nc3ccccc3s2)C1 |$;;;;;;;;;;;_R1;;;;;;;;;;;;$|,Backbone,1,ChEMBL,
X2412,X2412,X,Oc1ccc(C[C@@H](NC(=O)NC(=O)[C@H](Cc2ccc3ccccc3c2)N[*])C([*])=O)cc1 |$;;;;;;;;;;;;;;;;;;;;;;;;;;_R1;;_R2;;;$|,Backbone,2,ChEMBL,
X2413,X2413,L,CC(C)C[C@H](N[*])C(=O)c1ccco1 |$;;;;;;_R1;;;;;;;$|,Backbone,1,ChEMBL,
X2414,X2414,P,Clc1ccc(cc1)-c1cn(nn1)[C@@H]1C[C@H](N([*])C1)C([*])=O |$;;;;;;;;;;;;;;;;_R1;;;_R2;$|,Backbone,2,ChEMBL,
X2416,X2416,G,[*]N(CC([*])=O)c1ccc(Oc2ccccc2)cc1 |$_R1;;;;_R2;;;;;;;;;;;;;;$|,Backbone,2,ChEMBL,
X2417,X2417,D,OC(=O)C[C@H](N[*])C(=O)c1ncc([nH]1)-c1ccccc1 |$;;;;;;_R1;;;;;;;;;;;;;$|,Backbone,1,ChEMBL,
X2418,X2418,R,COC(=O)CCC(=O)[C@H](CCCNC(N)=N)N[*] |$;;;;;;;;;;;;;;;;;_R1$|,Backbone,1,ChEMBL,
X2419,X2419,K,NCCCC[C@H](NC(=S)[C@@H](N)CCCNC(N)=N)C([*])=O |$;;;;;;;;;;;;;;;;;;;_R2;$|,Backbone,1,ChEMBL,
X242,X242,P,"CC(C)=CCCC(C)=CC[C@]12C[C@H](N([*])[C@H]1Nc1ccccc21)C([*])=O |w:8.8,$;;;;;;;;;;;;;;_R1;;;;;;;;;;_R2;$|",Backbone,2,ChEMBL,
X2420,X2420,V,CC(C)[C@H](N[*])C(=O)c1cc2ccccc2o1 |$;;;;;_R1;;;;;;;;;;;$|,Backbone,1,ChEMBL,
X2421,X2421,K,CNCCCC[C@@H](N[*])C(=O)c1nc2ccccc2s1 |$;;;;;;;;_R1;;;;;;;;;;;$|,Backbone,1,ChEMBL,
X2422,X2422,R,CCOC(=O)N[C@H](CN[C@@H](CCCNC(N)=N)C([*])=O)Cc1ccccc1 |$;;;;;;;;;;;;;;;;;;_R2;;;;;;;;$|,Backbone,1,ChEMBL,
X2423,X2423,X,"CC(C)C[C@@H](NC(=O)Oc1ccccc1C=CC(=O)NC(=O)[C@H](Cc1ccc(O)cc1)N[*])C([*])=O |w:16.17,$;;;;;;;;;;;;;;;;;;;;;;;;;;;;;;;;_R1;;_R2;$|",Backbone,2,ChEMBL,
X2424,X2424,D,OC(=O)C[C@H](N[*])C(=O)c1ncc(o1)-c1ccccc1Cl |$;;;;;;_R1;;;;;;;;;;;;;;$|,Backbone,1,ChEMBL,
X2425,X2425,V,CC(C)[C@H](N[*])C(=O)c1nc2cc(Cl)ccc2o1 |$;;;;;_R1;;;;;;;;;;;;$|,Backbone,1,ChEMBL,
X2426,X2426,X,COC(=O)[C@H](C)NCC(=O)[C@H](CCCNC(N)=N)N[*] |$;;;;;;;;;;;;;;;;;;;_R1$|,Backbone,1,ChEMBL,
X2427,X2427,F,[*]N[C@@H](Cc1ccccc1)C(=O)c1nc2ccccc2s1 |$_R1;;;;;;;;;;;;;;;;;;;;$|,Backbone,1,ChEMBL,
X2428,X2428,V,CCOc1cccnc1C(=O)[C@@H](N[*])C(C)C |$;;;;;;;;;;;;;_R1;;;$|,Backbone,1,ChEMBL,
X2429,X2429,X,OC(=O)[C@]1(C[C@@H]1C=C)N[*] |$;;;;;;;;;_R1$|,Backbone,1,ChEMBL,
X2430,X2430,F,[*]N[C@@H](Cc1ccc(cc1)-c1ccc(cc1)-c1ccccc1)C([*])=O |$_R1;;;;;;;;;;;;;;;;;;;;;;;_R2;$|,Backbone,2,ChEMBL,
X2431,X2431,L,CC(C)C[C@H](N[*])C(=O)c1nc2ccccc2o1 |$;;;;;;_R1;;;;;;;;;;;$|,Backbone,1,ChEMBL,
X2432,X2432,X,[*]N[C@@H](C#N)C([*])=O |$_R1;;;;;;_R2;$|,Backbone,2,ChEMBL,
X2433,X2433,X,COc1c(O)cc(cc1Oc1ccc(cc1Cl)[C@@H](O)[C@@H](NC(=O)OC(C)(C)C)C([*])=O)[C@@H](N[*])C(=O)OC(C)(C)C |$;;;;;;;;;;;;;;;;;;;;;;;;;;;;;_R2;;;;_R1;;;;;;;$|,Backbone,2,ChEMBL,
X2434,X2434,G,[*]N(CCCCC=C)CC([*])=O |$_R1;;;;;;;;;;_R2;$|,Backbone,2,ChEMBL,
X2435,X2435,X,[*]N[C@@H](CCC(=O)c1nccs1)C(=O)c1nccs1 |$_R1;;;;;;;;;;;;;;;;;;$|,Backbone,1,ChEMBL,
X2436,X2436,X,N[C@@H](CC(=O)NC(=O)[C@H](CS[*])N[*])C([*])=O |$;;;;;;;;;;;_R3;;_R1;;_R2;$|,Backbone,3,ChEMBL,
X2437,X2437,V,CC(C)[C@H](NCc1cccc(F)c1O)C([*])=O |$;;;;;;;;;;;;;;;_R2;$|,Backbone,1,ChEMBL,
X2438,X2438,R,C[C@](CCCNC(N)=N)(N[*])C(=O)c1nc2ccccc2s1 |$;;;;;;;;;;_R1;;;;;;;;;;;$|,Backbone,1,ChEMBL,
X2439,X2439,L,CC(C)C[C@H](N[*])C(=O)C(F)(F)F |$;;;;;;_R1;;;;;;$|,Backbone,1,ChEMBL,
X2440,X2440,X,[*]N1CCSC[C@@H]1C([*])=O |$_R1;;;;;;;;_R2;$|,Backbone,2,ChEMBL,
X2441,X2441,X,Cc1cn(C[C@H](N[*])C([*])=O)c(=O)[nH]c1=O |$;;;;;;;_R1;;_R2;;;;;;$|,Backbone,2,ChEMBL,
X2442,X2442,P,[*]N1C[C@@H](C[C@H]1C([*])=O)n1cc(nn1)-c1cccc2ccccc12 |$_R1;;;;;;;_R2;;;;;;;;;;;;;;;;$|,Backbone,2,ChEMBL,
X2443,X2443,M,CSCC[C@H](NC(=O)Nc1ccc(C)cc1)C([*])=O |$;;;;;;;;;;;;;;;;;_R2;$|,Backbone,1,ChEMBL,
X2444,X2444,W,CC(C)(C)NC(=O)N[C@@H](Cc1c[nH]c2ccccc12)C([*])=O |$;;;;;;;;;;;;;;;;;;;;_R2;$|,Backbone,1,ChEMBL,
X2445,X2445,W,CN([*])[C@H](Cc1c[nH]c2ccccc12)C(=O)OC(C)(C)C |$;;_R1;;;;;;;;;;;;;;;;;;$|,Backbone,1,ChEMBL,
X2446,X2446,D,CN([*])[C@@H](CC(O)=O)C(=O)COc1cc(nn1-c1ccccc1)C(F)(F)F |$;;_R1;;;;;;;;;;;;;;;;;;;;;;;;$|,Backbone,1,ChEMBL,
X2447,X2447,V,CC(C)[C@H](N[*])C(=O)c1ccc(cc1)C(F)(F)F |$;;;;;_R1;;;;;;;;;;;;$|,Backbone,1,ChEMBL,
X2448,X2448,F,Fc1ccc(CNC(=O)NN[C@@H](Cc2ccccc2)C([*])=O)cc1 |$;;;;;;;;;;;;;;;;;;;;_R2;;;$|,Backbone,1,ChEMBL,
X2449,X2449,R,NC(=N)NCCC[C@H](N[*])C(=O)c1nc2ccc(cc2s1)C(O)=O |$;;;;;;;;;_R1;;;;;;;;;;;;;;$|,Backbone,1,ChEMBL,
X245,X245,F,Clc1ccc(C[C@H](N[*])C([*])=O)cc1Cl |$;;;;;;;;_R1;;_R2;;;;$|,Backbone,2,ChEMBL,
X2450,X2450,F,[*]N[C@@]1(Cc2ccccc2)CNC1=O |$_R1;;;;;;;;;;;;;$|,Backbone,1,ChEMBL,
X2451,X2451,G,"CC1(C)C(=CC=CC=CC=CC2=[N+](CC([*])=O)c3ccc4ccccc4c3C2(C)C)N(CCC(O)=O)c2ccc3ccccc3c12 |w:4.4,6.6,8.8,10.10,$;;;;;;;;;;;;;;;_R2;;;;;;;;;;;;;;;;;;;;;;;;;;;;;;$,c:11|",Backbone,1,ChEMBL,
X2452,X2452,X,NC(=N)N1CCC(CC[C@H](N[*])C([*])=O)CC1 |$;;;;;;;;;;;_R1;;_R2;;;$|,Backbone,2,ChEMBL,
X2453,X2453,F,CCOC(=O)[C@H](Cc1cccc2ccccc12)N[*] |$;;;;;;;;;;;;;;;;;;_R1$|,Backbone,1,ChEMBL,
X2454,X2454,V,CC(C)[C@H](NCc1cc(F)ccc1O)C([*])=O |$;;;;;;;;;;;;;;;_R2;$|,Backbone,1,ChEMBL,
X2455,X2455,I,CC[C@H](C)[C@H](N[*])C(=O)C(C)=O |$;;;;;;_R1;;;;;$|,Backbone,1,ChEMBL,
X2456,X2456,P,Clc1cccc2CN(Cc12)C(=O)O[C@@H]1C[C@H](N([*])C1)C([*])=O |$;;;;;;;;;;;;;;;;;_R1;;;_R2;$|,Backbone,2,ChEMBL,
X2457,X2457,G,OC(=O)CN1CCN(CC([*])=O)CC1 |$;;;;;;;;;;_R2;;;$|,Backbone,1,ChEMBL,
X2458,X2458,X,"CC(C)C[C@H](NC(=O)N[C@@H]([C@@H]1CCN=C(N)N1)C([*])=O)C(O)=O |$;;;;;;;;;;;;;;;;;;_R2;;;;$,t:13|",Backbone,1,ChEMBL,
X2459,X2459,V,CC(C)[C@H](NCc1ccccc1S)C([*])=O |$;;;;;;;;;;;;;;_R2;$|,Backbone,1,ChEMBL,
X246,X246,G,NCCCCCCN([*])CC([*])=O |$;;;;;;;;_R1;;;_R2;$|,Backbone,2,ChEMBL,
X2460,X2460,V,CC(C)[C@H](N[*])C(=O)c1cccs1 |$;;;;;_R1;;;;;;;$|,Backbone,1,ChEMBL,
X2461,X2461,F,C[C@](Cc1ccc(cc1)C(O)=O)(N[*])C([*])=O |$;;;;;;;;;;;;;_R1;;_R2;$|,Backbone,2,ChEMBL,
X2462,X2462,X,NS(=O)(=O)CC[C@@H](N[*])C(O)=O |$;;;;;;;;_R1;;;$|,Backbone,1,ChEMBL,
X2463,X2463,K,NCCCC[C@H](N[*])C(=O)c1nc2ccccc2s1 |$;;;;;;;_R1;;;;;;;;;;;$|,Backbone,1,ChEMBL,
X2464,X2464,F,[*]C(=O)[C@@H](Cc1ccccc1)n1c(=O)[nH]c2ccccc2c1=O |$_R2;;;;;;;;;;;;;;;;;;;;;;$|,Backbone,1,ChEMBL,
X2465,X2465,X,OP(O)(=O)Oc1ccc(cc1)[C@H](N[*])C([*])=O |$;;;;;;;;;;;;;_R1;;_R2;$|,Backbone,2,ChEMBL,
X2466,X2466,X,CS(=O)(=O)NC[C@H](N[*])C=O |$;;;;;;;;_R1;;$|,Backbone,1,ChEMBL,
X2467,X2467,G,[*]N(CC([*])=O)c1ccc(cc1)-c1ccccc1 |$_R1;;;;_R2;;;;;;;;;;;;;$|,Backbone,2,ChEMBL,
X2468,X2468,D,OC(=O)C[C@H](N[*])C(=O)Oc1cc(nn1-c1ccccc1)C(F)(F)F |$;;;;;;_R1;;;;;;;;;;;;;;;;;;$|,Backbone,1,ChEMBL,
X2469,X2469,F,[*]N[C@@H](Cc1ccccc1)C(=O)c1nccs1 |$_R1;;;;;;;;;;;;;;;;$|,Backbone,1,ChEMBL,
X2470,X2470,V,CC(C)[C@H](N[*])C(=O)c1nc2ccccc2[nH]1 |$;;;;;_R1;;;;;;;;;;;$|,Backbone,1,ChEMBL,
X2471,X2471,X,OC(=O)C[C@H]1N([*])C[C@@H](Cc2ccccc2)NC1=O |$;;;;;;_R1;;;;;;;;;;;;$|,Backbone,1,ChEMBL,
X2472,X2472,V,CC(C)[C@H](N[*])C(=O)c1nccn1C |$;;;;;_R1;;;;;;;;$|,Backbone,1,ChEMBL,
X2473,X2473,F,Clc1ccc(C[C@H](NC(=O)NCC=C)C([*])=O)cc1 |$;;;;;;;;;;;;;;;_R2;;;$|,Backbone,1,ChEMBL,
X2474,X2474,R,Cn1c(nc2ccccc12)C(=O)[C@H](CCCNC(N)=N)N[*] |$;;;;;;;;;;;;;;;;;;;;;_R1$|,Backbone,1,ChEMBL,
X2475,X2475,X,[*]N[C@@H](CCC=O)C([*])=O |$_R1;;;;;;;;_R2;$|,Backbone,2,ChEMBL,
X2476,X2476,G,CCN(CC)CCCCCNCC([*])=O |$;;;;;;;;;;;;;_R2;$|,Backbone,1,ChEMBL,
X2477,X2477,X,[*]N[C@@H](Cc1ccccc1)C(=O)CN1CCC[C@H]1C([*])=O |$_R1;;;;;;;;;;;;;;;;;;;_R2;$|,Backbone,2,ChEMBL,
X2478,X2478,X,Nc1ncnc2n(C[C@H](N[*])C([*])=O)cnc12 |$;;;;;;;;;;_R1;;_R2;;;;$|,Backbone,2,ChEMBL,
X2479,X2479,R,NC(=N)NCCC[C@H](N[*])C(=O)c1nc2ccccc2c(=O)[nH]1 |$;;;;;;;;;_R1;;;;;;;;;;;;;$|,Backbone,1,ChEMBL,
X248,X248,C,CCSC[C@H](N[*])C([*])=O |$;;;;;;_R1;;_R2;$|,Backbone,2,ChEMBL,
X2480,X2480,K,NCCCC[C@H](NC(=O)NCc1ccccc1)C([*])=O |$;;;;;;;;;;;;;;;;;;_R2;$|,Backbone,1,ChEMBL,
X2481,X2481,X,C[C@H](NCC(=O)[C@@H](CCCNC(N)=N)N[*])C([*])=O |$;;;;;;;;;;;;;;;_R1;;_R2;$|,Backbone,2,ChEMBL,
X2482,X2482,W,[*]N[C@H](C([*])=O)C(=O)c1c[nH]c2ccccc12 |$_R1;;;;_R2;;;;;;;;;;;;$|,Backbone,2,ChEMBL,
X2483,X2483,W,CCCn1cc(C(=O)[C@@H](N[*])C([*])=O)c2ccccc12 |$;;;;;;;;;;_R1;;_R2;;;;;;;$|,Backbone,2,ChEMBL,
X2484,X2484,X,CC(=O)SCCCC[C@H](N[*])C([*])=O |$;;;;;;;;;;_R1;;_R2;$|,Backbone,2,ChEMBL,
X2485,X2485,G,Fc1cn(CC([*])=O)c(=O)[nH]c1=O |$;;;;;;_R2;;;;;;$|,Backbone,1,ChEMBL,
X2486,X2486,X,C[C@H](NC(=O)N[C@@H](Cc1cccnc1)C([*])=O)c1ccc(F)cc1 |$;;;;;;;;;;;;;;;_R2;;;;;;;;$|,Backbone,1,ChEMBL,
X2487,X2487,Y,Oc1ccc(C[C@H](N[*])C(=O)[CH-][N+]#N)cc1 |$;;;;;;;;_R1;;;;;;;$|,Backbone,1,ChEMBL,
X2488,X2488,K,[*]N[C@@H](CCCCNC(=O)Nc1ccccc1)C([*])=O |$_R1;;;;;;;;;;;;;;;;;;_R2;$|,Backbone,2,ChEMBL,
X2489,X2489,X,C[C@H](NCC(=O)[C@H](CCCNC(N)=N)N[*])C([*])=O |$;;;;;;;;;;;;;;;_R1;;_R2;$|,Backbone,2,ChEMBL,
X249,X249,A,C[C@H](N[*])C=O |$;;;_R1;;$|,Backbone,1,ChEMBL,
X2490,X2490,D,OC(=O)C[C@@H](N[*])C(=O)OC(=O)c1c(Cl)cccc1Cl |$;;;;;;_R1;;;;;;;;;;;;;$|,Backbone,1,ChEMBL,
X2491,X2491,V,CC(C)(C)[C@H](NCCc1cnc[nH]1)C([*])=O |$;;;;;;;;;;;;;;_R2;$|,Backbone,1,ChEMBL,
X2492,X2492,X,[*]N[C@@H](C[C@@H]1CCNC1=O)C(=O)c1ccccc1 |$_R1;;;;;;;;;;;;;;;;;$|,Backbone,1,ChEMBL,
X2493,X2493,K,CC(C)N([*])[C@@H](CCCCN)C([*])=O |$;;;;_R1;;;;;;;;_R2;$|,Backbone,2,ChEMBL,
X2494,X2494,X,[*]N[C@@H](C[C@H]1CCNC1=O)C(=O)c1nccs1 |$_R1;;;;;;;;;;;;;;;;$|,Backbone,1,ChEMBL,
X2495,X2495,V,CC(C)[C@H](N[*])C(=O)c1nc2ccccc2s1 |$;;;;;_R1;;;;;;;;;;;$|,Backbone,1,ChEMBL,
X2496,X2496,X,CC(C)(C)OC(=O)N[C@@H](C([*])=O)c1ccc2ccccc2c1 |$;;;;;;;;;;_R2;;;;;;;;;;;$|,Backbone,1,ChEMBL,
X2497,X2497,X,NC(=N)N1CCC(C[C@@H](NS(=O)(=O)Cc2ccccc2)C([*])=O)CC1 |$;;;;;;;;;;;;;;;;;;;;;_R2;;;$|,Backbone,1,ChEMBL,
X2498,X2498,K,NCCCC[C@H](NC(O)=O)C([*])=O |$;;;;;;;;;;;_R2;$|,Backbone,1,ChEMBL,
X2499,X2499,V,CC(C)[C@H](NCc1cc(ccc1O)C(O)=O)C([*])=O |$;;;;;;;;;;;;;;;;;_R2;$|,Backbone,1,ChEMBL,
X2500,X2500,X,NC(=N)N1CCC[C@H](C[C@@H](N[*])C(=O)c2nc3ccccc3s2)C1 |$;;;;;;;;;;;_R1;;;;;;;;;;;;$|,Backbone,1,ChEMBL,
X2501,X2501,X,COC(=O)[C@H](Cc1ccc(Oc2cc(C[C@H](NC(=O)OCc3ccccc3)C([*])=O)ccc2O)cc1)N[*] |$;;;;;;;;;;;;;;;;;;;;;;;;;;;;_R2;;;;;;;;;_R1$|,Backbone,2,ChEMBL,
X2502,X2502,X,CC(=O)[C@H](Cc1c[nH]c2ccccc12)N[C@@H](Cc1ccccc1)C([*])=O |$;;;;;;;;;;;;;;;;;;;;;;;;_R2;$|,Backbone,1,ChEMBL,
X2503,X2503,P,NC(=N)N[C@H]1C[C@@H](N([*])C1)C([*])=O |$;;;;;;;;_R1;;;_R2;$|,Backbone,2,ChEMBL,
X2504,X2504,P,Cc1cn([C@H]2C[C@H](N([*])C2)C([*])=O)c(=O)[nH]c1=O |$;;;;;;;;_R1;;;_R2;;;;;;$|,Backbone,2,ChEMBL,
X2505,X2505,G,[*]N(CC([*])=O)C(c1ccccc1)c1ccccc1 |$_R1;;;;_R2;;;;;;;;;;;;;;$|,Backbone,2,ChEMBL,
X2506,X2506,Y,"Oc1ccc(CC=N[C@@H](Cc2ccc(OP(O)(O)=O)cc2)C([*])=O)cc1O |w:6.5,$;;;;;;;;;;;;;;;;;;;;;;_R2;;;;$|",Backbone,1,ChEMBL,
X2507,X2507,H,[*]N[C@H](Cc1c[n+](OCc2ccccc2)c[nH]1)C([*])=O |$_R1;;;;;;;;;;;;;;;;;;_R2;$|,Backbone,2,ChEMBL,
X2508,X2508,W,COC(=O)Cn1cc(C[C@H](N[*])C([*])=O)c2ccccc12 |$;;;;;;;;;;;_R1;;_R2;;;;;;;$|,Backbone,2,ChEMBL,
X2509,X2509,X,COP(=O)(CCCCC[C@H](N[*])C([*])=O)OC |$;;;;;;;;;;;_R1;;_R2;;;$|,Backbone,2,ChEMBL,
X251,X251,F,CC(C)(C)OC(=O)N[C@@H](Cc1ccc(cc1)S(O)(=O)=O)C([*])=O |$;;;;;;;;;;;;;;;;;;;;;_R2;$|,Backbone,1,ChEMBL,
X2510,X2510,X,C[C@@H](O)[C@H](Nc1cccc(CCSC[C@H](N[*])C(O)=O)c1)C([*])=O |$;;;;;;;;;;;;;;;;_R1;;;;;;_R2;$|,Backbone,2,ChEMBL,
X2511,X2511,G,Clc1ccc(CCN([*])CC([*])=O)cc1 |$;;;;;;;;_R1;;;_R2;;;$|,Backbone,2,ChEMBL,
X2512,X2512,V,CC(C)[C@H](NCc1c(O)ccc2ccccc12)C([*])=O |$;;;;;;;;;;;;;;;;;;_R2;$|,Backbone,1,ChEMBL,
X2513,X2513,D,COC(=O)C[C@H]1CCC[C@H]2CC(=O)N(OCC(=O)[C@H](CC(O)=O)N[*])[C@@H]12 |$;;;;;;;;;;;;;;;;;;;;;;;;_R1;$|,Backbone,1,ChEMBL,
X2515,X2515,X,[*]N1C[C@@H](Cc2ccccc2)NC(=O)C1 |$_R1;;;;;;;;;;;;;;$|,Backbone,1,ChEMBL,
X2516,X2516,X,NC(=N)NCC[C@@H](N[*])C([*])=O |$;;;;;;;;_R1;;_R2;$|,Backbone,2,ChEMBL,
X2517,X2517,I,CC[C@H](C)[C@H](N[*])C(=O)c1ccco1 |$;;;;;;_R1;;;;;;;$|,Backbone,1,ChEMBL,
X2518,X2518,P,OC[C@H](N1CCC[C@H]1C([*])=O)C(O)=O |$;;;;;;;;;_R2;;;;$|,Backbone,1,ChEMBL,
X2519,X2519,W,CC(C)(C)c1[nH]c2c(cc(cc2c1C[C@H](N[*])C([*])=O)C(C)(C)C)C(C)(C)C |$;;;;;;;;;;;;;;;;_R1;;_R2;;;;;;;;;$|,Backbone,2,ChEMBL,
X252,X252,C,CSC(C)(C)[C@H](N[*])C([*])=O |$;;;;;;;_R1;;_R2;$|,Backbone,2,ChEMBL,
X2520,X2520,G,OC(=O)CN1CCN(CC([*])=O)C1=O |$;;;;;;;;;;_R2;;;$|,Backbone,1,ChEMBL,
X2521,X2521,G,OC(=O)CN1C(=O)CCN(CC([*])=O)C1=O |$;;;;;;;;;;;;_R2;;;$|,Backbone,1,ChEMBL,
X2522,X2522,G,Cc1cn(CC([*])=O)c(=O)n(CC(O)=O)c1=O |$;;;;;;_R2;;;;;;;;;;$|,Backbone,1,ChEMBL,
X2523,X2523,X,CCCCCCCC(=O)[C@H](CCCCN)N[C@@H]1C[C@H](N([*])C1)C([*])=O |$;;;;;;;;;;;;;;;;;;;;_R1;;;_R2;$|,Backbone,2,ChEMBL,
X2524,X2524,X,[*]N[C@@H](CCCCCC(=O)c1ccccc1)C([*])=O |$_R1;;;;;;;;;;;;;;;;;_R2;$|,Backbone,2,ChEMBL,
X2525,X2525,L,CC(C)C[C@H](NCCOCCOCCOCCOCCOCCOCCOCCOC(C)=O)C([*])=O |$;;;;;;;;;;;;;;;;;;;;;;;;;;;;;;;;;;_R2;$|,Backbone,1,ChEMBL,
X2526,X2526,W,[*]N[C@@H](Cc1cn(CCCCCCCCc2ccccc2)c2ccccc12)C([*])=O |$_R1;;;;;;;;;;;;;;;;;;;;;;;;;;;;_R2;$|,Backbone,2,ChEMBL,
X2527,X2527,Y,CC(=O)Oc1ccc(Oc2ccc(C[C@H](N[*])C([*])=O)cc2)cc1 |$;;;;;;;;;;;;;;;;_R1;;_R2;;;;;$|,Backbone,2,ChEMBL,
X2528,X2528,X,Cn1c(=O)cc([nH]c1=O)C([*])=O |$;;;;;;;;;;_R2;$|,Backbone,1,ChEMBL,
X2529,X2529,M,CS(=O)CC[C@H](N[*])C=O |$;;;;;;;_R1;;$|,Backbone,1,ChEMBL,
X253,X253,G,[*]C(=O)CN1CCCNCCCNCCC1 |$_R2;;;;;;;;;;;;;;;$|,Backbone,1,ChEMBL,
X2530,X2530,Y,COC(=O)[C@@H](Cc1ccc(O)c(Oc2ccc(C[C@H](N)C([*])=O)cc2)c1)N[*] |$;;;;;;;;;;;;;;;;;;;;;_R2;;;;;;_R1$|,Backbone,2,ChEMBL,
X2531,X2531,K,[*]N[C@@H](CCCCNS(=O)(=O)c1ccc(cc1)N(=O)=O)C([*])=O |$_R1;;;;;;;;;;;;;;;;;;;;;_R2;$|,Backbone,2,ChEMBL,
X2532,X2532,W,[*]C(=O)[C@H](Cc1c[nH]c2ccccc12)NS(=O)(=O)Cc1ccccc1 |$_R2;;;;;;;;;;;;;;;;;;;;;;;;$|,Backbone,1,ChEMBL,
X2533,X2533,X,CC(=O)[C@@H](Cc1c[nH]c2ccccc12)N[C@@H](Cc1ccccc1)C([*])=O |$;;;;;;;;;;;;;;;;;;;;;;;;_R2;$|,Backbone,1,ChEMBL,
X2534,X2534,D,OC(=O)[C@@H](CC(=O)OCCc1ccc(F)cc1)N[*] |$;;;;;;;;;;;;;;;;;;_R1$|,Backbone,1,ChEMBL,
X2535,X2535,G,Cc1nn(CC([*])=O)c(=O)n(CC(O)=O)c1=O |$;;;;;;_R2;;;;;;;;;;$|,Backbone,1,ChEMBL,
X2536,X2536,X,NCC[C@H](NC(=O)OCC1c2ccccc2-c2ccccc12)C([*])=O |$;;;;;;;;;;;;;;;;;;;;;;;_R2;$|,Backbone,1,ChEMBL,
X2537,X2537,D,OC(=O)C[C@H](N[*])C(=O)COC(=O)C(Cc1ccccc1)Cc1ccccc1 |$;;;;;;_R1;;;;;;;;;;;;;;;;;;;;;$|,Backbone,1,ChEMBL,
X2538,X2538,D,OC(=O)C[C@H](N[*])C(=O)CON1[C@H]2CCCC[C@H]2CC1=O |$;;;;;;_R1;;;;;;;;;;;;;;$|,Backbone,1,ChEMBL,
X2539,X2539,X,OC(=O)C[C@@H]1N([*])C[C@H](Cc2ccccc2)NC1=O |$;;;;;;_R1;;;;;;;;;;;;$|,Backbone,1,ChEMBL,
X2540,X2540,V,CC(C)[C@H](NC(=O)OCc1ccc(cc1)N(=O)=O)C([*])=O |$;;;;;;;;;;;;;;;;;;;_R2;$|,Backbone,1,ChEMBL,
X2541,X2541,V,CC(C)[C@H](N[*])C(=O)c1nc2ccccc2n1C |$;;;;;_R1;;;;;;;;;;;;$|,Backbone,1,ChEMBL,
X2542,X2542,X,[*]C(=O)c1cc(=O)[nH]c(=O)[nH]1 |$_R2;;;;;;;;;;$|,Backbone,1,ChEMBL,
X2543,X2543,Y,N[C@@H](Cc1ccc(O)c(Oc2ccc(C[C@H](N[*])C(O)=O)cc2)c1)C([*])=O |$;;;;;;;;;;;;;;;;;_R1;;;;;;;;_R2;$|,Backbone,2,ChEMBL,
X2544,X2544,X,CC1CCC(CC(=O)[C@H](Cc2ccc(O)cc2)N[C@@H](Cc2ccccc2)C([*])=O)(CC1)S[*] |$;;;;;;;;;;;;;;;;;;;;;;;;;;;_R2;;;;;_R3$|,Backbone,2,ChEMBL,
X2545,X2545,Y,CC(C)(C)c1cc(C[C@H](N[*])C([*])=O)ccc1O |$;;;;;;;;;;_R1;;_R2;;;;;$|,Backbone,2,ChEMBL,
X2546,X2546,X,CCCC[C@H](N[*])C(=O)CN[C@@H](CCC(O)=O)C([*])=O |$;;;;;;_R1;;;;;;;;;;;;_R2;$|,Backbone,2,ChEMBL,
X2547,X2547,L,C[C@H]1CCC[C@@H](C)N1C(=O)N[C@@H](CC(C)(C)C)C([*])=O |$;;;;;;;;;;;;;;;;;;_R2;$|,Backbone,1,ChEMBL,
X2548,X2548,F,CC(C)(C)c1ccc(cc1)-c1ccc(C[C@H](N[*])C([*])=O)cc1 |$;;;;;;;;;;;;;;;;;_R1;;_R2;;;$|,Backbone,2,ChEMBL,
X2549,X2549,F,FC(F)(CCc1ccccc1)C(=O)[C@H](Cc1ccccc1)N[*] |$;;;;;;;;;;;;;;;;;;;;;;_R1$|,Backbone,1,ChEMBL,
X255,X255,X,[*]N1CSC[C@@H]1C([*])=O |$_R1;;;;;;;_R2;$|,Backbone,2,ChEMBL,
X2550,X2550,X,CCC(=C)CCCCC[C@H](N[*])C([*])=O |$;;;;;;;;;;;_R1;;_R2;$|,Backbone,2,ChEMBL,
X2551,X2551,W,CS(=O)(=O)N[C@@H](Cc1c[nH]c2ccccc12)C([*])=O |$;;;;;;;;;;;;;;;;;_R2;$|,Backbone,1,ChEMBL,
X2552,X2552,Y,COC(=O)[C@H](Cc1ccc(Oc2cc(C[C@H](NC(=O)OCc3ccccc3)C([*])=O)ccc2OC)cc1)N[*] |$;;;;;;;;;;;;;;;;;;;;;;;;;;;;_R2;;;;;;;;;;_R1$|,Backbone,2,ChEMBL,
X2553,X2553,V,COCCOCOc1ccc(cc1CN[C@@H](C(C)C)C([*])=O)C(F)(F)F |$;;;;;;;;;;;;;;;;;;;;_R2;;;;;$|,Backbone,1,ChEMBL,
X2554,X2554,F,[*]N[C@H](Cc1ccc(Cc2ccccc2)cc1)C([*])=O |$_R1;;;;;;;;;;;;;;;;;;_R2;$|,Backbone,2,ChEMBL,
X2555,X2555,R,NC(=N)NCCC[C@H](N[*])C(=O)c1nc2CCCCc2s1 |$;;;;;;;;;_R1;;;;;;;;;;;$|,Backbone,1,ChEMBL,
X2556,X2556,G,Cc1cccc(C)c1C(=O)OCC(=O)CN[*] |$;;;;;;;;;;;;;;;;_R1$|,Backbone,1,ChEMBL,
X2557,X2557,G,[*]C(=O)Cn1nc(-c2ccccc2)c2ccccc2c1=O |$_R2;;;;;;;;;;;;;;;;;;;;$|,Backbone,1,ChEMBL,
X2558,X2558,X,FC(F)C[C@H](N[*])C(=O)c1nc2ccccc2o1 |$;;;;;;_R1;;;;;;;;;;;$|,Backbone,1,ChEMBL,
X2559,X2559,F,Clc1ccc(C[C@H](NC(=O)Nc2ccccc2)C([*])=O)cc1 |$;;;;;;;;;;;;;;;;;;_R2;;;$|,Backbone,1,ChEMBL,
X2560,X2560,K,Cc1ccc(NC(=O)NCCCC[C@H](N[*])C([*])=O)cc1 |$;;;;;;;;;;;;;;;_R1;;_R2;;;$|,Backbone,2,ChEMBL,
X2561,X2561,E,CN(C)c1cccc2c(cccc12)S(=O)(=O)N[C@@H](CCC(O)=O)C([*])=O |$;;;;;;;;;;;;;;;;;;;;;;;;_R2;$|,Backbone,1,ChEMBL,
X2562,X2562,W,[*]C(=O)[C@@H](Cc1c[nH]c2ccccc12)NS(=O)(=O)Cc1ccccc1 |$_R2;;;;;;;;;;;;;;;;;;;;;;;;$|,Backbone,1,ChEMBL,
X2563,X2563,D,OC(=O)C[C@H](N[*])C(=O)OCCc1ccccc1F |$;;;;;;_R1;;;;;;;;;;;;$|,Backbone,1,ChEMBL,
X2564,X2564,F,C[C@](Cc1ccc(CC(O)=O)cc1)(N[*])C([*])=O |$;;;;;;;;;;;;;;_R1;;_R2;$|,Backbone,2,ChEMBL,
X2565,X2565,X,OC(=O)[C@]1(C[C@H]1Cc1ccccc1)N[*] |$;;;;;;;;;;;;;;_R1$|,Backbone,1,ChEMBL,
X2566,X2566,P,OC(=O)[C@H]1CCC(=O)N1N1CCC[C@H]1C([*])=O |$;;;;;;;;;;;;;;;_R2;$|,Backbone,1,ChEMBL,
X2567,X2567,X,NC(=N)N[C@H](CC1CCCCC1)C([*])=O |$;;;;;;;;;;;;;_R2;$|,Backbone,1,ChEMBL,
X2568,X2568,R,C[C@@](CCCNC(N)=N)(N[*])C(=O)c1nc2ccccc2s1 |$;;;;;;;;;;_R1;;;;;;;;;;;$|,Backbone,1,ChEMBL,
X2569,X2569,H,CCOC(=O)[C@H](Cc1cnc[nH]1)N[*] |$;;;;;;;;;;;;;_R1$|,Backbone,1,ChEMBL,
X257,X257,F,CC(C)NC(=O)N[C@@H](Cc1ccccc1)C([*])=O |$;;;;;;;;;;;;;;;;_R2;$|,Backbone,1,ChEMBL,
X2570,X2570,G,CCN(CC)CCCNCC([*])=O |$;;;;;;;;;;;_R2;$|,Backbone,1,ChEMBL,
X2571,X2571,R,Cc1cccc(C)c1C(=O)OCC(=O)[C@H](CCCNC(N)=N)N[*] |$;;;;;;;;;;;;;;;;;;;;;;;_R1$|,Backbone,1,ChEMBL,
X2572,X2572,C,COc1cc2CC[C@H](N(C(C)=O)C(=O)[C@@H](CS)N[*])c3cc(=O)c(OC)ccc3-c2c(OC)c1OC |$;;;;;;;;;;;;;;;;;;_R1;;;;;;;;;;;;;;;;;$|,Backbone,1,ChEMBL,
X2573,X2573,X,NC[C@H](NC(O)=O)C([*])=O |$;;;;;;;;_R2;$|,Backbone,1,ChEMBL,
X2574,X2574,P,C[C@@]12C[C@@H](N([*])[C@]1(C)CCCC2)C([*])=O |$;;;;;_R1;;;;;;;;_R2;$|,Backbone,2,ChEMBL,
X2575,X2575,X,OC(=O)Cn1cc([C@H](N[*])C([*])=O)c(=O)c2ccccc12 |$;;;;;;;;;_R1;;_R2;;;;;;;;;$|,Backbone,2,ChEMBL,
X2576,X2576,Y,Oc1ccc(C[C@H](N[*])C(=O)C=O)cc1 |$;;;;;;;;_R1;;;;;;$|,Backbone,1,ChEMBL,
X2577,X2577,X,CC[C@H](C)[C@H](NNCC(=O)[C@H](Cc1ccc(O)cc1)N[*])C([*])=O |$;;;;;;;;;;;;;;;;;;;;_R1;;_R2;$|,Backbone,2,ChEMBL,
X2578,X2578,Y,[*]N[C@@H](CCCCOc1ccc(C[C@H](NC(=O)OCc2ccccc2)C([*])=O)cc1)C=O |$_R1;;;;;;;;;;;;;;;;;;;;;;;;;;_R2;;;;;$|,Backbone,2,ChEMBL,
X2579,X2579,X,OP(O)(=O)[C@@H](N[*])C([*])=O |$;;;;;;_R1;;_R2;$|,Backbone,2,ChEMBL,
X258,X258,K,NC(=O)NCCCC[C@H](N[*])C([*])=O |$;;;;;;;;;;_R1;;_R2;$|,Backbone,2,ChEMBL,
X2580,X2580,F,ClCCN(CCCl)c1cccc(C[C@H](N[*])C([*])=O)c1 |$;;;;;;;;;;;;;;;_R1;;_R2;;$|,Backbone,2,ChEMBL,
X2581,X2581,R,[*]N[C@@H](CCCNC(=N)NN(=O)=O)C(=O)c1nc2ccccc2[nH]1 |$_R1;;;;;;;;;;;;;;;;;;;;;;;$|,Backbone,1,ChEMBL,
X2582,X2582,X,OC(=O)CCCCCC[C@H](N[*])C([*])=O |$;;;;;;;;;;;_R1;;_R2;$|,Backbone,2,ChEMBL,
X2583,X2583,X,[*]N[C@@H](CCCCCC=O)C([*])=O |$_R1;;;;;;;;;;;_R2;$|,Backbone,2,ChEMBL,
X2584,X2584,X,CSCCCCC[C@H](N[*])C([*])=O |$;;;;;;;;;_R1;;_R2;$|,Backbone,2,ChEMBL,
X2585,X2585,X,CCC(=O)C(=O)CCCC[C@H](N[*])C([*])=O |$;;;;;;;;;;;;_R1;;_R2;$|,Backbone,2,ChEMBL,
X2586,X2586,X,OP(O)(=O)CCCCC[C@H](N[*])C([*])=O |$;;;;;;;;;;;_R1;;_R2;$|,Backbone,2,ChEMBL,
X2587,X2587,Y,COc1cc(C)c([C@H](C)[C@@H](N[*])C([*])=O)c(C)c1 |$;;;;;;;;;;;_R1;;_R2;;;;$|,Backbone,2,ChEMBL,
X2588,X2588,X,C[C@@H](O)[C@H](N[*])C(=O)CN[C@@H](Cc1ccccc1)C([*])=O |$;;;;;_R1;;;;;;;;;;;;;;_R2;$|,Backbone,2,ChEMBL,
X2589,X2589,M,CSCC[C@H](NC(=O)Nc1cccc(C)c1)C([*])=O |$;;;;;;;;;;;;;;;;;_R2;$|,Backbone,1,ChEMBL,
X2590,X2590,X,CCCCCCCCCCCCCCCCCCN1C(=O)C[C@H](NC1=O)C([*])=O |$;;;;;;;;;;;;;;;;;;;;;;;;;;;_R2;$|,Backbone,1,ChEMBL,
X2591,X2591,S,Cc1ccc(cc1)S(=O)(=O)N[C@@H](COCc1ccccc1C)C([*])=O |$;;;;;;;;;;;;;;;;;;;;;;;_R2;$|,Backbone,1,ChEMBL,
X2592,X2592,Y,COc1cc(C)c([C@@H](C)[C@@H](N[*])C([*])=O)c(C)c1 |$;;;;;;;;;;;_R1;;_R2;;;;$|,Backbone,2,ChEMBL,
X2593,X2593,X,[*]N[C@@H](CCNCc1ccccc1)C([*])=O |$_R1;;;;;;;;;;;;;;_R2;$|,Backbone,2,ChEMBL,
X2594,X2594,L,CCN(CC)[C@@H](CC(C)(C)C)C([*])=O |$;;;;;;;;;;;;_R2;$|,Backbone,1,ChEMBL,
X2595,X2595,K,NC(=N)NCCCC[C@H](N[*])C(=O)c1nc2ccccc2s1 |$;;;;;;;;;;_R1;;;;;;;;;;;$|,Backbone,1,ChEMBL,
X2596,X2596,A,C[C@H](N[*])C(=O)c1nc2ccccc2[nH]1 |$;;;_R1;;;;;;;;;;;$|,Backbone,1,ChEMBL,
X2597,X2597,R,CCNC(=N)NCCC[C@H](N)C(=O)NC(=N)NCCC[C@H](N)C([*])=O |$;;;;;;;;;;;;;;;;;;;;;;;_R2;$|,Backbone,1,ChEMBL,
X2598,X2598,G,COc1cccc(NCC([*])=O)c1 |$;;;;;;;;;;_R2;;$|,Backbone,1,ChEMBL,
X2599,X2599,V,C[C@@H](CS(O)(=O)=O)[C@H](N[*])C(O)=O |$;;;;;;;;;_R1;;;$|,Backbone,1,ChEMBL,
X26,X26,X,CCCC(CCC)(N[*])C([*])=O |$;;;;;;;;_R1;;_R2;$|,Backbone,2,ChEMBL,
X260,X260,Y,Oc1ccc(C[C@H](N(CC=C)CC=C)C([*])=O)cc1 |$;;;;;;;;;;;;;;;_R2;;;$|,Backbone,1,ChEMBL,
X2600,X2600,G,"COc1ccc(C=C2SC(=S)N(CC([*])=O)C2=O)cc1OC |w:6.5,$;;;;;;;;;;;;;;_R2;;;;;;;$|",Backbone,1,ChEMBL,
X2601,X2601,P,COc1ccc2c(O[C@@H]3C[C@H](N([*])C3)C([*])=O)nccc2c1 |$;;;;;;;;;;;;_R1;;;_R2;;;;;;$|,Backbone,2,ChEMBL,
X2602,X2602,X,COc1ccc(C[C@H](N[C@@H](Cc2ccccc2)C([*])=O)C(=O)CC2(CCC(CC2)C(C)(C)C)S[*])cc1 |$;;;;;;;;;;;;;;;;;;_R2;;;;;;;;;;;;;;;;_R3;;$|,Backbone,2,ChEMBL,
X2603,X2603,X,CC(C)(S)[C@H](N[*])C(=O)NC(=O)N[C@@H](Cc1cnc[nH]1)C([*])=O |$;;;;;;_R1;;;;;;;;;;;;;;;_R2;$|,Backbone,2,ChEMBL,
X2604,X2604,X,CC(C)(C)OC(=O)N[C@@H](C([*])=O)c1cccc(c1)C(F)(F)F |$;;;;;;;;;;_R2;;;;;;;;;;;$|,Backbone,1,ChEMBL,
X2605,X2605,X,CN([C@H](N[*])C(=O)c1ccccc1)C(=O)N[C@@H](Cc1c[nH]c2ccccc12)C([*])=O |$;;;;_R1;;;;;;;;;;;;;;;;;;;;;;;;_R2;$|,Backbone,2,ChEMBL,
X2606,X2606,X,COc1ccc(C[C@H](N[C@@H](Cc2ccccc2)C([*])=O)C(=O)CC2(CCC(CC2)c2ccccc2)S[*])cc1 |$;;;;;;;;;;;;;;;;;;_R2;;;;;;;;;;;;;;;;;;_R3;;$|,Backbone,2,ChEMBL,
X2607,X2607,C,SC[C@H](NC(=O)OCc1ccccc1)C([*])=O |$;;;;;;;;;;;;;;;_R2;$|,Backbone,1,ChEMBL,
X2608,X2608,V,COc1ccc2oc(nc2c1)C(=O)[C@@H](N[*])C(C)C |$;;;;;;;;;;;;;;;_R1;;;$|,Backbone,1,ChEMBL,
X2609,X2609,D,OC(=O)C[C@H](N[*])C(=O)c1ncc(o1)-c1ccccc1 |$;;;;;;_R1;;;;;;;;;;;;;$|,Backbone,1,ChEMBL,
X261,X261,X,"[*]N1CC=C[C@@H]1C([*])=O |$_R1;;;;;;;_R2;$,c:3|",Backbone,2,ChEMBL,
X2610,X2610,V,CC(C)[C@H](N[*])C(=O)c1nc2cc(ccc2o1)C(=O)ON |$;;;;;_R1;;;;;;;;;;;;;;;$|,Backbone,1,ChEMBL,
X2611,X2611,V,"CC(C)[C@H](N[*])C(=O)C1=N[C@@H](C)CO1 |$;;;;;_R1;;;;;;;;$,t:8|",Backbone,1,ChEMBL,
X2612,X2612,X,OC(=O)C[C@H]1N([*])C[C@H](Cc2ccccc2)NC1=O |$;;;;;;_R1;;;;;;;;;;;;$|,Backbone,1,ChEMBL,
X2613,X2613,X,COCCC[C@H](N[*])C(=O)c1nc2ccccc2s1 |$;;;;;;;_R1;;;;;;;;;;;$|,Backbone,1,ChEMBL,
X2614,X2614,F,Clc1ccc(C[C@H](Nc2ccco2)C([*])=O)cc1 |$;;;;;;;;;;;;;;_R2;;;$|,Backbone,1,ChEMBL,
X2615,X2615,X,CCOC(=O)[C@H]1[C@@H](N1[*])C(=O)OCC |$;;;;;;;;_R1;;;;;$|,Backbone,1,ChEMBL,
X2616,X2616,L,CC(C)C[C@H](NC(=O)NCc1ccc(F)cc1)C([*])=O |$;;;;;;;;;;;;;;;;;;_R2;$|,Backbone,1,ChEMBL,
X2617,X2617,F,[*]N[C@H](Cc1ccc(cc1)C#N)C([*])=O |$_R1;;;;;;;;;;;;;_R2;$|,Backbone,2,ChEMBL,
X2618,X2618,X,CC(C)C[C@H](NCC(=O)[C@H](Cc1ccccc1)N[*])C([*])=O |$;;;;;;;;;;;;;;;;;;_R1;;_R2;$|,Backbone,2,ChEMBL,
X2619,X2619,X,CC(C)[C@H](NC(=O)N[C@H](C)C(O)=O)C([*])=O |$;;;;;;;;;;;;;;_R2;$|,Backbone,1,ChEMBL,
X262,X262,G,NC(=N)NCCCN([*])CC([*])=O |$;;;;;;;;_R1;;;_R2;$|,Backbone,2,ChEMBL,
X2620,X2620,S,OC[C@H](NS(=O)(=O)c1cccc2ccccc12)C([*])=O |$;;;;;;;;;;;;;;;;;;_R2;$|,Backbone,1,ChEMBL,
X2621,X2621,G,COc1ccc(NCC([*])=O)cc1 |$;;;;;;;;;_R2;;;$|,Backbone,1,ChEMBL,
X2622,X2622,Y,Cc1cc(O)cc(C)c1C[C@H](NC(N)=N)C([*])=O |$;;;;;;;;;;;;;;;;_R2;$|,Backbone,1,ChEMBL,
X2623,X2623,V,CC(C)[C@H](N[*])C(=O)c1ncoc1-c1ccccc1 |$;;;;;_R1;;;;;;;;;;;;;$|,Backbone,1,ChEMBL,
X2624,X2624,P,COc1ccc2c(O[C@@H]3C[C@H](N([*])C3)C([*])=O)cc(nc2c1OC)-c1ccccc1 |$;;;;;;;;;;;;_R1;;;_R2;;;;;;;;;;;;;;$|,Backbone,2,ChEMBL,
X2625,X2625,T,CC(C)(OP(O)(O)=O)[C@H](N[*])C(O)=O |$;;;;;;;;;;_R1;;;$|,Backbone,1,ChEMBL,
X2626,X2626,X,NCC[C@H](NS(=O)(=O)c1cccc(c1)-c1ccccc1)C([*])=O |$;;;;;;;;;;;;;;;;;;;;;_R2;$|,Backbone,1,ChEMBL,
X2627,X2627,X,CC[C@H](N[C@@H](CCCNC(N)=N)C([*])=O)C(=O)[C@H](CS)N[*] |$;;;;;;;;;;;;;_R2;;;;;;;;_R1$|,Backbone,2,ChEMBL,
X2628,X2628,X,CC[C@H](N[C@@H](CCCNC(N)=N)C([*])=O)C(=O)[C@H](CO)N[*] |$;;;;;;;;;;;;;_R2;;;;;;;;_R1$|,Backbone,2,ChEMBL,
X2629,X2629,G,C[C@H](N([*])CC([*])=O)c1ccccc1 |$;;;_R1;;;_R2;;;;;;;$|,Backbone,2,ChEMBL,
X2630,X2630,X,CCCC[C@H](N[*])C(=O)CN[C@@H](CCCC)C([*])=O |$;;;;;;_R1;;;;;;;;;;;_R2;$|,Backbone,2,ChEMBL,
X2631,X2631,X,CN(C)[C@@H](CCCCN)C(=O)O[C@@H]1C[C@H](N([*])C1)C([*])=O |$;;;;;;;;;;;;;;;;_R1;;;_R2;$|,Backbone,2,ChEMBL,
X2632,X2632,X,FC(F)C[C@H](C(=O)[C@H](CC1CCCCC1)N[*])C(=O)c1nc2ccccc2o1 |$;;;;;;;;;;;;;;;;_R1;;;;;;;;;;;$|,Backbone,1,ChEMBL,
X2633,X2633,R,CCOC(=O)c1csc(n1)C(=O)[C@H](CCCNC(N)=N)N[*] |$;;;;;;;;;;;;;;;;;;;;;_R1$|,Backbone,1,ChEMBL,
X2634,X2634,V,CC(C)[C@H](N[*])C(=O)c1nn(-c2ccc(cc2)N(C)C)c(=O)o1 |$;;;;;_R1;;;;;;;;;;;;;;;;;$|,Backbone,1,ChEMBL,
X2635,X2635,W,CNC(=O)N[C@@H](Cc1c[nH]c2ccccc12)C([*])=O |$;;;;;;;;;;;;;;;;;_R2;$|,Backbone,1,ChEMBL,
X2636,X2636,F,C[C@H](OC(=O)[C@H](Cc1ccccc1)N[*])c1ccccc1 |$;;;;;;;;;;;;;;_R1;;;;;;$|,Backbone,1,ChEMBL,
X2637,X2637,S,OC[C@H](N[*])C(=O)c1nc2ccccc2[nH]1 |$;;;;_R1;;;;;;;;;;;$|,Backbone,1,ChEMBL,
X2638,X2638,V,CC(C)[C@H](NCc1cc(Cl)ccc1O)C([*])=O |$;;;;;;;;;;;;;;;_R2;$|,Backbone,1,ChEMBL,
X2639,X2639,F,"NC1=NCC[C@@H](N1)[C@H](NC(=O)N[C@@H](Cc1ccccc1)C(O)=O)C([*])=O |$;;;;;;;;;;;;;;;;;;;;;;;;_R2;$,t:1|",Backbone,1,ChEMBL,
X264,X264,S,COC(=O)[C@H](COC(=O)c1ccccc1)N[*] |$;;;;;;;;;;;;;;;;_R1$|,Backbone,1,ChEMBL,
X2640,X2640,X,[*]N[C@@H](CC1CCNCC1)C(=O)c1nccs1 |$_R1;;;;;;;;;;;;;;;;$|,Backbone,1,ChEMBL,
X2641,X2641,Y,"COC(=O)[C@H](Cc1ccc(OC(=O)C=Cc2ccccc2)cc1)N[*] |w:13.12,$;;;;;;;;;;;;;;;;;;;;;;;;_R1$|",Backbone,1,ChEMBL,
X2642,X2642,A,C[C@H](NS(=O)(=O)c1ccc2ccc3cccc4ccc1c2c34)C([*])=O |$;;;;;;;;;;;;;;;;;;;;;;;_R2;$|,Backbone,1,ChEMBL,
X2643,X2643,W,CCOC(=O)[C@H](Cc1c[nH]c2ccccc12)N[*] |$;;;;;;;;;;;;;;;;;_R1$|,Backbone,1,ChEMBL,
X2644,X2644,H,CS(=O)(=O)N[C@@H](Cc1cnc[nH]1)C([*])=O |$;;;;;;;;;;;;;_R2;$|,Backbone,1,ChEMBL,
X2645,X2645,H,Clc1ccc(cc1)S(=O)(=O)N[C@@H](Cc1cnc[nH]1)C([*])=O |$;;;;;;;;;;;;;;;;;;;_R2;$|,Backbone,1,ChEMBL,
X2646,X2646,V,CC(C)[C@H](N[*])C(=O)C(F)(F)C(O)=O |$;;;;;_R1;;;;;;;;$|,Backbone,1,ChEMBL,
X2647,X2647,F,NC(=N)c1cccc(C[C@@H](N[*])C(=O)c2nc3ccccc3s2)c1 |$;;;;;;;;;;;_R1;;;;;;;;;;;;$|,Backbone,1,ChEMBL,
X2648,X2648,V,CC(C)[C@H](N[*])C(=O)c1nccs1 |$;;;;;_R1;;;;;;;$|,Backbone,1,ChEMBL,
X2649,X2649,V,CC(C)[C@H](N[*])C(=O)c1nnnn1C |$;;;;;_R1;;;;;;;;$|,Backbone,1,ChEMBL,
X2650,X2650,V,CC(C)[C@H](N[*])C(=O)c1nnn(C)n1 |$;;;;;_R1;;;;;;;;$|,Backbone,1,ChEMBL,
X2651,X2651,R,CN([*])[C@@H](CCCNC(N)=N)C(=O)c1nc2ccccc2s1 |$;;_R1;;;;;;;;;;;;;;;;;;;$|,Backbone,1,ChEMBL,
X2652,X2652,F,CS(=O)(=O)N[C@@H](Cc1ccc(Cl)cc1)C([*])=O |$;;;;;;;;;;;;;;;_R2;$|,Backbone,1,ChEMBL,
X2653,X2653,F,CCC(=O)OC(=O)N[C@@H](Cc1ccc(Cl)cc1)C([*])=O |$;;;;;;;;;;;;;;;;;;_R2;$|,Backbone,1,ChEMBL,
X2654,X2654,K,NCCCC[C@@H](N[*])C(=O)c1nc2ccccc2s1 |$;;;;;;;_R1;;;;;;;;;;;$|,Backbone,1,ChEMBL,
X2655,X2655,P,Cc1cn([C@@H]2C[C@H](N([*])C2)C([*])=O)c(=O)[nH]c1=O |$;;;;;;;;_R1;;;_R2;;;;;;$|,Backbone,2,ChEMBL,
X2656,X2656,X,CC(C)CN(C(=O)N[C@@H](CCCNC(N)=N)C([*])=O)C(=O)[C@H](CS[*])N[*] |$;;;;;;;;;;;;;;;;;_R2;;;;;;;_R3;;_R1$|,Backbone,3,ChEMBL,
X2657,X2657,F,CCCCc1ccc(cc1)-c1ccc(C[C@H](N[*])C([*])=O)cc1 |$;;;;;;;;;;;;;;;;;_R1;;_R2;;;$|,Backbone,2,ChEMBL,
X2658,X2658,P,[*]N1C[C@@H](C[C@H]1C([*])=O)n1cc(nn1)-c1ccc2OCCc2c1 |$_R1;;;;;;;_R2;;;;;;;;;;;;;;;$|,Backbone,2,ChEMBL,
X2659,X2659,E,OC(=O)C(C[C@H](NC(=O)OCC1c2ccccc2-c2ccccc12)C([*])=O)C(O)=O |$;;;;;;;;;;;;;;;;;;;;;;;;;_R2;;;;$|,Backbone,1,ChEMBL,
X266,X266,F,Fc1cccc(C[C@@H](N[*])C([*])=O)c1 |$;;;;;;;;;_R1;;_R2;;$|,Backbone,2,ChEMBL,
X2660,X2660,Y,OC(=O)CCc1cc(C[C@H](N[*])C([*])=O)ccc1O |$;;;;;;;;;;;_R1;;_R2;;;;;$|,Backbone,2,ChEMBL,
X2661,X2661,X,OC(=O)CCC[C@H](NC(=O)OCC1c2ccccc2-c2ccccc12)C([*])=O |$;;;;;;;;;;;;;;;;;;;;;;;;;;_R2;$|,Backbone,1,ChEMBL,
X2662,X2662,X,CCCC(=O)CCCCC[C@H](N[*])C([*])=O |$;;;;;;;;;;;;_R1;;_R2;$|,Backbone,2,ChEMBL,
X2663,X2663,V,CC(C)[C@H](N[*])C(=O)c1nc2cc(ccc2o1)C(O)=O |$;;;;;_R1;;;;;;;;;;;;;;$|,Backbone,1,ChEMBL,
X2664,X2664,G,[*]C(=O)CNNc1c(OCc2ccccc2)c(=O)c1=O |$_R2;;;;;;;;;;;;;;;;;;;$|,Backbone,1,ChEMBL,
X2665,X2665,X,[*]N[C@@H](Cc1ccncc1)C(=O)c1nccs1 |$_R1;;;;;;;;;;;;;;;;$|,Backbone,1,ChEMBL,
X2666,X2666,F,C[C@@H](OC(=O)[C@H](Cc1ccccc1)N[*])c1ccccc1 |$;;;;;;;;;;;;;;_R1;;;;;;$|,Backbone,1,ChEMBL,
X2667,X2667,X,COC(=O)C[C@H](NC(=O)N[C@@H](Cc1ccccc1)C([*])=O)C(O)=O |$;;;;;;;;;;;;;;;;;;;_R2;;;;$|,Backbone,1,ChEMBL,
X2668,X2668,L,CC(C)C[C@H](NC(=O)NCc1ccc(Cl)cc1Cl)C([*])=O |$;;;;;;;;;;;;;;;;;;;_R2;$|,Backbone,1,ChEMBL,
X2669,X2669,X,Nc1nccc(CC[C@H](N[*])C([*])=O)n1 |$;;;;;;;;;;_R1;;_R2;;$|,Backbone,2,ChEMBL,
X267,X267,X,CCN1C(=O)C[C@@H](NC1=O)C([*])=O |$;;;;;;;;;;;_R2;$|,Backbone,1,ChEMBL,
X2670,X2670,Y,COc1ccc(C[C@H](N[C@@H](Cc2ccccc2)C([*])=O)C(=O)CC2(CCCCC2)S[*])cc1 |$;;;;;;;;;;;;;;;;;;_R2;;;;;;;;;;;;_R3;;$|,Backbone,2,ChEMBL,
X2671,X2671,H,[*]N[C@@H](Cc1cn(CCCCCCCCc2ccccc2)cn1)C([*])=O |$_R1;;;;;;;;;;;;;;;;;;;;;;;;_R2;$|,Backbone,2,ChEMBL,
X2672,X2672,X,N[C@@H](CCC(O)=O)C(=O)c1ccc(NC(=O)N[C@@H](CO)C([*])=O)cc1 |$;;;;;;;;;;;;;;;;;;;;;_R2;;;$|,Backbone,1,ChEMBL,
X2673,X2673,P,COc1ccc(cc1)-c1cn(nn1)[C@@H]1C[C@H](N([*])C1)C([*])=O |$;;;;;;;;;;;;;;;;;_R1;;;_R2;$|,Backbone,2,ChEMBL,
X2674,X2674,P,[*]N1C[C@@H](C[C@H]1C([*])=O)n1cc(nn1)-c1ccc(cc1)-c1ccccc1 |$_R1;;;;;;;_R2;;;;;;;;;;;;;;;;;;$|,Backbone,2,ChEMBL,
X2675,X2675,G,OP(O)(=O)N(CC([*])=O)C(=O)OCc1ccccc1 |$;;;;;;;_R2;;;;;;;;;;;$|,Backbone,1,ChEMBL,
X2676,X2676,P,[*]N1C[C@@H](C[C@H]1C([*])=O)n1cc(nn1)-c1ccccn1 |$_R1;;;;;;;_R2;;;;;;;;;;;;$|,Backbone,2,ChEMBL,
X2677,X2677,F,"COc1ccc(C=C2SC(=S)N([C@@H](Cc3ccccc3)C([*])=O)C2=O)cc1OC |w:6.5,$;;;;;;;;;;;;;;;;;;;;;_R2;;;;;;;$|",Backbone,1,ChEMBL,
X2678,X2678,X,NC[C@H]1CC[C@@H](CC1)[C@H](N[*])C(=O)c1nc2ccccc2s1 |$;;;;;;;;;;_R1;;;;;;;;;;;$|,Backbone,1,ChEMBL,
X2679,X2679,P,[*]N1C[C@@H](C[C@H]1C([*])=O)n1cc(nn1)C1CCCCC1 |$_R1;;;;;;;_R2;;;;;;;;;;;;$|,Backbone,2,ChEMBL,
X268,X268,X,CC(C)(NCCCC1CCCCC1)C([*])=O |$;;;;;;;;;;;;;;_R2;$|,Backbone,1,ChEMBL,
X2680,X2680,P,Clc1ccc(Cl)c2CN(Cc12)C(=O)O[C@@H]1C[C@H](N([*])C1)C([*])=O |$;;;;;;;;;;;;;;;;;;_R1;;;_R2;$|,Backbone,2,ChEMBL,
X2681,X2681,V,CC(C)[C@H](N[*])C(=O)c1noc(Cc2cccc(C)c2)n1 |$;;;;;_R1;;;;;;;;;;;;;;;$|,Backbone,1,ChEMBL,
X2682,X2682,X,CCOC(=O)C(F)(F)C(=O)[C@H](CC1CCCCC1)N[*] |$;;;;;;;;;;;;;;;;;;;_R1$|,Backbone,1,ChEMBL,
X2683,X2683,D,OC(=O)C[C@H](N[*])C(=O)OCCc1ccc(F)cc1 |$;;;;;;_R1;;;;;;;;;;;;$|,Backbone,1,ChEMBL,
X2684,X2684,P,FC(F)(F)c1ccc2c(O[C@@H]3C[C@H](N([*])C3)C([*])=O)ccnc2c1 |$;;;;;;;;;;;;;;_R1;;;_R2;;;;;;$|,Backbone,2,ChEMBL,
X2685,X2685,X,COC(=O)NC[C@H](N[*])C=O |$;;;;;;;;_R1;;$|,Backbone,1,ChEMBL,
X2686,X2686,L,CCOC(=O)C(F)(F)C(=O)[C@H](CC(C)C)N[*] |$;;;;;;;;;;;;;;;;_R1$|,Backbone,1,ChEMBL,
X2687,X2687,V,CC(C)[C@@H](N[*])C(=O)C(F)(F)F |$;;;;;_R1;;;;;;$|,Backbone,1,ChEMBL,
X2688,X2688,H,CCCCCCCCCCCCN[C@@H](Cc1cnc[nH]1)C([*])=O |$;;;;;;;;;;;;;;;;;;;;;_R2;$|,Backbone,1,ChEMBL,
X2689,X2689,G,CCSCCN([*])CC([*])=O |$;;;;;;_R1;;;_R2;$|,Backbone,2,ChEMBL,
X269,X269,P,Cc1ccccc1CO[C@@H]1C[C@H](N([*])C1)C([*])=O |$;;;;;;;;;;;;;_R1;;;_R2;$|,Backbone,2,ChEMBL,
X2690,X2690,P,CC(C)(C)OC(=O)N[C@@H]1C[C@H](N(C1)C(=O)OC(C)(C)C)C([*])=O |$;;;;;;;;;;;;;;;;;;;;;_R2;$|,Backbone,1,ChEMBL,
X2691,X2691,L,CC(C)C[C@H](NC(=O)Nc1cc(C)on1)C([*])=O |$;;;;;;;;;;;;;;;;_R2;$|,Backbone,1,ChEMBL,
X2692,X2692,X,C[C@@](CCCC(O)=O)(NC(=O)OCC1c2ccccc2-c2ccccc12)C([*])=O |$;;;;;;;;;;;;;;;;;;;;;;;;;;;_R2;$|,Backbone,1,ChEMBL,
X2693,X2693,L,CC(C)C[C@H](N[*])C(=O)c1nc2ccccc2[nH]1 |$;;;;;;_R1;;;;;;;;;;;$|,Backbone,1,ChEMBL,
X2694,X2694,X,[*]N[C@@H](CN1CCCC1=O)C=O |$_R1;;;;;;;;;;;$|,Backbone,1,ChEMBL,
X2695,X2695,W,CC(C)OC(=O)N[C@@H](Cc1c[nH]c2ccccc12)C([*])=O |$;;;;;;;;;;;;;;;;;;;_R2;$|,Backbone,1,ChEMBL,
X2696,X2696,G,[*]C(=O)Cn1c(nc2ccccc12)-c1ccccc1 |$_R2;;;;;;;;;;;;;;;;;;$|,Backbone,1,ChEMBL,
X2697,X2697,X,OC(=O)C[C@@H]1N([*])C[C@@H](NC1=O)c1ccccc1 |$;;;;;;_R1;;;;;;;;;;;$|,Backbone,1,ChEMBL,
X2698,X2698,X,C[C@H](NO[C@@H](N)Cc1ccc(O)cc1)C([*])=O |$;;;;;;;;;;;;;;;_R2;$|,Backbone,1,ChEMBL,
X2699,X2699,X,FC(F)C[C@H](N[*])C(=O)c1nc2ccccc2s1 |$;;;;;;_R1;;;;;;;;;;;$|,Backbone,1,ChEMBL,
X27,X27,V,COC(=O)C(=O)[C@@H](N[*])C(C)C |$;;;;;;;;_R1;;;$|,Backbone,1,ChEMBL,
X270,X270,X,CN1[C@@H](CC(=O)N(C)C1=O)C([*])=O |$;;;;;;;;;;;_R2;$|,Backbone,1,ChEMBL,
X2700,X2700,L,CC(C)C[C@H](NC(=O)NCc1ccccc1)C([*])=O |$;;;;;;;;;;;;;;;;;_R2;$|,Backbone,1,ChEMBL,
X2701,X2701,X,CCN([*])[C@H](Cc1cc2ccccc2s1)C([*])=O |$;;;_R1;;;;;;;;;;;;;_R2;$|,Backbone,2,ChEMBL,
X2702,X2702,F,Cc1cc(C)cc(c1)-c1ccc(C[C@H](N[*])C([*])=O)cc1 |$;;;;;;;;;;;;;;;_R1;;_R2;;;$|,Backbone,2,ChEMBL,
X2703,X2703,X,OC(=O)[C@]1(C[C@H]1CCc1ccccc1)N[*] |$;;;;;;;;;;;;;;;_R1$|,Backbone,1,ChEMBL,
X2704,X2704,H,[*]C(=O)[C@@H](Cc1cnc[nH]1)NC(=O)OC1CCCCC1 |$_R2;;;;;;;;;;;;;;;;;;;$|,Backbone,1,ChEMBL,
X2705,X2705,X,OC(=O)[C@@]1(C[C@@H]1Cc1ccccc1)N[*] |$;;;;;;;;;;;;;;_R1$|,Backbone,1,ChEMBL,
X2706,X2706,D,OC(=O)C[C@@H](N[*])C(=O)Oc1cc(nn1-c1ccccc1)C(F)(F)F |$;;;;;;_R1;;;;;;;;;;;;;;;;;;$|,Backbone,1,ChEMBL,
X2707,X2707,X,OC(=O)C[C@@H]1N([*])C[C@@H](Cc2ccccc2)NC1=O |$;;;;;;_R1;;;;;;;;;;;;$|,Backbone,1,ChEMBL,
X2708,X2708,G,CC(C)CCCN([*])CC([*])=O |$;;;;;;;_R1;;;_R2;$|,Backbone,2,ChEMBL,
X2709,X2709,F,CCOCCOCCNC(=O)Nc1ccc(C[C@@H](N[*])C([*])=O)cc1 |$;;;;;;;;;;;;;;;;;;;_R1;;_R2;;;$|,Backbone,2,ChEMBL,
X271,X271,V,CC(C)[C@H](NC[C@@H](N)CS)C([*])=O |$;;;;;;;;;;;_R2;$|,Backbone,1,ChEMBL,
X2710,X2710,G,FC(F)(F)CCCN([*])CC([*])=O |$;;;;;;;;_R1;;;_R2;$|,Backbone,2,ChEMBL,
X2711,X2711,H,[*]C(=O)[C@H](Cc1cnc[nH]1)NC(=O)OCc1ccc(cc1)N(=O)=O |$_R2;;;;;;;;;;;;;;;;;;;;;;;$|,Backbone,1,ChEMBL,
X2712,X2712,X,COc1ccc2C[C@H](N(C)C(=O)[C@H](Cc3ccc(Oc1c2)cc3)N(C)[*])C(=S)N[C@H](C)C([*])=O |$;;;;;;;;;;;;;;;;;;;;;;;;;_R1;;;;;;;_R2;$|,Backbone,2,ChEMBL,
X2713,X2713,X,COc1ccc(S[*])cc1 |$;;;;;;;_R3;;$|,Backbone,1,ChEMBL,
X2714,X2714,R,COc1ccc2nc(sc2c1)C(=O)[C@H](CCCNC(N)=N)N[*] |$;;;;;;;;;;;;;;;;;;;;;;_R1$|,Backbone,1,ChEMBL,
X2715,X2715,X,[*]N[C@@H](Cc1c[nH]c2ccccc12)C(=O)c1nccs1 |$_R1;;;;;;;;;;;;;;;;;;;$|,Backbone,1,ChEMBL,
X2716,X2716,X,CC(C)[C@H](N[*])C(=O)O[C@@H](C)[C@@H](N)C([*])=O |$;;;;;_R1;;;;;;;;;_R2;$|,Backbone,2,ChEMBL,
X2717,X2717,F,N[C@@H](Cc1ccc(O)cc1)ON[C@H](Cc1ccccc1)C([*])=O |$;;;;;;;;;;;;;;;;;;;;;_R2;$|,Backbone,1,ChEMBL,
X2718,X2718,A,C[C@H](NC(O)=O)C([*])=O |$;;;;;;;_R2;$|,Backbone,1,ChEMBL,
X2719,X2719,H,Nn1cnc(C[C@H](N[*])C([*])=O)c1 |$;;;;;;;;_R1;;_R2;;$|,Backbone,2,ChEMBL,
X272,X272,X,CN1C(=O)C[C@H](NC1=O)C([*])=O |$;;;;;;;;;;_R2;$|,Backbone,1,ChEMBL,
X2720,X2720,F,[*]C(=O)[C@H](Cc1ccc(cc1)-c1ccccc1)NC(=O)OCc1ccccc1 |$_R2;;;;;;;;;;;;;;;;;;;;;;;;;;;$|,Backbone,1,ChEMBL,
X2721,X2721,G,[*]NCC(=O)c1ccccc1 |$_R1;;;;;;;;;;$|,Backbone,1,ChEMBL,
X2722,X2722,X,CC(C)C[C@H](NCCCCC(=O)C[C@H](N[*])C=O)C([*])=O |$;;;;;;;;;;;;;;;_R1;;;;_R2;$|,Backbone,2,ChEMBL,
X2723,X2723,T,C[C@@H](O)[C@H](Nc1ccc(O)c2C(=O)c3ccccc3C(=O)c12)C([*])=O |$;;;;;;;;;;;;;;;;;;;;;;;_R2;$|,Backbone,1,ChEMBL,
X2724,X2724,X,CC(C)C(=O)CCCCC[C@H](N[*])C([*])=O |$;;;;;;;;;;;;_R1;;_R2;$|,Backbone,2,ChEMBL,
X2725,X2725,X,[*]N[C@@H](C([*])=O)C(=O)Cc1ccccc1 |$_R1;;;;_R2;;;;;;;;;;$|,Backbone,2,ChEMBL,
X2726,X2726,W,OC(=O)Cn1cc(C[C@H](N[*])C([*])=O)c2ccccc12 |$;;;;;;;;;;_R1;;_R2;;;;;;;$|,Backbone,2,ChEMBL,
X2727,X2727,X,CC(=O)C(=O)CCCCC[C@H](N[*])C([*])=O |$;;;;;;;;;;;;_R1;;_R2;$|,Backbone,2,ChEMBL,
X2728,X2728,S,OC[C@H](NC(O)=O)C([*])=O |$;;;;;;;;_R2;$|,Backbone,1,ChEMBL,
X2729,X2729,G,OCCCNCC([*])=O |$;;;;;;;_R2;$|,Backbone,1,ChEMBL,
X2730,X2730,X,CCCCCCCC(=O)[C@H](CCCCN)N[C@H]1C[C@H](N([*])C1)C([*])=O |$;;;;;;;;;;;;;;;;;;;;_R1;;;_R2;$|,Backbone,2,ChEMBL,
X2731,X2731,X,[*]N[C@@]1(CCc2ccccc12)C([*])=O |$_R1;;;;;;;;;;;;_R2;$|,Backbone,2,ChEMBL,
X2732,X2732,X,Oc1ccc(C[C@H](NNCC(=O)[C@@H]2CCCN2[*])C([*])=O)cc1 |$;;;;;;;;;;;;;;;;;_R1;;_R2;;;$|,Backbone,2,ChEMBL,
X2733,X2733,V,CC(C)(C)[C@H](NCCCc1cnc[nH]1)C([*])=O |$;;;;;;;;;;;;;;;_R2;$|,Backbone,1,ChEMBL,
X2734,X2734,F,[*]N[C@@H](Cc1ccc2ccccc2c1)C=O |$_R1;;;;;;;;;;;;;;;$|,Backbone,1,ChEMBL,
X2735,X2735,D,OC(=O)C[C@H](NS(=O)(=O)Cc1ccccc1)C([*])=O |$;;;;;;;;;;;;;;;;;_R2;$|,Backbone,1,ChEMBL,
X2736,X2736,X,Clc1cncc(OC(=O)[C@H](C[C@@H]2CCNC2=O)N[*])c1 |$;;;;;;;;;;;;;;;;;;_R1;$|,Backbone,1,ChEMBL,
X2737,X2737,K,"CC(C)CCC[C@@H](C)[C@H]1CC[C@H]2[C@@H]3CC=C4C[C@H](CC[C@]4(C)[C@H]3CC[C@]12C)OC(=O)[C@H](CCCCN)N[*] |$;;;;;;;;;;;;;;;;;;;;;;;;;;;;;;;;;;;;;_R1$,t:14|",Backbone,1,ChEMBL,
X2738,X2738,X,CN(C)[C@@H](CC1CCCCC1)C([*])=O |$;;;;;;;;;;;;_R2;$|,Backbone,1,ChEMBL,
X2739,X2739,Y,OS(=O)(=O)N[C@@H](Cc1ccc(OS(O)(=O)=O)cc1)C([*])=O |$;;;;;;;;;;;;;;;;;;;_R2;$|,Backbone,1,ChEMBL,
X2740,X2740,W,[*]N[C@@H](C([*])=O)C(=O)c1c[nH]c2ccccc12 |$_R1;;;;_R2;;;;;;;;;;;;$|,Backbone,2,ChEMBL,
X2741,X2741,L,CC(C)C[C@H](NCCCCCCCCNC(=S)Nc1cccc2c1C(=O)OC21c2ccc(O)cc2Oc2cc(O)ccc12)C([*])=O |$;;;;;;;;;;;;;;;;;;;;;;;;;;;;;;;;;;;;;;;;;;;;_R2;$|,Backbone,1,ChEMBL,
X2742,X2742,G,[*]NCC(=O)c1nc2ccccc2[nH]1 |$_R1;;;;;;;;;;;;;$|,Backbone,1,ChEMBL,
X2743,X2743,X,C[C@@H](NC(=O)N[C@@H](Cc1cccnc1)C([*])=O)c1ccc(F)cc1 |$;;;;;;;;;;;;;;;_R2;;;;;;;;$|,Backbone,1,ChEMBL,
X2744,X2744,X,[*]N[C@@H](C[C@H]1CCNC1=O)C(=O)c1ccccn1 |$_R1;;;;;;;;;;;;;;;;;$|,Backbone,1,ChEMBL,
X2745,X2745,X,[*]N1CCS[C@@H]1C([*])=O |$_R1;;;;;;;_R2;$|,Backbone,2,ChEMBL,
X2746,X2746,Y,Cc1cc(O)cc(O)c1C[C@H](N)C([*])=O |$;;;;;;;;;;;;;_R2;$|,Backbone,1,ChEMBL,
X2747,X2747,P,[*]N1C[C@@H](C[C@H]1C([*])=O)n1ccnn1 |$_R1;;;;;;;_R2;;;;;;$|,Backbone,2,ChEMBL,
X2748,X2748,X,CCCC(=O)C(=O)[C@H](CC1CCCCC1)N[*] |$;;;;;;;;;;;;;;;;_R1$|,Backbone,1,ChEMBL,
X2749,X2749,X,COc1c(O)cc(cc1Oc1ccc(cc1N(=O)=O)[C@@H](O)[C@@H](NC(=O)OC(C)(C)C)C([*])=O)[C@@H](N[*])C(=O)OC(C)(C)C |$;;;;;;;;;;;;;;;;;;;;;;;;;;;;;;;_R2;;;;_R1;;;;;;;$|,Backbone,2,ChEMBL,
X2750,X2750,Y,Oc1ccc(C[C@H](NCC(=O)CN[*])C([*])=O)cc1 |$;;;;;;;;;;;;;_R1;;_R2;;;$|,Backbone,2,ChEMBL,
X2751,X2751,F,CCOC(=O)[C@H](Cc1ccc2ccccc2c1)N[*] |$;;;;;;;;;;;;;;;;;;_R1$|,Backbone,1,ChEMBL,
X2752,X2752,X,OC(=O)C[C@@H]1N([*])C[C@H](CCc2ccccc2)NC1=O |$;;;;;;_R1;;;;;;;;;;;;;$|,Backbone,1,ChEMBL,
X2753,X2753,F,"[*]N[C@@H](Cc1ccc(C=Cc2ccccc2)cc1)C([*])=O |w:8.7,$_R1;;;;;;;;;;;;;;;;;;;_R2;$|",Backbone,2,ChEMBL,
X2754,X2754,Y,COc1ccc(C[C@H](NC(=O)OCc2ccccc2)C([*])=O)cc1Oc1ccc(C[C@H](N[*])C(O)=O)cc1 |$;;;;;;;;;;;;;;;;;;;;_R2;;;;;;;;;;;;_R1;;;;;$|,Backbone,2,ChEMBL,
X2755,X2755,X,CN1CCC(CC(=O)[C@H](Cc2ccc(O)cc2)N[C@@H](Cc2ccccc2)C([*])=O)(CC1)S[*] |$;;;;;;;;;;;;;;;;;;;;;;;;;;;_R2;;;;;_R3$|,Backbone,2,ChEMBL,
X2756,X2756,X,[*]C(=O)[C@@H](CC1CCCCC1)NS(=O)(=O)Cc1ccccc1 |$_R2;;;;;;;;;;;;;;;;;;;;;$|,Backbone,1,ChEMBL,
X2757,X2757,X,CN([C@@H](N[*])C(=O)c1ccccc1)C(=O)N[C@@H](Cc1c[nH]c2ccccc12)C([*])=O |$;;;;_R1;;;;;;;;;;;;;;;;;;;;;;;;_R2;$|,Backbone,2,ChEMBL,
X2758,X2758,P,COc1cccc2c(O[C@@H]3C[C@H](N([*])C3)C([*])=O)cc(nc12)-c1ccccc1 |$;;;;;;;;;;;;;_R1;;;_R2;;;;;;;;;;;$|,Backbone,2,ChEMBL,
X2759,X2759,G,CCCCCCCCCCCCNCC([*])=O |$;;;;;;;;;;;;;;;_R2;$|,Backbone,1,ChEMBL,
X2760,X2760,F,[*]C(=O)[C@@H](Cc1cccc2ccccc12)NC(=O)OCc1ccccc1 |$_R2;;;;;;;;;;;;;;;;;;;;;;;;;$|,Backbone,1,ChEMBL,
X2761,X2761,V,C[C@@H](CP(O)(O)=O)[C@H](N[*])C(O)=O |$;;;;;;;;;_R1;;;$|,Backbone,1,ChEMBL,
X2762,X2762,K,OC[C@@H]1[C@H](O)[C@H](O)[C@@H](O)CN1CCCC[C@H](N[*])C([*])=O |$;;;;;;;;;;;;;;;;;_R1;;_R2;$|,Backbone,2,ChEMBL,
X2763,X2763,X,"CC=C[C@H](N[*])C([*])=O |w:1.0,$;;;;;_R1;;_R2;$|",Backbone,2,ChEMBL,
X2764,X2764,V,CC(C)[C@H](N[*])C(=O)OCCOCn1cnc2c1nc(N)[nH]c2=O |$;;;;;_R1;;;;;;;;;;;;;;;;;;$|,Backbone,1,ChEMBL,
X2765,X2765,V,CC(C)[C@H](N(C)[*])C(=O)ON(C)[C@@H](C(C)C)C([*])=O |$;;;;;;_R1;;;;;;;;;;;_R2;$|,Backbone,2,ChEMBL,
X2766,X2766,Y,COc1cc(C)c([C@@H](C)[C@H](N[*])C([*])=O)c(C)c1 |$;;;;;;;;;;;_R1;;_R2;;;;$|,Backbone,2,ChEMBL,
X2767,X2767,X,NCCCC[C@H](N[*])C(=O)CN[C@H](Cc1c[nH]c2ccccc12)C([*])=O |$;;;;;;;_R1;;;;;;;;;;;;;;;;;_R2;$|,Backbone,2,ChEMBL,
X2768,X2768,V,CCCCC(=O)C(=O)[C@@H](N[*])C(C)C |$;;;;;;;;;;_R1;;;$|,Backbone,1,ChEMBL,
X2769,X2769,X,CC(C)C[C@H](NC(=O)N1CCC[C@H]1C(=O)OC(C)(C)C)C([*])=O |$;;;;;;;;;;;;;;;;;;;;;_R2;$|,Backbone,1,ChEMBL,
X277,X277,F,Cc1cccc(C)c1C[C@@H](N[*])C([*])=O |$;;;;;;;;;;;_R1;;_R2;$|,Backbone,2,ChEMBL,
X2770,X2770,X,[*]N[C@]1(CCc2ccccc12)C([*])=O |$_R1;;;;;;;;;;;;_R2;$|,Backbone,2,ChEMBL,
X2771,X2771,X,OC(=O)C[C@H](N[*])C(=O)[C@H](CC(O)=O)NC(=O)N1CCC[C@@H]1C([*])=O |$;;;;;;_R1;;;;;;;;;;;;;;;;;_R2;$|,Backbone,2,ChEMBL,
X2772,X2772,P,FC(F)(F)c1ccc2CN(Cc2c1)C(=O)O[C@@H]1C[C@H](N([*])C1)C([*])=O |$;;;;;;;;;;;;;;;;;;;;_R1;;;_R2;$|,Backbone,2,ChEMBL,
X2773,X2773,M,CSCC[C@H](NC(=O)Nc1ccccc1)C([*])=O |$;;;;;;;;;;;;;;;;_R2;$|,Backbone,1,ChEMBL,
X2774,X2774,M,CSCC[C@H](NC(=O)NCc1ccccc1)C([*])=O |$;;;;;;;;;;;;;;;;;_R2;$|,Backbone,1,ChEMBL,
X2775,X2775,K,COc1ccccc1NC(=O)NCCCC[C@H](N[*])C([*])=O |$;;;;;;;;;;;;;;;;;;_R1;;_R2;$|,Backbone,2,ChEMBL,
X2776,X2776,W,CC(C)COC(=O)N[C@@H](Cc1c[nH]c2ccccc12)C([*])=O |$;;;;;;;;;;;;;;;;;;;;_R2;$|,Backbone,1,ChEMBL,
X2777,X2777,D,OC(=O)C[C@H](N[*])C(=O)COC(=O)c1c(cccc1C(F)(F)F)C(F)(F)F |$;;;;;;_R1;;;;;;;;;;;;;;;;;;;;$|,Backbone,1,ChEMBL,
X2778,X2778,D,OC(=O)C[C@H](N[*])C(=O)c1ncc(o1)-c1c(Cl)cccc1Cl |$;;;;;;_R1;;;;;;;;;;;;;;;$|,Backbone,1,ChEMBL,
X2779,X2779,L,CCOC(=O)C(=O)C(=O)[C@H](CC(C)C)N[*] |$;;;;;;;;;;;;;;;_R1$|,Backbone,1,ChEMBL,
X278,X278,X,CC(C)C[C@@H]1N([*])CNC1=O |$;;;;;;_R1;;;;$|,Backbone,1,ChEMBL,
X2780,X2780,F,[*]N[C@H](C=O)C(c1ccccc1)c1ccccc1 |$_R1;;;;;;;;;;;;;;;;;$|,Backbone,1,ChEMBL,
X2781,X2781,X,[*]N[C@H](C=O)C(C1CCCCC1)C1CCCCC1 |$_R1;;;;;;;;;;;;;;;;;$|,Backbone,1,ChEMBL,
X2782,X2782,K,CNCCCC[C@H](N[*])C(=O)c1nc2ccccc2s1 |$;;;;;;;;_R1;;;;;;;;;;;$|,Backbone,1,ChEMBL,
X2783,X2783,F,Fc1cccc(F)c1C(=O)OCC(=O)[C@@H](Cc1ccccc1)N[*] |$;;;;;;;;;;;;;;;;;;;;;;;_R1$|,Backbone,1,ChEMBL,
X2784,X2784,K,Clc1ccccc1NC(=O)NCCCC[C@H](N[*])C([*])=O |$;;;;;;;;;;;;;;;;;_R1;;_R2;$|,Backbone,2,ChEMBL,
X2785,X2785,X,CC(C)(C)OC(=O)N[C@@H](C([*])=O)c1cccc2ccccc12 |$;;;;;;;;;;_R2;;;;;;;;;;;$|,Backbone,1,ChEMBL,
X2786,X2786,K,CN(CCCC[C@H](N[*])C([*])=O)C(=O)Nc1ccccc1C |$;;;;;;;;_R1;;_R2;;;;;;;;;;;$|,Backbone,2,ChEMBL,
X2787,X2787,F,CN(C)C(=O)N[C@@H](Cc1ccc(Cl)cc1)C([*])=O |$;;;;;;;;;;;;;;;;_R2;$|,Backbone,1,ChEMBL,
X2788,X2788,F,NC(=N)c1ccc(C[C@H](N[*])C(=O)c2nc3ccccc3s2)cc1 |$;;;;;;;;;;_R1;;;;;;;;;;;;;$|,Backbone,1,ChEMBL,
X2789,X2789,Y,CCN([*])[C@H](Cc1ccc(O)cc1)C([*])=O |$;;;_R1;;;;;;;;;;;_R2;$|,Backbone,2,ChEMBL,
X2790,X2790,F,Oc1ccc2c(Oc3cc(O)ccc3C22OC(=O)c3cc(NC(=S)N[C@H](Cc4ccccc4)C([*])=O)ccc23)c1 |$;;;;;;;;;;;;;;;;;;;;;;;;;;;;;;;;;;_R2;;;;;$|,Backbone,1,ChEMBL,
X2791,X2791,F,[*]N[C@@H](Cc1ccc(cc1)-c1cccc(c1)-c1ccccc1)C([*])=O |$_R1;;;;;;;;;;;;;;;;;;;;;;;_R2;$|,Backbone,2,ChEMBL,
X2792,X2792,R,CS(=O)(=O)N[C@H](CCCNC(N)=N)C([*])=O |$;;;;;;;;;;;;;;_R2;$|,Backbone,1,ChEMBL,
X2793,X2793,K,Cc1ccccc1NC(=S)NCCCC[C@H](N[*])C([*])=O |$;;;;;;;;;;;;;;;;;_R1;;_R2;$|,Backbone,2,ChEMBL,
X2794,X2794,F,"CC(=O)N([C@@H](Cc1ccc(F)cc1)C([*])=O)C(=O)C=Cc1ccccc1 |w:18.18,$;;;;;;;;;;;;;;_R2;;;;;;;;;;;$|",Backbone,1,ChEMBL,
X2795,X2795,F,"CC(=O)N([C@@H](Cc1ccc(F)cc1)C([*])=O)C(=O)C=Cc1ccc(C)cc1 |w:18.18,$;;;;;;;;;;;;;;_R2;;;;;;;;;;;;$|",Backbone,1,ChEMBL,
X2796,X2796,F,"CC(=O)N([C@@H](Cc1ccc(F)cc1)C([*])=O)C(=O)C=Cc1ccc(F)cc1 |w:18.18,$;;;;;;;;;;;;;;_R2;;;;;;;;;;;;$|",Backbone,1,ChEMBL,
X2797,X2797,X,"CC(=O)N([C@H](Cc1cccnc1)C([*])=O)C(=O)C=Cc1ccccc1 |w:17.17,$;;;;;;;;;;;;;_R2;;;;;;;;;;;$|",Backbone,1,ChEMBL,
X2798,X2798,K,ClCCN(N=O)C(=O)NCCCC[C@H](NC(=O)N(CCCl)N=O)C([*])=O |$;;;;;;;;;;;;;;;;;;;;;;;;_R2;$|,Backbone,1,ChEMBL,
X2799,X2799,D,OC(=O)C[C@H](NC(=S)Nc1ccc(c(c1)C(O)=O)-c1c2ccc(O)cc2oc2cc(=O)ccc12)C([*])=O |$;;;;;;;;;;;;;;;;;;;;;;;;;;;;;;;;;;;_R2;$|,Backbone,1,ChEMBL,
X28,X28,F,[*]N[C@@H](C(c1ccccc1)c1ccccc1)C([*])=O |$_R1;;;;;;;;;;;;;;;;;_R2;$|,Backbone,2,ChEMBL,
X280,X280,D,OC(=O)C[C@H](N[*])C(=O)c1cocn1 |$;;;;;;_R1;;;;;;;$|,Backbone,1,ChEMBL,
X2800,X2800,X,CC(C)(C)OC(=O)N[C@@H](CCCCOS(O)(=O)=O)C([*])=O |$;;;;;;;;;;;;;;;;;;;_R2;$|,Backbone,1,ChEMBL,
X2802,X2802,A,C[C@H](N[*])C(=O)NC(=O)CCC(O)=O |$;;;_R1;;;;;;;;;;$|,Backbone,1,ChEMBL,
X2803,X2803,V,COc1cc2CC[C@H](N[C@@H](C(C)C)C([*])=O)c3cc(=O)c(OC)ccc3-c2c(OC)c1OC |$;;;;;;;;;;;;;;_R2;;;;;;;;;;;;;;;;;;$|,Backbone,1,ChEMBL,
X2804,X2804,K,CCCCCCCCCCCCNCCCC[C@@H](N[*])C([*])=O |$;;;;;;;;;;;;;;;;;;;_R1;;_R2;$|,Backbone,2,ChEMBL,
X2805,X2805,L,CC(C)C[C@H](NC(=O)NCCCCO)C([*])=O |$;;;;;;;;;;;;;;;_R2;$|,Backbone,1,ChEMBL,
X2806,X2806,L,CC(C)C[C@H](NC(=O)OC[C@H](O)CO)C([*])=O |$;;;;;;;;;;;;;;;_R2;$|,Backbone,1,ChEMBL,
X2807,X2807,L,CC(C)C[C@H](NC(=O)OC[C@H](COS(O)(=O)=O)OS(O)(=O)=O)C([*])=O |$;;;;;;;;;;;;;;;;;;;;;;;_R2;$|,Backbone,1,ChEMBL,
X2808,X2808,W,COCn1cc(C[C@@H](N[*])C([*])=O)c2ccccc12 |$;;;;;;;;;_R1;;_R2;;;;;;;$|,Backbone,2,ChEMBL,
X2809,X2809,X,"CC[C@@H](C)[C@@H](N)C1=N[C@@H](CS1)C([*])=O |$;;;;;;;;;;;;_R2;$,t:6|",Backbone,1,ChEMBL,
X281,X281,A,C[C@@H](Nc1nccs1)C([*])=O |$;;;;;;;;;_R2;$|,Backbone,1,ChEMBL,
X2810,X2810,L,CC(C)C[C@H](NS(=O)(=O)c1ccc(C)cc1)C([*])=O |$;;;;;;;;;;;;;;;;;_R2;$|,Backbone,1,ChEMBL,
X2811,X2811,F,CC(=O)N([C@@H](Cc1ccc(F)cc1)C([*])=O)C(=O)c1ccccc1N |$;;;;;;;;;;;;;;_R2;;;;;;;;;;$|,Backbone,1,ChEMBL,
X2812,X2812,X,"CC(=O)N([C@H](Cc1cccs1)C([*])=O)C(=O)C=Cc1ccccc1 |w:16.16,$;;;;;;;;;;;;_R2;;;;;;;;;;;$|",Backbone,1,ChEMBL,
X2813,X2813,K,ClCCN(N=O)C(=O)NCCCC[C@H](N[*])C([*])=O |$;;;;;;;;;;;;;;;_R1;;_R2;$|,Backbone,2,ChEMBL,
X2814,X2814,X,COc1ccc(cc1)S(=O)(=O)N[C@@H](C)C([*])=O |$;;;;;;;;;;;;;;;_R2;$|,Backbone,1,ChEMBL,
X2815,X2815,X,C[C@H](NS(=O)(=O)c1cccnc1)C([*])=O |$;;;;;;;;;;;;;_R2;$|,Backbone,1,ChEMBL,
X2816,X2816,X,[*]N[C@H](Cc1ncc[nH]1)C([*])=O |$_R1;;;;;;;;;;_R2;$|,Backbone,2,ChEMBL,
X2817,X2817,L,CC(C)C[C@H](NC(=S)Nc1ccc2c(c1)C(=O)OC21c2ccc(O)cc2Oc2cc(O)ccc12)C([*])=O |$;;;;;;;;;;;;;;;;;;;;;;;;;;;;;;;;;;;_R2;$|,Backbone,1,ChEMBL,
X2818,X2818,R,"NC(=[NH+]CCC[C@H](N[*])C([*])=O)N1CCCC1 |w:2.2,$;;;;;;;;_R1;;_R2;;;;;;$|",Backbone,2,ChEMBL,
X2819,X2819,F,NS(=O)(=O)Cc1ccc(C[C@H](N[*])C([*])=O)cc1 |$;;;;;;;;;;;;_R1;;_R2;;;$|,Backbone,2,ChEMBL,
X282,X282,A,C[C@H](N[*])C(=O)C(F)(F)F |$;;;_R1;;;;;;$|,Backbone,1,ChEMBL,
X2820,X2820,H,Cc1ccc(cc1)-c1ncc(C[C@H](N[*])C([*])=O)[nH]1 |$;;;;;;;;;;;;;;_R1;;_R2;;$|,Backbone,2,ChEMBL,
X2822,X2822,D,COC(=O)C[C@H](NC(=O)OC(C)(C)C)C([*])=O |$;;;;;;;;;;;;;;;_R2;$|,Backbone,1,ChEMBL,
X2823,X2823,X,[*]N(Cc1ccccc1)C1(CCN(Cc2ccccc2)CC1)C([*])=O |$_R1;;;;;;;;;;;;;;;;;;;;;;;_R2;$|,Backbone,2,ChEMBL,
X2824,X2824,L,CC(C)C[C@H](NC(=O)OCC(CO)CO)C([*])=O |$;;;;;;;;;;;;;;;;_R2;$|,Backbone,1,ChEMBL,
X2825,X2825,L,CC(C)C[C@H](NC(=O)NCCCOS(O)(=O)=O)C([*])=O |$;;;;;;;;;;;;;;;;;;_R2;$|,Backbone,1,ChEMBL,
X2826,X2826,L,CC(C)C[C@H](NC(=O)NC[C@H](COS(O)(=O)=O)OS(O)(=O)=O)C([*])=O |$;;;;;;;;;;;;;;;;;;;;;;;_R2;$|,Backbone,1,ChEMBL,
X2827,X2827,X,Cc1ccccc1NC(=O)NCCCCC[C@H](N[*])C([*])=O |$;;;;;;;;;;;;;;;;;;_R1;;_R2;$|,Backbone,2,ChEMBL,
X2828,X2828,K,[*]N[C@@H](CCCCNC(=O)NC1CCCCC1)C([*])=O |$_R1;;;;;;;;;;;;;;;;;;_R2;$|,Backbone,2,ChEMBL,
X2829,X2829,M,"CS(=O)(=O)CC[C@H](N[*])C(=O)C=CS(=O)(=O)c1ccccc1 |w:11.10,$;;;;;;;;_R1;;;;;;;;;;;;;$|",Backbone,1,ChEMBL,
X283,X283,X,CC[C@H](N[*])C=O |$;;;;_R1;;$|,Backbone,1,ChEMBL,
X2830,X2830,X,[*]N[C@@H](Cc1ccn[nH]1)C([*])=O |$_R1;;;;;;;;;;_R2;$|,Backbone,2,ChEMBL,
X2831,X2831,F,Nc1c(I)cc(C[C@@H](N[*])C([*])=O)cc1I |$;;;;;;;;;_R1;;_R2;;;;$|,Backbone,2,ChEMBL,
X2832,X2832,R,"[*]N[C@@H](CCCNC(=N)NC1CC1)C([*])=O |w:9.9,$_R1;;;;;;;;;;;;;;_R2;$|",Backbone,2,ChEMBL,
X2833,X2833,P,CCOC(=O)[C@H](C)OC(=O)[C@H](C)OC(=O)[C@@H]1CCCN1[*] |$;;;;;;;;;;;;;;;;;;;;_R1$|,Backbone,1,ChEMBL,
X2834,X2834,H,COc1ccc(cc1)-c1ncc(C[C@H](N[*])C([*])=O)[nH]1 |$;;;;;;;;;;;;;;;_R1;;_R2;;$|,Backbone,2,ChEMBL,
X2835,X2835,H,[*]N[C@@H](Cc1cnc([nH]1)-c1ccccc1)C([*])=O |$_R1;;;;;;;;;;;;;;;;_R2;$|,Backbone,2,ChEMBL,
X2836,X2836,Y,[*]C(=O)[C@H](Cc1ccc(OCc2ccccc2)cc1)NC(=O)OCc1ccccc1 |$_R2;;;;;;;;;;;;;;;;;;;;;;;;;;;;;$|,Backbone,1,ChEMBL,
X2837,X2837,F,Fc1cccc(F)c1C(=O)OCC(=O)[C@H](Cc1ccccc1)N[*] |$;;;;;;;;;;;;;;;;;;;;;;;_R1$|,Backbone,1,ChEMBL,
X2838,X2838,F,CC#Cc1ccccc1C(=O)N([C@@H](Cc1ccc(F)cc1)C([*])=O)C(C)=O |$;;;;;;;;;;;;;;;;;;;;;;_R2;;;;$|,Backbone,1,ChEMBL,
X2839,X2839,F,CC(=O)N([C@@H](Cc1ccc(F)cc1)C([*])=O)C(=O)CCCN |$;;;;;;;;;;;;;;_R2;;;;;;;$|,Backbone,1,ChEMBL,
X2840,X2840,F,"CCCCCCC=CC(=O)N([C@@H](Cc1ccc(F)cc1)C([*])=O)C(C)=O |w:6.5,$;;;;;;;;;;;;;;;;;;;;;_R2;;;;$|",Backbone,1,ChEMBL,
X2841,X2841,F,"Fc1ccc(C[C@H](N[*])C(=O)NC(=O)C=Cc2ccccc2)cc1 |w:14.13,$;;;;;;;;_R1;;;;;;;;;;;;;;;$|",Backbone,1,ChEMBL,
X2842,X2842,A,C[C@H](NCc1ccc(cc1)C(O)=O)C([*])=O |$;;;;;;;;;;;;;;_R2;$|,Backbone,1,ChEMBL,
X2843,X2843,F,[*]N[C@H](Cc1ccc(cc1)[N+]#N)C([*])=O |$_R1;;;;;;;;;;;;;_R2;$|,Backbone,2,ChEMBL,
X2844,X2844,W,CCC(C)(C)OC(=O)N[C@@H](Cc1c[nH]c2ccccc12)C([*])=O |$;;;;;;;;;;;;;;;;;;;;;_R2;$|,Backbone,1,ChEMBL,
X2845,X2845,X,CCCCCCCCCCCCNCCC[C@@H](N[*])C([*])=O |$;;;;;;;;;;;;;;;;;;_R1;;_R2;$|,Backbone,2,ChEMBL,
X2846,X2846,L,CC(C)C[C@H](NC(=O)OCCCO)C([*])=O |$;;;;;;;;;;;;;;_R2;$|,Backbone,1,ChEMBL,
X2847,X2847,D,"CN(C)c1ccc2c(-c3ccc(NC(=S)N[C@@H](CC(O)=O)C([*])=O)cc3)c3ccc(cc3oc2c1)=[N+](C)C |w:35.39,$;;;;;;;;;;;;;;;;;;;;;;_R2;;;;;;;;;;;;;;;$|",Backbone,1,ChEMBL,
X2848,X2848,C,[*]C(=O)[C@H](CSCc1ccccc1)NC(=O)OCc1ccccc1 |$_R2;;;;;;;;;;;;;;;;;;;;;;;$|,Backbone,1,ChEMBL,
X2849,X2849,X,"[*]N[C@@H](CC1=CCC=CC1)C([*])=O |$_R1;;;;;;;;;;;_R2;$,c:7,t:4|",Backbone,2,ChEMBL,
X285,X285,P,[*]N1C[C@@H](C[C@H]1C([*])=O)OC(=O)Nc1ccccc1 |$_R1;;;;;;;_R2;;;;;;;;;;;$|,Backbone,2,ChEMBL,
X2850,X2850,C,[*]N[C@@H](CSCc1ccccc1)C([*])=O |$_R1;;;;;;;;;;;;;_R2;$|,Backbone,2,ChEMBL,
X2851,X2851,X,Cc1ccccc1NC(=O)NCCC[C@H](N[*])C([*])=O |$;;;;;;;;;;;;;;;;_R1;;_R2;$|,Backbone,2,ChEMBL,
X2852,X2852,K,CC(C)(C)NC(=O)NCCCC[C@H](N[*])C([*])=O |$;;;;;;;;;;;;;;_R1;;_R2;$|,Backbone,2,ChEMBL,
X2853,X2853,Y,CC(=O)OP(=O)(OC(C)=O)Oc1ccc(C[C@H](N)C([*])=O)cc1 |$;;;;;;;;;;;;;;;;;;;_R2;;;$|,Backbone,1,ChEMBL,
X2854,X2854,A,CCOC(=O)[C@H](C)OC(=O)[C@H](C)N[*] |$;;;;;;;;;;;;;_R1$|,Backbone,1,ChEMBL,
X2855,X2855,H,[*]N[C@@H](Cc1cnc([nH]1)-c1ccc(cc1)-c1ccccc1)C([*])=O |$_R1;;;;;;;;;;;;;;;;;;;;;;_R2;$|,Backbone,2,ChEMBL,
X2856,X2856,F,[*]N[C@@H](Cc1ccccc1)C(=O)C(=O)C(=O)OCc1ccccc1 |$_R1;;;;;;;;;;;;;;;;;;;;;;;$|,Backbone,1,ChEMBL,
X2857,X2857,W,[*]C(=O)[C@H](Cc1c[nH]c2ccccc12)NC(=O)NC1CCCCC1 |$_R2;;;;;;;;;;;;;;;;;;;;;;;$|,Backbone,1,ChEMBL,
X2858,X2858,V,CC(C)[C@H](NC(=O)OCCCCCn1cnc2c(ncnc12)N(C)C)C([*])=O |$;;;;;;;;;;;;;;;;;;;;;;;;;;_R2;$|,Backbone,1,ChEMBL,
X2859,X2859,K,COc1ccc(NC(=O)NCCCC[C@H](N[*])C([*])=O)cc1 |$;;;;;;;;;;;;;;;;_R1;;_R2;;;$|,Backbone,2,ChEMBL,
X286,X286,X,CC(C)(C)C(=O)C[C@H](N[*])C([*])=O |$;;;;;;;;;_R1;;_R2;$|,Backbone,2,ChEMBL,
X2860,X2860,P,CCC[C@@H]1CCN([*])[C@@H]1C([*])=O |$;;;;;;;_R1;;;_R2;$|,Backbone,2,ChEMBL,
X2861,X2861,F,"CC(=O)N([C@@H](Cc1ccc(F)cc1)C([*])=O)C(=O)C=Cc1ccc(N)cc1 |w:18.18,$;;;;;;;;;;;;;;_R2;;;;;;;;;;;;$|",Backbone,1,ChEMBL,
X2862,X2862,F,CC(=O)N([C@@H](Cc1ccc(F)cc1)C([*])=O)C(=O)COc1ccccc1 |$;;;;;;;;;;;;;;_R2;;;;;;;;;;;$|,Backbone,1,ChEMBL,
X2863,X2863,F,OC(=O)c1ccc(cc1)S(=O)(=O)N[C@@H](Cc1ccccc1)C([*])=O |$;;;;;;;;;;;;;;;;;;;;;;_R2;$|,Backbone,1,ChEMBL,
X2864,X2864,X,[*]C(=O)[C@H](Cc1cnc[nH]1)NC(=O)NC(=O)[C@@H]1CCC(=O)N1 |$_R2;;;;;;;;;;;;;;;;;;;;;$|,Backbone,1,ChEMBL,
X2865,X2865,I,CC[C@H](C)[C@H](NC(=O)OCCCCCn1cnc2c(ncnc12)N(C)C)C([*])=O |$;;;;;;;;;;;;;;;;;;;;;;;;;;;_R2;$|,Backbone,1,ChEMBL,
X2866,X2866,L,CC(C)C[C@H](NS(=O)(=O)c1ccc2ccccc2c1)C([*])=O |$;;;;;;;;;;;;;;;;;;;;_R2;$|,Backbone,1,ChEMBL,
X2867,X2867,F,"CC(=O)N([C@@H](Cc1ccc(F)cc1)C([*])=O)C(=O)C=Cc1ccc(O)cc1 |w:18.18,$;;;;;;;;;;;;;;_R2;;;;;;;;;;;;$|",Backbone,1,ChEMBL,
X2868,X2868,M,"CSCC[C@H](N[*])C(=O)C=CS(=O)(=O)c1ccccc1 |w:9.8,$;;;;;;_R1;;;;;;;;;;;;;$|",Backbone,1,ChEMBL,
X2869,X2869,G,OC(=O)c1ccc(cc1)S(=O)(=O)NCC([*])=O |$;;;;;;;;;;;;;;;_R2;$|,Backbone,1,ChEMBL,
X287,X287,V,CCC(CC)NC(=O)N[C@H](C([*])=O)C(C)(C)C |$;;;;;;;;;;;_R2;;;;;$|,Backbone,1,ChEMBL,
X2870,X2870,K,N[C@@H](CCCCNC(=S)Nc1ccc(c(c1)C(O)=O)-c1c2ccccc2oc2cc(=O)ccc12)C([*])=O |$;;;;;;;;;;;;;;;;;;;;;;;;;;;;;;;;;;;_R2;$|,Backbone,1,ChEMBL,
X2871,X2871,S,COc1ccc(COC(=O)N[C@@H](COCc2ccccc2)C([*])=O)cc1 |$;;;;;;;;;;;;;;;;;;;;;;_R2;;;$|,Backbone,1,ChEMBL,
X2872,X2872,L,CC(C)C[C@H](NC(=O)NCCCCOS(O)(=O)=O)C([*])=O |$;;;;;;;;;;;;;;;;;;;_R2;$|,Backbone,1,ChEMBL,
X2873,X2873,L,CC(C)C[C@H](NC(=O)OCCCOS(O)(=O)=O)C([*])=O |$;;;;;;;;;;;;;;;;;;_R2;$|,Backbone,1,ChEMBL,
X2874,X2874,L,CC(C)C[C@H](NC(=O)OC[C@@H](COS(O)(=O)=O)OS(O)(=O)=O)C([*])=O |$;;;;;;;;;;;;;;;;;;;;;;;_R2;$|,Backbone,1,ChEMBL,
X2875,X2875,G,Cc1ccc(cc1)S(=O)(=O)NCC([*])=O |$;;;;;;;;;;;;;_R2;$|,Backbone,1,ChEMBL,
X2876,X2876,K,[*]N[C@@H](CCCCNC(=O)NCc1ccccc1)C([*])=O |$_R1;;;;;;;;;;;;;;;;;;;_R2;$|,Backbone,2,ChEMBL,
X2877,X2877,G,"CC(=O)N(CC([*])=O)C(=O)C=Cc1ccccc1 |w:10.9,$;;;;;;_R2;;;;;;;;;;;$|",Backbone,1,ChEMBL,
X2878,X2878,Y,Cc1cc(C[C@@H](N[*])C([*])=O)cc(C)c1O |$;;;;;;;_R1;;_R2;;;;;;$|,Backbone,2,ChEMBL,
X2879,X2879,R,"FC(F)(F)CNC(=N)NCCC[C@H](N[*])C([*])=O |w:5.4,$;;;;;;;;;;;;;;_R1;;_R2;$|",Backbone,2,ChEMBL,
X288,X288,X,[*]N[C@H](Cc1c[nH]c2ccccc12)C=O |$_R1;;;;;;;;;;;;;;$|,Backbone,1,ChEMBL,
X2880,X2880,L,CC(C)C[C@H](NC(=O)NCCCO)C([*])=O |$;;;;;;;;;;;;;;_R2;$|,Backbone,1,ChEMBL,
X2881,X2881,L,CC(C)C[C@H](NC(=O)NC[C@H](O)CO)C([*])=O |$;;;;;;;;;;;;;;;_R2;$|,Backbone,1,ChEMBL,
X2882,X2882,I,CC[C@H](C)[C@H](N[*])C(=O)C[C@H](Cc1ccccc1)C(O)=O |$;;;;;;_R1;;;;;;;;;;;;;;$|,Backbone,1,ChEMBL,
X2883,X2883,X,CN(C)C(=NCCC[C@@H](N[*])C([*])=O)N(C)C |$;;;;;;;;;;_R1;;_R2;;;;$|,Backbone,2,ChEMBL,
X2884,X2884,X,CN(C)C(=NCC[C@@H](N[*])C([*])=O)N(C)C |$;;;;;;;;;_R1;;_R2;;;;$|,Backbone,2,ChEMBL,
X2885,X2885,F,Fc1ccc(C[C@H](NS(=O)(=O)c2cccs2)C([*])=O)cc1 |$;;;;;;;;;;;;;;;;;_R2;;;$|,Backbone,1,ChEMBL,
X2886,X2886,H,CC(C)(C)c1ccc(cc1)-c1ncc(C[C@H](N[*])C([*])=O)[nH]1 |$;;;;;;;;;;;;;;;;;_R1;;_R2;;$|,Backbone,2,ChEMBL,
X2887,X2887,L,CC(C)C[C@H](NC(=O)NC[C@@H](COS(O)(=O)=O)OS(O)(=O)=O)C([*])=O |$;;;;;;;;;;;;;;;;;;;;;;;_R2;$|,Backbone,1,ChEMBL,
X2888,X2888,X,"CCCC[C@H](N[*])C(=O)C=CS(=O)(=O)c1ccccc1 |w:9.8,$;;;;;;_R1;;;;;;;;;;;;;$|",Backbone,1,ChEMBL,
X2889,X2889,R,ONC(=N)NCCC[C@H](N[*])C([*])=O |$;;;;;;;;;;_R1;;_R2;$|,Backbone,2,ChEMBL,
X2890,X2890,F,FC(F)(F)C(F)(F)C(=O)[C@H](Cc1ccccc1)N[*] |$;;;;;;;;;;;;;;;;;;_R1$|,Backbone,1,ChEMBL,
X2891,X2891,K,COc1cccc(NC(=O)NCCCC[C@H](N[*])C([*])=O)c1 |$;;;;;;;;;;;;;;;;;_R1;;_R2;;$|,Backbone,2,ChEMBL,
X2892,X2892,F,"CC(=O)N([C@@H](Cc1ccccc1)C([*])=O)C(=O)C=Cc1ccccc1 |w:17.17,$;;;;;;;;;;;;;_R2;;;;;;;;;;;$|",Backbone,1,ChEMBL,
X2894,X2894,R,"[*]N[C@@H](CCCNC(=N)NCc1ccccc1)C([*])=O |w:9.9,$_R1;;;;;;;;;;;;;;;;;;_R2;$|",Backbone,2,ChEMBL,
X2895,X2895,L,CC(C)C[C@H](NC(=O)NC[C@@H](O)CO)C([*])=O |$;;;;;;;;;;;;;;;_R2;$|,Backbone,1,ChEMBL,
X2896,X2896,Q,N[C@H](CCC(=O)NC(=O)OCc1ccccc1)C([*])=O |$;;;;;;;;;;;;;;;;;;_R2;$|,Backbone,1,ChEMBL,
X2897,X2897,K,Clc1ccc(NC(=O)NCCCC[C@H](N[*])C([*])=O)cc1 |$;;;;;;;;;;;;;;;_R1;;_R2;;;$|,Backbone,2,ChEMBL,
X2898,X2898,D,NS(=O)(=O)c1ccc(NC(=S)N[C@@H](CC(O)=O)C([*])=O)cc1 |$;;;;;;;;;;;;;;;;;;_R2;;;$|,Backbone,1,ChEMBL,
X2899,X2899,F,"CC=CCC=CC(=O)N([C@@H](Cc1ccc(F)cc1)C([*])=O)C(C)=O |w:1.0,4.3,$;;;;;;;;;;;;;;;;;;;_R2;;;;$|",Backbone,1,ChEMBL,
X29,X29,K,"CC(C)N=C(NCCCC[C@H](N[*])C([*])=O)NC#N |w:3.2,$;;;;;;;;;;;;_R1;;_R2;;;;$|",Backbone,2,ChEMBL,
X290,X290,X,NCCNCCNCCC[C@H]([N-][N+]#N)C([*])=O |$;;;;;;;;;;;;;;;_R2;$|,Backbone,1,ChEMBL,
X2900,X2900,F,COC(=O)c1ccc(cc1)S(=O)(=O)N[C@@H](Cc1ccccc1)C([*])=O |$;;;;;;;;;;;;;;;;;;;;;;;_R2;$|,Backbone,1,ChEMBL,
X2901,X2901,L,CC(C)C[C@H](NC(=O)OC[C@@H](O)CO)C([*])=O |$;;;;;;;;;;;;;;;_R2;$|,Backbone,1,ChEMBL,
X2902,X2902,E,Cc1ccc(cc1)S(=O)(=O)OC(=O)CC[C@H](N)C([*])=O |$;;;;;;;;;;;;;;;;;;_R2;$|,Backbone,1,ChEMBL,
X2903,X2903,F,CC(=O)N([C@@H](Cc1ccc(F)cc1)C([*])=O)C(=O)CSc1ccccc1 |$;;;;;;;;;;;;;;_R2;;;;;;;;;;;$|,Backbone,1,ChEMBL,
X2904,X2904,K,Clc1cccc(NC(=O)NCCCC[C@H](N[*])C([*])=O)c1 |$;;;;;;;;;;;;;;;;_R1;;_R2;;$|,Backbone,2,ChEMBL,
X2905,X2905,X,"CC(=O)N([C@H](CC1CCCCC1)C([*])=O)C(=O)C=Cc1ccccc1 |w:17.17,$;;;;;;;;;;;;;_R2;;;;;;;;;;;$|",Backbone,1,ChEMBL,
X2906,X2906,S,CC(C)(C)OC(=O)N[C@@H](COS(O)(=O)=O)C([*])=O |$;;;;;;;;;;;;;;;;_R2;$|,Backbone,1,ChEMBL,
X291,X291,F,Brc1ccc(C[C@H](N[*])C([*])=O)cc1 |$;;;;;;;;_R1;;_R2;;;$|,Backbone,2,ChEMBL,
X292,X292,X,CCCC[C@@H](N[*])C=O |$;;;;;;_R1;;$|,Backbone,1,ChEMBL,
X294,X294,A,C[C@H](N[*])C(=O)OCCc1ccccc1 |$;;;_R1;;;;;;;;;;;$|,Backbone,1,ChEMBL,
X297,X297,A,C[C@H](N([*])C1CCCCC1)C([*])=O |$;;;_R1;;;;;;;;_R2;$|,Backbone,2,ChEMBL,
X298,X298,P,C[C@]1(CCCN1[*])C([*])=O |$;;;;;;_R1;;_R2;$|,Backbone,2,ChEMBL,
X299,X299,X,CC1(C)SC[C@@H](N1[*])C([*])=O |$;;;;;;;_R1;;_R2;$|,Backbone,2,ChEMBL,
X30,X30,K,"CC(C)N=C(NCCCC[C@@H](N[*])C([*])=O)NC#N |w:3.2,$;;;;;;;;;;;;_R1;;_R2;;;;$|",Backbone,2,ChEMBL,
X300,X300,G,[*]N(CC([*])=O)Cc1c[nH]c2ccccc12 |$_R1;;;;_R2;;;;;;;;;;;$|,Backbone,2,ChEMBL,
X3000,X3000,A,[*]N[C@@H](Cn1cc(Cc2ccccc2)nn1)C([*])=O |$_R1;;;;;;;;;;;;;;;;;_R2;$|,Backbone,2,ChEMBL,
X3001,X3001,A,"CN1[C@H](C=CC[C@H](N[*])C1=O)C1CCCCC1 |$;;;;;;;;_R1;;;;;;;;$,c:3|",Backbone,1,ChEMBL,
X3002,X3002,F,Fc1cc(C[C@@H](N[*])C([*])=O)cc(F)c1F |$;;;;;;;_R1;;_R2;;;;;;$|,Backbone,2,ChEMBL,
X3003,X3003,P,[*]N1C[C@@H](C[C@@H]1C([*])=O)n1cc(CCc2ccccc2)nn1 |$_R1;;;;;;;_R2;;;;;;;;;;;;;;$|,Backbone,2,ChEMBL,
X3004,X3004,A,NC(=O)NCC(=O)C[C@H](N[*])C([*])=O |$;;;;;;;;;;_R1;;_R2;$|,Backbone,2,ChEMBL,
X3005,X3005,A,C[Si](C)(C)C[C@H](N[*])C([*])=O |$;;;;;;;_R1;;_R2;$|,Backbone,2,ChEMBL,
X3006,X3006,A,[*]N[C@@H](Cn1cc(CCc2ccccc2)nn1)C([*])=O |$_R1;;;;;;;;;;;;;;;;;;_R2;$|,Backbone,2,ChEMBL,
X3007,X3007,P,Clc1ccccc1C[C@@H]1C[C@H](N([*])C1)C([*])=O |$;;;;;;;;;;;;_R1;;;_R2;$|,Backbone,2,ChEMBL,
X3008,X3008,G,CC(=O)c1nn(CC([*])=O)c2ncccc12 |$;;;;;;;;_R2;;;;;;;$|,Backbone,1,ChEMBL,
X3009,X3009,P,[*]N1[C@@H]2C[C@@H]2C[C@H]1C([*])=O |$_R1;;;;;;;;_R2;$|,Backbone,2,ChEMBL,
X3011,X3011,F,FC(F)(F)c1ccccc1C[C@@H](N[*])C([*])=O |$;;;;;;;;;;;;;_R1;;_R2;$|,Backbone,2,ChEMBL,
X3012,X3012,G,[*]NCC(=O)Oc1ccc(cc1)N(=O)=O |$_R1;;;;;;;;;;;;;;$|,Backbone,1,ChEMBL,
X3013,X3013,F,FC(F)(F)c1cccc(C[C@@H](N[*])C([*])=O)c1 |$;;;;;;;;;;;;_R1;;_R2;;$|,Backbone,2,ChEMBL,
X3014,X3014,K,[*]N[C@@H](CCCCNC(=S)Nc1ccccc1)C([*])=O |$_R1;;;;;;;;;;;;;;;;;;_R2;$|,Backbone,2,ChEMBL,
X3015,X3015,Q,CCCCCCCCCCCCCCCC(=O)NC(=O)CC[C@H](N)C([*])=O |$;;;;;;;;;;;;;;;;;;;;;;;;;_R2;$|,Backbone,1,ChEMBL,
X3016,X3016,A,C[Si]1(C)C[C@H](N([*])C1)C([*])=O |$;;;;;;_R1;;;_R2;$|,Backbone,2,ChEMBL,
X3017,X3017,K,CCCCCCCCCCCCCCCC(=O)[C@H](CCCCN)N[*] |$;;;;;;;;;;;;;;;;;;;;;;;;_R1$|,Backbone,1,ChEMBL,
X3018,X3018,F,Fc1ccc(C[C@H](N[*])C([*])=O)c(F)c1 |$;;;;;;;;_R1;;_R2;;;;$|,Backbone,2,ChEMBL,
X3019,X3019,P,"CC(C)=CCCC(C)=CCCC(C)=CC[C@]12C[C@H](N([*])[C@@H]1Nc1ccccc21)C([*])=O |w:8.8,13.13,$;;;;;;;;;;;;;;;;;;;_R1;;;;;;;;;;_R2;$|",Backbone,2,ChEMBL,
X302,X302,Y,Cc1cc(O)ccc1C[C@@H](N[*])C([*])=O |$;;;;;;;;;;;_R1;;_R2;$|,Backbone,2,ChEMBL,
X3020,X3020,P,Clc1ccc(C[C@@H]2C[C@H](N([*])C2)C([*])=O)cc1 |$;;;;;;;;;;_R1;;;_R2;;;$|,Backbone,2,ChEMBL,
X3021,X3021,F,Clc1ccc(C[C@@H](N[*])C([*])=O)c(Cl)c1 |$;;;;;;;;_R1;;_R2;;;;$|,Backbone,2,ChEMBL,
X3022,X3022,F,Fc1ccc(C[C@H](N[*])C(=O)OCc2cc(cc(c2)C(F)(F)F)C(F)(F)F)cc1 |$;;;;;;;;_R1;;;;;;;;;;;;;;;;;;;;$|,Backbone,1,ChEMBL,
X3023,X3023,P,Clc1cccc(C[C@@H]2C[C@H](N([*])C2)C([*])=O)c1 |$;;;;;;;;;;;_R1;;;_R2;;$|,Backbone,2,ChEMBL,
X3024,X3024,K,CNC(=S)NCCCC[C@H](N[*])C([*])=O |$;;;;;;;;;;;_R1;;_R2;$|,Backbone,2,ChEMBL,
X3025,X3025,G,CN([*])[C@H](OCCN1CCOCC1)C([*])=O |$;;_R1;;;;;;;;;;;;_R2;$|,Backbone,2,ChEMBL,
X3026,X3026,L,CCOC(=O)[C@H](CC1CCCCC1)N[*] |$;;;;;;;;;;;;;;_R1$|,Backbone,1,ChEMBL,
X3027,X3027,T,C[C@@H](O)[C@H](NC(O)=O)C([*])=O |$;;;;;;;;;_R2;$|,Backbone,1,ChEMBL,
X3028,X3028,K,CCNC(=S)NCCCC[C@H](N[*])C([*])=O |$;;;;;;;;;;;;_R1;;_R2;$|,Backbone,2,ChEMBL,
X3029,X3029,K,OC(=O)CCNC(=S)NCCCC[C@H](N[*])C([*])=O |$;;;;;;;;;;;;;;;_R1;;_R2;$|,Backbone,2,ChEMBL,
X303,X303,Y,Cc1c(O)ccc(C[C@@H](N[*])C([*])=O)c1C |$;;;;;;;;;;_R1;;_R2;;;$|,Backbone,2,ChEMBL,
X3030,X3030,K,OC(=O)CCCNC(=S)NCCCC[C@H](N[*])C([*])=O |$;;;;;;;;;;;;;;;;_R1;;_R2;$|,Backbone,2,ChEMBL,
X3031,X3031,A,[*]N[C@@H](Cn1cc(CCCCc2ccccc2)nn1)C([*])=O |$_R1;;;;;;;;;;;;;;;;;;;;_R2;$|,Backbone,2,ChEMBL,
X3032,X3032,D,CC(C)(C)OC(=O)C[C@H](NC(=O)OCc1ccccc1)C([*])=O |$;;;;;;;;;;;;;;;;;;;;;_R2;$|,Backbone,1,ChEMBL,
X3033,X3033,K,OC(=O)CNC(=S)NCCCC[C@H](N[*])C([*])=O |$;;;;;;;;;;;;;;_R1;;_R2;$|,Backbone,2,ChEMBL,
X3034,X3034,A,NCC[C@@H](NC(=O)OCC1c2ccccc2-c2ccccc12)C([*])=O |$;;;;;;;;;;;;;;;;;;;;;;;_R2;$|,Backbone,1,ChEMBL,
X3035,X3035,K,CC(C)NC(=S)NCCCC[C@H](N[*])C([*])=O |$;;;;;;;;;;;;;_R1;;_R2;$|,Backbone,2,ChEMBL,
X3036,X3036,A,[*]N[C@@H](Cn1cc(CCCc2ccccc2)nn1)C([*])=O |$_R1;;;;;;;;;;;;;;;;;;;_R2;$|,Backbone,2,ChEMBL,
X3037,X3037,V,CC(C)[C@H](NC(O)=O)C([*])=O |$;;;;;;;;;_R2;$|,Backbone,1,ChEMBL,
X304,X304,Y,Cc1cc(C[C@H](N[*])C([*])=O)c(C)cc1O |$;;;;;;;_R1;;_R2;;;;;;$|,Backbone,2,ChEMBL,
X305,X305,V,FC(F)(F)C([C@@H](N[*])C([*])=O)C(F)(F)F |$;;;;;;;_R1;;_R2;;;;;$|,Backbone,2,ChEMBL,
X307,X307,M,CCCCNC(=O)N[C@@H](CCSC)C([*])=O |$;;;;;;;;;;;;;;_R2;$|,Backbone,1,ChEMBL,
X309,X309,F,Fc1c(F)c(F)c(C[C@@H](N[*])C([*])=O)c(F)c1F |$;;;;;;;;;;_R1;;_R2;;;;;$|,Backbone,2,ChEMBL,
X31,X31,X,CC[C@@H]1C[C@]1(N[*])C(O)=O |$;;;;;;_R1;;;$|,Backbone,1,ChEMBL,
X310,X310,X,[*]N[C@@H](Cc1nc2ccccc2o1)C([*])=O |$_R1;;;;;;;;;;;;;;_R2;$|,Backbone,2,ChEMBL,
X311,X311,F,N[C@H](C([*])=O)C(c1ccccc1)(c1ccccc1)c1ccccc1 |$;;;_R2;;;;;;;;;;;;;;;;;;;;$|,Backbone,1,ChEMBL,
X312,X312,F,Sc1ccc(C[C@H](N[*])C([*])=O)cc1 |$;;;;;;;;_R1;;_R2;;;$|,Backbone,2,ChEMBL,
X314,X314,K,"CCCCSNC(NC#N)=NCCCC[C@@H](N[*])C([*])=O |w:10.10,$;;;;;;;;;;;;;;;;;_R1;;_R2;$|",Backbone,2,ChEMBL,
X315,X315,K,"CCCCSNC(NC#N)=NCCCC[C@H](N[*])C([*])=O |w:10.10,$;;;;;;;;;;;;;;;;;_R1;;_R2;$|",Backbone,2,ChEMBL,
X316,X316,X,Oc1ccc2C[C@](CCc2c1)(N[*])C([*])=O |$;;;;;;;;;;;;_R1;;_R2;$|,Backbone,2,ChEMBL,
X317,X317,R,Cn1ccnc1C(=O)[C@H](CCCNC(N)=N)N[*] |$;;;;;;;;;;;;;;;;;_R1$|,Backbone,1,ChEMBL,
X318,X318,X,CC(C)(C)CCCC[C@H](N[*])C([*])=O |$;;;;;;;;;;_R1;;_R2;$|,Backbone,2,ChEMBL,
X319,X319,P,[*]N1C[C@H](C[C@H]1C([*])=O)OCc1ccccc1 |$_R1;;;;;;;_R2;;;;;;;;;$|,Backbone,2,ChEMBL,
X32,X32,X,"[*]N[C@@H](C=Cc1ccccc1)C([*])=O |w:4.4,$_R1;;;;;;;;;;;;_R2;$|",Backbone,2,ChEMBL,
X320,X320,X,[*]NC1(CCNCC1)C([*])=O |$_R1;;;;;;;;;_R2;$|,Backbone,2,ChEMBL,
X321,X321,M,CSCC[C@H](N[*])C=O |$;;;;;;_R1;;$|,Backbone,1,ChEMBL,
X322,X322,P,"COC1=CC(=O)N([C@@H]1Cc1ccccc1)C(=O)[C@@H](OC(=O)[C@@H]1CCCN1[*])C(C)C |$;;;;;;;;;;;;;;;;;;;;;;;;;;_R1;;;$,t:2|",Backbone,1,ChEMBL,
X323,X323,P,Cc1ccc(CO[C@@H]2C[C@H](N([*])C2)C([*])=O)cc1 |$;;;;;;;;;;;_R1;;;_R2;;;$|,Backbone,2,ChEMBL,
X324,X324,H,CCCCN[C@@H](Cc1cnc[nH]1)C([*])=O |$;;;;;;;;;;;;;_R2;$|,Backbone,1,ChEMBL,
X325,X325,X,CC(C)(C)OC(=O)N[C@@H](C([*])=O)c1ccc(O)cc1 |$;;;;;;;;;;_R2;;;;;;;;$|,Backbone,1,ChEMBL,
X326,X326,I,CC[C@H](C)[C@H](NC[C@@H](N)Cc1ccc(O)cc1)C([*])=O |$;;;;;;;;;;;;;;;;;;_R2;$|,Backbone,1,ChEMBL,
X327,X327,P,[*]N1C[C@@H](C[C@H]1C([*])=O)OCc1ccccc1 |$_R1;;;;;;;_R2;;;;;;;;;$|,Backbone,2,ChEMBL,
X328,X328,Y,C[C@@H]([C@H](N)C([*])=O)c1c(C)cc(O)cc1C |$;;;;;_R2;;;;;;;;;;$|,Backbone,1,ChEMBL,
X329,X329,X,CCOC(=O)[C@@H](CCc1ccccc1)N[*] |$;;;;;;;;;;;;;;;_R1$|,Backbone,1,ChEMBL,
X331,X331,X,OC(=O)C(=O)[C@H](CC(F)F)N[*] |$;;;;;;;;;;;_R1$|,Backbone,1,ChEMBL,
X333,X333,D,OC(=O)C[C@H](N[*])C(=O)CCCc1ccccc1 |$;;;;;;_R1;;;;;;;;;;;$|,Backbone,1,ChEMBL,
X334,X334,F,Oc1cccc(C[C@H](N[*])C([*])=O)c1 |$;;;;;;;;;_R1;;_R2;;$|,Backbone,2,ChEMBL,
X338,X338,F,CONC(=O)Nc1ccc(C[C@@H](N[*])C([*])=O)cc1 |$;;;;;;;;;;;;;_R1;;_R2;;;$|,Backbone,2,ChEMBL,
X339,X339,F,CONC(=O)Nc1ccc(C[C@H](N[*])C([*])=O)cc1 |$;;;;;;;;;;;;;_R1;;_R2;;;$|,Backbone,2,ChEMBL,
X340,X340,X,CONC(=O)NCC[C@@H](N[*])C([*])=O |$;;;;;;;;;;_R1;;_R2;$|,Backbone,2,ChEMBL,
X341,X341,F,[*]N[C@@H](Cc1cccc(c1)C#N)C([*])=O |$_R1;;;;;;;;;;;;;_R2;$|,Backbone,2,ChEMBL,
X342,X342,H,[*]N[C@@H](Cc1cn(Cc2ccccc2)cn1)C([*])=O |$_R1;;;;;;;;;;;;;;;;;_R2;$|,Backbone,2,ChEMBL,
X343,X343,F,Cc1ccccc1C[C@H](N[*])C([*])=O |$;;;;;;;;;;_R1;;_R2;$|,Backbone,2,ChEMBL,
X344,X344,H,[*]N[C@@H](Cc1cn(CC=C)cn1)C([*])=O |$_R1;;;;;;;;;;;;;_R2;$|,Backbone,2,ChEMBL,
X345,X345,X,[*]N[C@@H](C1Cc2ccccc2C1)C([*])=O |$_R1;;;;;;;;;;;;;_R2;$|,Backbone,2,ChEMBL,
X346,X346,P,O[C@H]1CCN([*])[C@@H]1C([*])=O |$;;;;;_R1;;;_R2;$|,Backbone,2,ChEMBL,
X347,X347,Y,Oc1ccc(C[C@H](N[*])C([*])=O)cc1N(=O)=O |$;;;;;;;;_R1;;_R2;;;;;;$|,Backbone,2,ChEMBL,
X348,X348,K,CCCCNC(=N)NCCCC[C@H](N[*])C([*])=O |$;;;;;;;;;;;;;;_R1;;_R2;$|,Backbone,2,ChEMBL,
X35,X35,G,[*]N(CCC=C)CC([*])=O |$_R1;;;;;;;;_R2;$|,Backbone,2,ChEMBL,
X351,X351,F,COc1ccc(c(C)c1)-c1ccc(C[C@H](N[*])C([*])=O)cc1 |$;;;;;;;;;;;;;;;;_R1;;_R2;;;$|,Backbone,2,ChEMBL,
X352,X352,F,CCc1ccccc1-c1ccc(C[C@H](N[*])C([*])=O)cc1 |$;;;;;;;;;;;;;;;_R1;;_R2;;;$|,Backbone,2,ChEMBL,
X354,X354,X,"Cn1cc(C2=N[C@](C)(CO2)C([*])=O)c2c(O)cc(Cl)cc12 |$;;;;;;;;;;;_R2;;;;;;;;;$,t:4|",Backbone,1,ChEMBL,
X356,X356,X,CNCCC[C@H](N[*])C([*])=O |$;;;;;;;_R1;;_R2;$|,Backbone,2,ChEMBL,
X357,X357,V,CC(C)[C@H](NCc1ccccc1O)C([*])=O |$;;;;;;;;;;;;;;_R2;$|,Backbone,1,ChEMBL,
X359,X359,V,CC(C)[C@H](NCc1ccc(O)cc1)C([*])=O |$;;;;;;;;;;;;;;_R2;$|,Backbone,1,ChEMBL,
X36,X36,G,[*]N(CCCC=C)CC([*])=O |$_R1;;;;;;;;;_R2;$|,Backbone,2,ChEMBL,
X364,X364,X,[*]N[C@@H](Cc1nc2CCCCc2[nH]1)C([*])=O |$_R1;;;;;;;;;;;;;;_R2;$|,Backbone,2,ChEMBL,
X369,X369,F,CC(=O)O[C@H]([C@@H](N[*])C(O)=O)c1ccccc1 |$;;;;;;;_R1;;;;;;;;;$|,Backbone,1,ChEMBL,
X37,X37,K,NC(=N)NCCCC[C@H](N[*])C([*])=O |$;;;;;;;;;;_R1;;_R2;$|,Backbone,2,ChEMBL,
X370,X370,X,CCC[C@H](N[*])C=O |$;;;;;_R1;;$|,Backbone,1,ChEMBL,
X371,X371,F,CCN(CC)[C@@H](Cc1ccc2ccccc2c1)C([*])=O |$;;;;;;;;;;;;;;;;;;_R2;$|,Backbone,1,ChEMBL,
X373,X373,C,[*]N[C@H](CSCc1ccccc1)C([*])=O |$_R1;;;;;;;;;;;;;_R2;$|,Backbone,2,ChEMBL,
X374,X374,F,[*]N[C@@H](Cc1ccc(cc1)C(=O)c1ccccc1)C([*])=O |$_R1;;;;;;;;;;;;;;;;;;;_R2;$|,Backbone,2,ChEMBL,
X375,X375,F,CCc1cccc(C)c1C[C@H](N[*])C([*])=O |$;;;;;;;;;;;;_R1;;_R2;$|,Backbone,2,ChEMBL,
X377,X377,K,"[*]N[C@H](CCCCNC1=NCCCN1)C([*])=O |$_R1;;;;;;;;;;;;;;;_R2;$,t:8|",Backbone,2,ChEMBL,
X378,X378,F,OC(=O)C(C(O)=O)c1ccc(C[C@H](N[*])C([*])=O)cc1 |$;;;;;;;;;;;;;;_R1;;_R2;;;$|,Backbone,2,ChEMBL,
X380,X380,A,C[C@H](NS(=O)(=O)c1ccc(N(C)C)c2ccccc12)C([*])=O |$;;;;;;;;;;;;;;;;;;;;_R2;$|,Backbone,1,ChEMBL,
X382,X382,R,C[C@](N)(CCCNC(N)=N)C([*])=O |$;;;;;;;;;;;_R2;$|,Backbone,1,ChEMBL,
X384,X384,F,Cc1c(C)c(C)c(C[C@H](N[*])C([*])=O)c(C)c1C |$;;;;;;;;;;_R1;;_R2;;;;;$|,Backbone,2,ChEMBL,
X387,X387,F,C[C@@H]([C@H](N[*])C([*])=O)c1ccccc1 |$;;;;_R1;;_R2;;;;;;;$|,Backbone,2,ChEMBL,
X389,X389,S,OC[C@H](NC(=O)NC1CCCCC1)C([*])=O |$;;;;;;;;;;;;;;_R2;$|,Backbone,1,ChEMBL,
X39,X39,L,CC(C)C[C@H](N[*])C=O |$;;;;;;_R1;;$|,Backbone,1,ChEMBL,
X390,X390,Y,Oc1ccc(C[C@H](N[*])C([*])=O)cc1[N-][N+]#N |$;;;;;;;;_R1;;_R2;;;;;;$|,Backbone,2,ChEMBL,
X391,X391,S,OS(=O)(=O)OC[C@H](N[*])C([*])=O |$;;;;;;;;_R1;;_R2;$|,Backbone,2,ChEMBL,
X392,X392,R,NC(=N)NCCC[C@H](N[*])C(=O)c1nccs1 |$;;;;;;;;;_R1;;;;;;;$|,Backbone,1,ChEMBL,
X395,X395,G,CC(C)N([*])CC([*])=O |$;;;;_R1;;;_R2;$|,Backbone,2,ChEMBL,
X396,X396,X,[*]N1CCc2ccccc2[C@H]1C([*])=O |$_R1;;;;;;;;;;;;_R2;$|,Backbone,2,ChEMBL,
X398,X398,Y,NC(=N)N[C@@H](Cc1ccc(O)cc1)C([*])=O |$;;;;;;;;;;;;;;_R2;$|,Backbone,1,ChEMBL,
X399,X399,Y,C[C@H]([C@H](N)C([*])=O)c1c(C)cc(O)cc1C |$;;;;;_R2;;;;;;;;;;$|,Backbone,1,ChEMBL,
X400,X400,X,FC(F)(F)CC[C@H](N[*])C([*])=O |$;;;;;;;;_R1;;_R2;$|,Backbone,2,ChEMBL,
X402,X402,X,[*]N[C@@H](Cc1nc2ccccc2s1)C([*])=O |$_R1;;;;;;;;;;;;;;_R2;$|,Backbone,2,ChEMBL,
X403,X403,Y,Oc1ccc(C[C@H](N[*])C([*])=O)cc1I |$;;;;;;;;_R1;;_R2;;;;$|,Backbone,2,ChEMBL,
X404,X404,Y,CCCCCCCCCCCCCCCC(=O)Oc1ccc(C[C@H](N[*])C([*])=O)cc1 |$;;;;;;;;;;;;;;;;;;;;;;;;;_R1;;_R2;;;$|,Backbone,2,ChEMBL,
X405,X405,G,[*]N(CC([*])=O)C1CC1 |$_R1;;;;_R2;;;;$|,Backbone,2,ChEMBL,
X406,X406,K,NCCCC[C@H](N[*])C(=O)c1nccs1 |$;;;;;;;_R1;;;;;;;$|,Backbone,1,ChEMBL,
X407,X407,X,COCC[C@H](N[*])C([*])=O |$;;;;;;_R1;;_R2;$|,Backbone,2,ChEMBL,
X408,X408,R,C[C@@](CCCNC(N)=N)(N[*])C=O |$;;;;;;;;;;_R1;;$|,Backbone,1,ChEMBL,
X409,X409,X,[*]NC1(CCC1)C([*])=O |$_R1;;;;;;;_R2;$|,Backbone,2,ChEMBL,
X410,X410,Y,Cc1cc(O)cc(C)c1C[C@H](NCC=C)C([*])=O |$;;;;;;;;;;;;;;;;_R2;$|,Backbone,1,ChEMBL,
X411,X411,Y,Oc1ccc(C[C@H](NCC2CC2)C([*])=O)cc1 |$;;;;;;;;;;;;;_R2;;;$|,Backbone,1,ChEMBL,
X412,X412,F,N[C@H]([C@@H](O)c1ccc(cc1)N(=O)=O)C([*])=O |$;;;;;;;;;;;;;;_R2;$|,Backbone,1,ChEMBL,
X413,X413,X,CN(C)c1ccc2C(=O)N(C[C@H](N)C([*])=O)C(=O)c2c1 |$;;;;;;;;;;;;;;_R2;;;;;$|,Backbone,1,ChEMBL,
X414,X414,G,[*]N(CC([*])=O)c1ccccc1 |$_R1;;;;_R2;;;;;;;$|,Backbone,2,ChEMBL,
X417,X417,F,Ic1ccc(C[C@H](N[*])C([*])=O)cc1 |$;;;;;;;;_R1;;_R2;;;$|,Backbone,2,ChEMBL,
X418,X418,X,CCC[C@@H]1C[C@]1(N[*])C(O)=O |$;;;;;;;_R1;;;$|,Backbone,1,ChEMBL,
X419,X419,K,CS(=O)(=O)NCCCC[C@H](N[*])C([*])=O |$;;;;;;;;;;;_R1;;_R2;$|,Backbone,2,ChEMBL,
X42,X42,R,NC(=N)NCCC[C@H]([N-][N+]#N)C([*])=O |$;;;;;;;;;;;;_R2;$|,Backbone,1,ChEMBL,
X420,X420,K,"CCCCN=C(NCCCC[C@@H](N[*])C([*])=O)NC#N |w:4.3,$;;;;;;;;;;;;;_R1;;_R2;;;;$|",Backbone,2,ChEMBL,
X422,X422,X,[*]N[C@@H](CCCCC=C)C([*])=O |$_R1;;;;;;;;;;_R2;$|,Backbone,2,ChEMBL,
X424,X424,X,Nc1ccc2c(Cn3cc(C[C@H](N[*])C([*])=O)nn3)cc(=O)oc2c1 |$;;;;;;;;;;;;;_R1;;_R2;;;;;;;;;$|,Backbone,2,ChEMBL,
X425,X425,X,NC(=N)NC[C@H](N[*])C([*])=O |$;;;;;;;_R1;;_R2;$|,Backbone,2,ChEMBL,
X427,X427,E,OC(=O)CC[C@H](NCCC1CCCCC1)C([*])=O |$;;;;;;;;;;;;;;;;_R2;$|,Backbone,1,ChEMBL,
X428,X428,X,C[C@H](NCCc1ccc(Cl)c(Cl)c1)C([*])=O |$;;;;;;;;;;;;;;_R2;$|,Backbone,1,ChEMBL,
X429,X429,E,OC(=O)CC[C@H](NCCc1ccc(F)c(F)c1F)C([*])=O |$;;;;;;;;;;;;;;;;;;;_R2;$|,Backbone,1,ChEMBL,
X43,X43,P,[*]N1C[C@@H](C[C@H]1C([*])=O)Oc1cccc(c1)-c1ccccc1 |$_R1;;;;;;;_R2;;;;;;;;;;;;;;$|,Backbone,2,ChEMBL,
X431,X431,X,"[*]N[C@@H](CC1=CCC(=O)CC1)C([*])=O |$_R1;;;;;;;;;;;;_R2;$,t:4|",Backbone,2,ChEMBL,
X432,X432,F,CC(C)(C)OC(=O)N[C@@H](Cc1ccc(CS(O)(=O)=O)cc1)C([*])=O |$;;;;;;;;;;;;;;;;;;;;;;_R2;$|,Backbone,1,ChEMBL,
X434,X434,I,CC[C@@H](C)[C@H](N[*])C=O |$;;;;;;_R1;;$|,Backbone,1,ChEMBL,
X435,X435,F,COC(=O)[C@H](Cc1ccc(cc1)C#Cc1ccccc1)N[*] |$;;;;;;;;;;;;;;;;;;;;;_R1$|,Backbone,1,ChEMBL,
X436,X436,I,CC[C@@H](C)[C@H](NC(N)=N)C([*])=O |$;;;;;;;;;;_R2;$|,Backbone,1,ChEMBL,
X438,X438,G,[*]C(=O)CNCC#C |$_R2;;;;;;;$|,Backbone,1,ChEMBL,
X44,X44,F,C[C@@]1(CO1)C(=O)[C@H](Cc1ccccc1)N[*] |$;;;;;;;;;;;;;;;_R1$|,Backbone,1,ChEMBL,
X440,X440,G,[*]N(CC([*])=O)Cc1ccco1 |$_R1;;;;_R2;;;;;;;$|,Backbone,2,ChEMBL,
X441,X441,X,ClN([*])[C@H](C([*])=O)c1ccccc1 |$;;_R1;;;_R2;;;;;;;$|,Backbone,2,ChEMBL,
X442,X442,X,CCOC(=O)C1(CCCC1)N[*] |$;;;;;;;;;;;_R1$|,Backbone,1,ChEMBL,
X444,X444,G,NCCN([*])CC([*])=O |$;;;;_R1;;;_R2;$|,Backbone,2,ChEMBL,
X445,X445,X,CCCCC[C@H](N[*])C([*])=O |$;;;;;;;_R1;;_R2;$|,Backbone,2,ChEMBL,
X446,X446,X,N[C@H]1C[C@@H]1CC[C@H](N[*])C([*])=O |$;;;;;;;;_R1;;_R2;$|,Backbone,2,ChEMBL,
X448,X448,H,[*]N[C@@H](Cc1cnc[nH]1)C=O |$_R1;;;;;;;;;;$|,Backbone,1,ChEMBL,
X449,X449,P,"[*]N1C[C@@H](C[C@H]1C([*])=O)ON=Cc1ccc(o1)-c1nc2ccccc2s1 |w:10.10,$_R1;;;;;;;_R2;;;;;;;;;;;;;;;;;;$|",Backbone,2,ChEMBL,
X450,X450,X,C[C@@](CCCC=C)(N[*])C([*])=O |$;;;;;;;;_R1;;_R2;$|,Backbone,2,ChEMBL,
X451,X451,T,C[C@@H](OS(O)(=O)=O)[C@H](N[*])C([*])=O |$;;;;;;;;;_R1;;_R2;$|,Backbone,2,ChEMBL,
X453,X453,P,OS(=O)(=O)O[C@@H]1C[C@H](N([*])C1)C([*])=O |$;;;;;;;;;_R1;;;_R2;$|,Backbone,2,ChEMBL,
X454,X454,L,CCOC(=O)[C@H](CC(C)C)N[*] |$;;;;;;;;;;;_R1$|,Backbone,1,ChEMBL,
X455,X455,F,Cc1cccc(NC(=O)N[C@@H](Cc2ccccc2)C([*])=O)c1 |$;;;;;;;;;;;;;;;;;;;_R2;;$|,Backbone,1,ChEMBL,
X456,X456,M,CSCC[C@H](NC(N)=O)C([*])=O |$;;;;;;;;;;_R2;$|,Backbone,1,ChEMBL,
X457,X457,S,COC(=O)[C@H](COC(=O)c1ccc(OC)cc1)N[*] |$;;;;;;;;;;;;;;;;;;_R1$|,Backbone,1,ChEMBL,
X458,X458,P,CCS[C@H]1CCN([*])[C@H]1C([*])=O |$;;;;;;;_R1;;;_R2;$|,Backbone,2,ChEMBL,
X459,X459,P,CCCS[C@H]1CCN([*])[C@@H]1C([*])=O |$;;;;;;;;_R1;;;_R2;$|,Backbone,2,ChEMBL,
X46,X46,F,[*]N[C@@H](Cc1ccc(cc1)C#N)C([*])=O |$_R1;;;;;;;;;;;;;_R2;$|,Backbone,2,ChEMBL,
X460,X460,P,CS[C@H]1CCN([*])[C@H]1C([*])=O |$;;;;;;_R1;;;_R2;$|,Backbone,2,ChEMBL,
X461,X461,X,CN1[C@@H](CC(=O)NC1=O)C([*])=O |$;;;;;;;;;;_R2;$|,Backbone,1,ChEMBL,
X462,X462,X,C[C@H]1C[C@@]1(N[*])C(O)=O |$;;;;;_R1;;;$|,Backbone,1,ChEMBL,
X463,X463,Y,CCOC(=O)N[C@H](Cc1ccc(OCC)cc1)C([*])=O |$;;;;;;;;;;;;;;;;;;_R2;$|,Backbone,1,ChEMBL,
X464,X464,V,CC(C)[C@@H](NC[C@H](N)CS)C([*])=O |$;;;;;;;;;;;_R2;$|,Backbone,1,ChEMBL,
X465,X465,X,"[*]N1CC=CC[C@H]1C([*])=O |$_R1;;;;;;;;_R2;$,c:3|",Backbone,2,ChEMBL,
X466,X466,F,Cc1ccc(cc1)S(=O)(=O)N[C@@H](Cc1ccccc1)C([*])=O |$;;;;;;;;;;;;;;;;;;;;_R2;$|,Backbone,1,ChEMBL,
X467,X467,X,CCOC(=O)N[C@H](Cc1csc2ccccc12)C([*])=O |$;;;;;;;;;;;;;;;;;;_R2;$|,Backbone,1,ChEMBL,
X468,X468,F,CS(=O)(=O)N[C@@H](C(c1ccccc1)c1ccccc1)C([*])=O |$;;;;;;;;;;;;;;;;;;;;_R2;$|,Backbone,1,ChEMBL,
X469,X469,V,CC(C)[C@H](NCCc1cnc[nH]1)C([*])=O |$;;;;;;;;;;;;;_R2;$|,Backbone,1,ChEMBL,
X47,X47,S,NCCCCCCC(=O)OC[C@H](N[*])C([*])=O |$;;;;;;;;;;;;;_R1;;_R2;$|,Backbone,2,ChEMBL,
X470,X470,S,OC[C@H](NC(=O)Nc1ccccc1)C([*])=O |$;;;;;;;;;;;;;;_R2;$|,Backbone,1,ChEMBL,
X473,X473,X,[*]NC1(CCCCCCCC1)C([*])=O |$_R1;;;;;;;;;;;;_R2;$|,Backbone,2,ChEMBL,
X474,X474,X,OC(=O)C(=O)[C@@H](CC(F)F)N[*] |$;;;;;;;;;;;_R1$|,Backbone,1,ChEMBL,
X477,X477,K,NCCCC[C@H](N[*])C(=O)C=O |$;;;;;;;_R1;;;;$|,Backbone,1,ChEMBL,
X478,X478,P,[*]N1C[C@@H](C[C@H]1C([*])=O)Oc1ccccc1 |$_R1;;;;;;;_R2;;;;;;;;$|,Backbone,2,ChEMBL,
X479,X479,K,NCCCC[C@H]([N-][N+]#N)C([*])=O |$;;;;;;;;;;_R2;$|,Backbone,1,ChEMBL,
X48,X48,Y,CC(C)(C)OC(=O)N[C@H](Cc1ccc(OS(O)(=O)=O)cc1)C([*])=O |$;;;;;;;;;;;;;;;;;;;;;;_R2;$|,Backbone,1,ChEMBL,
X480,X480,X,NCCCCC[C@H](N[*])C([*])=O |$;;;;;;;;_R1;;_R2;$|,Backbone,2,ChEMBL,
X484,X484,A,CCCCOC(=O)[C@H](C)N[*] |$;;;;;;;;;;_R1$|,Backbone,1,ChEMBL,
X485,X485,X,CCOC(=O)[C@H](CCCc1ccccc1)N[*] |$;;;;;;;;;;;;;;;;_R1$|,Backbone,1,ChEMBL,
X487,X487,X,[*]N[C@@H](Cc1ccco1)C([*])=O |$_R1;;;;;;;;;;_R2;$|,Backbone,2,ChEMBL,
X489,X489,Y,Cc1c(O)ccc(C[C@H](N[*])C([*])=O)c1C |$;;;;;;;;;;_R1;;_R2;;;$|,Backbone,2,ChEMBL,
X49,X49,L,FC(F)(F)C(C[C@H](N[*])C([*])=O)C(F)(F)F |$;;;;;;;;_R1;;_R2;;;;;$|,Backbone,2,ChEMBL,
X490,X490,X,[*]N1C2CCC1(CC2)C([*])=O |$_R1;;;;;;;;;_R2;$|,Backbone,2,ChEMBL,
X491,X491,T,C[C@H](OP(O)(O)=O)[C@H](N[*])C([*])=O |$;;;;;;;;;_R1;;_R2;$|,Backbone,2,ChEMBL,
X494,X494,S,OC[C@H](NC(=O)N1CCOCC1)C([*])=O |$;;;;;;;;;;;;;_R2;$|,Backbone,1,ChEMBL,
X495,X495,F,OC(=O)c1ccc(C[C@H](N[*])C([*])=O)cc1 |$;;;;;;;;;;_R1;;_R2;;;$|,Backbone,2,ChEMBL,
X496,X496,Y,Oc1c(cc(C[C@H](N[*])C([*])=O)cc1N(=O)=O)N(=O)=O |$;;;;;;;;_R1;;_R2;;;;;;;;;$|,Backbone,2,ChEMBL,
X497,X497,P,[*]N1C[C@@H](C[C@H]1C([*])=O)[N-][N+]#N |$_R1;;;;;;;_R2;;;;$|,Backbone,2,ChEMBL,
X5,X5,K,"CN=C(NCCCC[C@@H](N[*])C([*])=O)NC#N |w:1.0,$;;;;;;;;;;_R1;;_R2;;;;$|",Backbone,2,ChEMBL,
X50,X50,P,Nc1ccc(cc1)-c1cn(nn1)[C@H]1C[C@H](N([*])C1)C([*])=O |$;;;;;;;;;;;;;;;;_R1;;;_R2;$|,Backbone,2,ChEMBL,
X500,X500,K,NCCCCCCN[C@@H](CCCCN)C([*])=O |$;;;;;;;;;;;;;;;_R2;$|,Backbone,1,ChEMBL,
X501,X501,F,CNC(=O)Nc1ccc(C[C@@H](N[*])C([*])=O)cc1 |$;;;;;;;;;;;;_R1;;_R2;;;$|,Backbone,2,ChEMBL,
X502,X502,F,CNC(=O)Nc1ccc(C[C@H](N[*])C([*])=O)cc1 |$;;;;;;;;;;;;_R1;;_R2;;;$|,Backbone,2,ChEMBL,
X503,X503,X,CSCCC[C@H](N[*])C([*])=O |$;;;;;;;_R1;;_R2;$|,Backbone,2,ChEMBL,
X504,X504,K,"[*]N[C@@H](CCCCNC1=NCCCN1)C([*])=O |$_R1;;;;;;;;;;;;;;;_R2;$,t:8|",Backbone,2,ChEMBL,
X505,X505,F,CCNC(=O)Nc1ccc(C[C@@H](N[*])C([*])=O)cc1 |$;;;;;;;;;;;;;_R1;;_R2;;;$|,Backbone,2,ChEMBL,
X506,X506,F,CCNC(=O)Nc1ccc(C[C@H](N[*])C([*])=O)cc1 |$;;;;;;;;;;;;;_R1;;_R2;;;$|,Backbone,2,ChEMBL,
X508,X508,X,FC(F)(F)CC[C@@H](N[*])C([*])=O |$;;;;;;;;_R1;;_R2;$|,Backbone,2,ChEMBL,
X51,X51,G,NC(=N)NCCCCN([*])CC([*])=O |$;;;;;;;;;_R1;;;_R2;$|,Backbone,2,ChEMBL,
X510,X510,T,C[C@@H](OC(C)(C)C)[C@H](N[*])C([*])=O |$;;;;;;;;;_R1;;_R2;$|,Backbone,2,ChEMBL,
X511,X511,P,[*]N1[C@H](CC[C@H]1c1ccccc1)C([*])=O |$_R1;;;;;;;;;;;;;_R2;$|,Backbone,2,ChEMBL,
X512,X512,X,CC(C)(C)OC(=O)N1[C@H](Cc2ccccc12)C([*])=O |$;;;;;;;;;;;;;;;;;_R2;$|,Backbone,1,ChEMBL,
X513,X513,P,COc1ccc2c(O[C@@H]3C[C@H](N([*])C3)C([*])=O)ccnc2c1 |$;;;;;;;;;;;;_R1;;;_R2;;;;;;$|,Backbone,2,ChEMBL,
X515,X515,V,CC(C)[C@H](NC(N)=N)C([*])=O |$;;;;;;;;;_R2;$|,Backbone,1,ChEMBL,
X516,X516,A,C[C@H](NC[C@@H](N)CS)C([*])=O |$;;;;;;;;;_R2;$|,Backbone,1,ChEMBL,
X517,X517,V,CC(C)(C)[C@H](NC(N)=N)C([*])=O |$;;;;;;;;;;_R2;$|,Backbone,1,ChEMBL,
X518,X518,G,[*]N(CCS[*])CC([*])=O |$_R1;;;;;_R3;;;_R2;$|,Backbone,3,ChEMBL,
X519,X519,X,NCCC[C@H]([N-][N+]#N)C([*])=O |$;;;;;;;;;_R2;$|,Backbone,1,ChEMBL,
X52,X52,Y,Oc1ccc(C[C@H](NCc2ccccc2)C([*])=O)cc1 |$;;;;;;;;;;;;;;;;_R2;;;$|,Backbone,1,ChEMBL,
X520,X520,F,CN[C@H](C([*])=O)C(C)(C)c1ccccc1 |$;;;;_R2;;;;;;;;;;$|,Backbone,1,ChEMBL,
X522,X522,X,[*]N[C@@H](CC1CCCCC1)C=O |$_R1;;;;;;;;;;;$|,Backbone,1,ChEMBL,
X523,X523,Y,Cc1cc(O)ccc1C[C@H](N[*])C([*])=O |$;;;;;;;;;;;_R1;;_R2;$|,Backbone,2,ChEMBL,
X524,X524,F,COc1cccc(C[C@H](N[*])C([*])=O)c1 |$;;;;;;;;;;_R1;;_R2;;$|,Backbone,2,ChEMBL,
X525,X525,X,CCC(CC)(N[*])C([*])=O |$;;;;;;_R1;;_R2;$|,Backbone,2,ChEMBL,
X526,X526,Y,COc1ccc(C[C@H](NC(N)=N)C([*])=O)cc1 |$;;;;;;;;;;;;;_R2;;;$|,Backbone,1,ChEMBL,
X527,X527,R,NC(=N)NCCC[C@H](N[*])C(=O)c1ccccn1 |$;;;;;;;;;_R1;;;;;;;;$|,Backbone,1,ChEMBL,
X528,X528,G,Cc1ccc(C[C@H](N)CNCC([*])=O)cc1 |$;;;;;;;;;;;;_R2;;;$|,Backbone,1,ChEMBL,
X529,X529,F,NC(=O)Nc1ccc(C[C@H](N[*])C([*])=O)cc1 |$;;;;;;;;;;;_R1;;_R2;;;$|,Backbone,2,ChEMBL,
X53,X53,F,Cc1ccccc1-c1ccc(C[C@H](N[*])C([*])=O)cc1 |$;;;;;;;;;;;;;;_R1;;_R2;;;$|,Backbone,2,ChEMBL,
X530,X530,K,CCCC(CCC)NCCCC[C@H](N[*])C([*])=O |$;;;;;;;;;;;;;;_R1;;_R2;$|,Backbone,2,ChEMBL,
X531,X531,R,CC(C)(C)c1ccc(cc1)S(=O)(=O)N[C@@H](CCCNC(N)=N)C([*])=O |$;;;;;;;;;;;;;;;;;;;;;;;_R2;$|,Backbone,1,ChEMBL,
X532,X532,L,CC[C@H](C)C[C@H](N[*])C([*])=O |$;;;;;;;_R1;;_R2;$|,Backbone,2,ChEMBL,
X533,X533,F,OB(O)c1ccc(C[C@@H](N[*])C(O)=O)cc1 |$;;;;;;;;;;_R1;;;;;$|,Backbone,1,ChEMBL,
X534,X534,X,COc1ccc(cc1)C(=O)CC[C@H](N[*])C([*])=O |$;;;;;;;;;;;;;;_R1;;_R2;$|,Backbone,2,ChEMBL,
X535,X535,Y,CN([*])[C@@H](Cc1ccc(OS(O)(=O)=O)cc1)C([*])=O |$;;_R1;;;;;;;;;;;;;;;_R2;$|,Backbone,2,ChEMBL,
X536,X536,K,[*]N[C@@H](CCCCNCc1ccccc1)C([*])=O |$_R1;;;;;;;;;;;;;;;;_R2;$|,Backbone,2,ChEMBL,
X537,X537,X,[*]N[C@H](Cc1csc2ccccc12)C([*])=O |$_R1;;;;;;;;;;;;;;_R2;$|,Backbone,2,ChEMBL,
X538,X538,G,N[C@H](CNCC([*])=O)CC1CCCCC1 |$;;;;;;_R2;;;;;;;;$|,Backbone,1,ChEMBL,
X539,X539,F,NS(=O)(=O)c1ccc(C[C@H](N[*])C([*])=O)cc1 |$;;;;;;;;;;;_R1;;_R2;;;$|,Backbone,2,ChEMBL,
X54,X54,X,"CS(=O)(=O)CC=C[C@H](N[*])C(O)=O |w:5.4,$;;;;;;;;;_R1;;;$|",Backbone,1,ChEMBL,
X540,X540,X,FC(F)C[C@H](N[*])C([*])=O |$;;;;;;_R1;;_R2;$|,Backbone,2,ChEMBL,
X541,X541,P,CCOC(=O)[C@H]1CCCN1[*] |$;;;;;;;;;;_R1$|,Backbone,1,ChEMBL,
X542,X542,W,Fc1ccc2[nH]cc(C[C@H](N[*])C([*])=O)c2c1 |$;;;;;;;;;;;_R1;;_R2;;;$|,Backbone,2,ChEMBL,
X543,X543,W,Cn1cc(C[C@H](N[*])C([*])=O)c2ccccc12 |$;;;;;;;_R1;;_R2;;;;;;;$|,Backbone,2,ChEMBL,
X544,X544,K,Cc1ccc(CNCCCC[C@H](N[*])C([*])=O)cc1 |$;;;;;;;;;;;;;_R1;;_R2;;;$|,Backbone,2,ChEMBL,
X545,X545,K,CC(C)(C)CNCCCC[C@H](N[*])C([*])=O |$;;;;;;;;;;;;_R1;;_R2;$|,Backbone,2,ChEMBL,
X546,X546,F,ONC(=O)Nc1ccc(C[C@H](N[*])C([*])=O)cc1 |$;;;;;;;;;;;;_R1;;_R2;;;$|,Backbone,2,ChEMBL,
X547,X547,F,NC(=O)Nc1ccc(C[C@@H](N[*])C([*])=O)cc1 |$;;;;;;;;;;;_R1;;_R2;;;$|,Backbone,2,ChEMBL,
X548,X548,P,[*]N1C[C@@H](C[C@H]1C([*])=O)OC(=O)Nc1cccc2ccccc12 |$_R1;;;;;;;_R2;;;;;;;;;;;;;;;$|,Backbone,2,ChEMBL,
X549,X549,K,CCCCC(CCCC)NCCCC[C@H](N[*])C([*])=O |$;;;;;;;;;;;;;;;;_R1;;_R2;$|,Backbone,2,ChEMBL,
X550,X550,K,CCCCC(CCCC)NCCCC[C@@H](N[*])C([*])=O |$;;;;;;;;;;;;;;;;_R1;;_R2;$|,Backbone,2,ChEMBL,
X551,X551,G,[*]N(CCC(c1ccccc1)c1ccccc1)CC([*])=O |$_R1;;;;;;;;;;;;;;;;;;;_R2;$|,Backbone,2,ChEMBL,
X552,X552,G,Clc1ccc(CCN([*])CC([*])=O)c(Cl)c1 |$;;;;;;;;_R1;;;_R2;;;;$|,Backbone,2,ChEMBL,
X553,X553,C,CN(C)S(=O)(=O)c1ccc(O)c2nc(CSC[C@H](N[*])C([*])=O)ccc12 |$;;;;;;;;;;;;;;;;;;;_R1;;_R2;;;;$|,Backbone,2,ChEMBL,
X556,X556,X,CC(=O)C[C@H](N[*])C([*])=O |$;;;;;;_R1;;_R2;$|,Backbone,2,ChEMBL,
X557,X557,P,Cc1cc(C)c(cc1C)-c1cn(nn1)[C@H]1C[C@H](N([*])C1)C([*])=O |$;;;;;;;;;;;;;;;;;;_R1;;;_R2;$|,Backbone,2,ChEMBL,
X558,X558,D,OC(=O)[C@H](CC(=O)OCC=C)N[*] |$;;;;;;;;;;;;_R1$|,Backbone,1,ChEMBL,
X559,X559,R,CNC(=O)NC(=N)NCCC[C@H](N[*])C([*])=O |$;;;;;;;;;;;;;_R1;;_R2;$|,Backbone,2,ChEMBL,
X56,X56,F,C[C@@](Cc1ccccc1)(N[*])C([*])=O |$;;;;;;;;;;_R1;;_R2;$|,Backbone,2,ChEMBL,
X561,X561,F,CON[C@@H](Cc1cccc(O)c1)C([*])=O |$;;;;;;;;;;;;;_R2;$|,Backbone,1,ChEMBL,
X562,X562,K,CN(C)CCCC[C@H]([N-][N+]#N)C([*])=O |$;;;;;;;;;;;;_R2;$|,Backbone,1,ChEMBL,
X563,X563,V,CC(C)[C@H](N[*])C(=O)c1cocn1 |$;;;;;_R1;;;;;;;$|,Backbone,1,ChEMBL,
X564,X564,X,CN(C)CCC[C@H]([N-][N+]#N)C([*])=O |$;;;;;;;;;;;_R2;$|,Backbone,1,ChEMBL,
X566,X566,Y,OC(=O)COc1ccc(C[C@H](N[*])C([*])=O)cc1C(O)=O |$;;;;;;;;;;;;_R1;;_R2;;;;;;$|,Backbone,2,ChEMBL,
X567,X567,A,[*]N[C@@H](Cn1ccnc1)C([*])=O |$_R1;;;;;;;;;;_R2;$|,Backbone,2,ChEMBL,
X569,X569,F,Nc1nnc(Nc2ccc(C[C@H](N[*])C([*])=O)cc2)[nH]1 |$;;;;;;;;;;;;;_R1;;_R2;;;;$|,Backbone,2,ChEMBL,
X57,X57,F,CCc1cc(OC)ccc1-c1ccc(C[C@H](N[*])C([*])=O)cc1 |$;;;;;;;;;;;;;;;;;_R1;;_R2;;;$|,Backbone,2,ChEMBL,
X570,X570,F,Nc1nnc(Nc2ccc(C[C@@H](N[*])C([*])=O)cc2)[nH]1 |$;;;;;;;;;;;;;_R1;;_R2;;;;$|,Backbone,2,ChEMBL,
X571,X571,T,C[C@H](O)[C@@H](N[*])C=O |$;;;;;_R1;;$|,Backbone,1,ChEMBL,
X572,X572,K,"FC(F)(F)CNC(NCCCC[C@@H](N[*])C([*])=O)=NCC(F)(F)F |w:18.18,$;;;;;;;;;;;;;;_R1;;_R2;;;;;;;$|",Backbone,2,ChEMBL,
X573,X573,R,NC(=N)NC(=O)CC[C@H](N[*])C([*])=O |$;;;;;;;;;;_R1;;_R2;$|,Backbone,2,ChEMBL,
X574,X574,K,[*]N[C@H](CCCCNC1CCCC1)C([*])=O |$_R1;;;;;;;;;;;;;;_R2;$|,Backbone,2,ChEMBL,
X575,X575,X,"[*]N[C@@H](CC1=NCNC1)C([*])=O |$_R1;;;;;;;;;;_R2;$,t:4|",Backbone,2,ChEMBL,
X576,X576,X,[*]N[C@@H](Cc1nc2ccccc2[nH]1)C([*])=O |$_R1;;;;;;;;;;;;;;_R2;$|,Backbone,2,ChEMBL,
X577,X577,F,OP(O)(=O)C(F)(F)c1ccc(C[C@H](N[*])C([*])=O)cc1 |$;;;;;;;;;;;;;;_R1;;_R2;;;$|,Backbone,2,ChEMBL,
X578,X578,X,[*]C(=O)C1(CCCC1)NCCCC1CCCCC1 |$_R2;;;;;;;;;;;;;;;;;$|,Backbone,1,ChEMBL,
X58,X58,G,CN(C)c1cccc2c(cccc12)S(=O)(=O)NCC([*])=O |$;;;;;;;;;;;;;;;;;;;_R2;$|,Backbone,1,ChEMBL,
X581,X581,F,OC(=O)C(F)(F)c1ccc(C[C@H](N[*])C([*])=O)cc1 |$;;;;;;;;;;;;;_R1;;_R2;;;$|,Backbone,2,ChEMBL,
X582,X582,F,CONC(=O)Nc1ccc(C[C@H](N(C)[*])C([*])=O)cc1 |$;;;;;;;;;;;;;;_R1;;_R2;;;$|,Backbone,2,ChEMBL,
X583,X583,T,C[C@H](OP(O)(O)=O)[C@@H](N[*])C([*])=O |$;;;;;;;;;_R1;;_R2;$|,Backbone,2,ChEMBL,
X584,X584,F,OC(=O)c1ccc(C[C@H](N[*])C([*])=O)cc1O |$;;;;;;;;;;_R1;;_R2;;;;$|,Backbone,2,ChEMBL,
X586,X586,T,OC[C@H](O)[C@H](O)[C@@H](O)[C@@H](N[*])C=O |$;;;;;;;;;;_R1;;$|,Backbone,1,ChEMBL,
X587,X587,P,NC1(CCCCC1)c1cn(nn1)[C@H]1C[C@H](N([*])C1)C([*])=O |$;;;;;;;;;;;;;;;;_R1;;;_R2;$|,Backbone,2,ChEMBL,
X588,X588,H,Cn1cncc1C[C@H](N[*])C([*])=O |$;;;;;;;;;_R1;;_R2;$|,Backbone,2,ChEMBL,
X59,X59,X,[*]N[C@H](CCCC=C)C([*])=O |$_R1;;;;;;;;;_R2;$|,Backbone,2,ChEMBL,
X590,X590,P,"[*]N1C[C@H](C[C@H]1C([*])=O)n1cc(nn1)C1=CCCCC1 |$_R1;;;;;;;_R2;;;;;;;;;;;;$,t:16|",Backbone,2,ChEMBL,
X591,X591,F,[*]N[C@@H](Cc1cccc2cc[nH]c12)C([*])=O |$_R1;;;;;;;;;;;;;;_R2;$|,Backbone,2,ChEMBL,
X592,X592,F,Clc1ccccc1C[C@H](N[*])C([*])=O |$;;;;;;;;;;_R1;;_R2;$|,Backbone,2,ChEMBL,
X593,X593,X,[*]N[C@@H](CC1CCCNC1)C([*])=O |$_R1;;;;;;;;;;;_R2;$|,Backbone,2,ChEMBL,
X594,X594,P,Fc1ccc(cc1)-c1cn(nn1)[C@H]1C[C@H](N([*])C1)C([*])=O |$;;;;;;;;;;;;;;;;_R1;;;_R2;$|,Backbone,2,ChEMBL,
X595,X595,S,CCCCCCCCCCCCCCCC(=O)OC[C@H](N[*])C([*])=O |$;;;;;;;;;;;;;;;;;;;;;_R1;;_R2;$|,Backbone,2,ChEMBL,
X596,X596,E,OC(=O)CC[C@H](NS(=O)(=O)c1ccccc1)C([*])=O |$;;;;;;;;;;;;;;;;;_R2;$|,Backbone,1,ChEMBL,
X597,X597,A,C[C@H](N([*])c1ccc2ccccc2c1)C([*])=O |$;;;_R1;;;;;;;;;;;;_R2;$|,Backbone,2,ChEMBL,
X6,X6,K,"CN=C(NCCCC[C@H](N[*])C([*])=O)NC#N |w:1.0,$;;;;;;;;;;_R1;;_R2;;;;$|",Backbone,2,ChEMBL,
X600,X600,L,CC(C)C[C@@H](NC(=O)OCc1ccccc1)C([*])=O |$;;;;;;;;;;;;;;;;;_R2;$|,Backbone,1,ChEMBL,
X601,X601,F,OS(=O)(=O)C(F)(F)c1cccc(C[C@@H](N[*])C([*])=O)c1 |$;;;;;;;;;;;;;;;_R1;;_R2;;$|,Backbone,2,ChEMBL,
X602,X602,V,CC(C)[C@H](NCc1cccc(O)c1)C([*])=O |$;;;;;;;;;;;;;;_R2;$|,Backbone,1,ChEMBL,
X603,X603,X,[*]N[C@H](CC#C)C([*])=O |$_R1;;;;;;;_R2;$|,Backbone,2,ChEMBL,
X607,X607,M,CNC(=O)N[C@@H](CCSC)C([*])=O |$;;;;;;;;;;;_R2;$|,Backbone,1,ChEMBL,
X609,X609,R,[*]N[C@@H](CCCNC(=N)N(=O)=O)C([*])=O |$_R1;;;;;;;;;;;;;_R2;$|,Backbone,2,ChEMBL,
X610,X610,X,OC(=O)[C@]1(C[C@H]1C=C)N[*] |$;;;;;;;;;_R1$|,Backbone,1,ChEMBL,
X611,X611,P,[*]N1C[C@@H](C[C@H]1C([*])=O)Oc1ccnc2ccccc12 |$_R1;;;;;;;_R2;;;;;;;;;;;;$|,Backbone,2,ChEMBL,
X612,X612,F,OC(=O)Cc1ccc(C[C@H](N[*])C([*])=O)cc1O |$;;;;;;;;;;;_R1;;_R2;;;;$|,Backbone,2,ChEMBL,
X613,X613,X,[*]N[C@@H](Cc1csc2ccccc12)C([*])=O |$_R1;;;;;;;;;;;;;;_R2;$|,Backbone,2,ChEMBL,
X614,X614,X,OP(O)(=O)CN[C@@H](CC#Cc1ccc(F)cc1F)C([*])=O |$;;;;;;;;;;;;;;;;;;;_R2;$|,Backbone,1,ChEMBL,
X615,X615,X,CC[C@H]1C[C@@]1(N[*])C(O)=O |$;;;;;;_R1;;;$|,Backbone,1,ChEMBL,
X618,X618,X,[*]N[C@@H](CC=C)C=O |$_R1;;;;;;;$|,Backbone,1,ChEMBL,
X619,X619,Y,C[C@@](Cc1ccc(O)cc1)(N[*])C([*])=O |$;;;;;;;;;;;_R1;;_R2;$|,Backbone,2,ChEMBL,
X620,X620,X,Oc1ccc(cc1)[C@@H](N[*])C([*])=O |$;;;;;;;;;_R1;;_R2;$|,Backbone,2,ChEMBL,
X621,X621,X,CC(C)(C)OC(=O)N[C@@H](C([*])=O)c1ccc(F)cc1 |$;;;;;;;;;;_R2;;;;;;;;$|,Backbone,1,ChEMBL,
X622,X622,P,[*]N1C[C@H](C[C@H]1C([*])=O)[N-][N+]#N |$_R1;;;;;;;_R2;;;;$|,Backbone,2,ChEMBL,
X623,X623,X,[*]C(=O)[C@@H]1CC(=O)N(Cc2ccccc2)C(=O)N1 |$_R2;;;;;;;;;;;;;;;;;$|,Backbone,1,ChEMBL,
X624,X624,K,Clc1ccc(CNCCCC[C@H](N[*])C([*])=O)cc1 |$;;;;;;;;;;;;;_R1;;_R2;;;$|,Backbone,2,ChEMBL,
X626,X626,X,CCCC[C@H](NCc1ccccc1)C([*])=O |$;;;;;;;;;;;;;;_R2;$|,Backbone,1,ChEMBL,
X628,X628,L,CC(C)C[C@H](NS(=O)(=O)c1ccccc1)C([*])=O |$;;;;;;;;;;;;;;;;_R2;$|,Backbone,1,ChEMBL,
X629,X629,K,CCCCNC(=N)NCCCC[C@@H](N[*])C([*])=O |$;;;;;;;;;;;;;;_R1;;_R2;$|,Backbone,2,ChEMBL,
X63,X63,S,CCCCCCC(=O)OC[C@H](N[*])C([*])=O |$;;;;;;;;;;;;_R1;;_R2;$|,Backbone,2,ChEMBL,
X630,X630,K,"[*]N[C@@H](CCCCN=C(NCc1ccccn1)NC#N)C([*])=O |w:7.6,$_R1;;;;;;;;;;;;;;;;;;;;;_R2;$|",Backbone,2,ChEMBL,
X631,X631,K,"[*]N[C@H](CCCCN=C(NCc1ccccn1)NC#N)C([*])=O |w:7.6,$_R1;;;;;;;;;;;;;;;;;;;;;_R2;$|",Backbone,2,ChEMBL,
X632,X632,X,CC(C)(N[*])C(=O)C(F)(F)C(F)(F)F |$;;;;_R1;;;;;;;;;$|,Backbone,1,ChEMBL,
X633,X633,T,C[C@@H](OP(O)(O)=O)[C@H](N[*])C([*])=O |$;;;;;;;;;_R1;;_R2;$|,Backbone,2,ChEMBL,
X634,X634,P,"[*]N1C[C@@H](C[C@H]1C([*])=O)ON=Cc1ccc-2c(Cc3ccccc-23)c1 |w:10.10,$_R1;;;;;;;_R2;;;;;;;;;;;;;;;;;$|",Backbone,2,ChEMBL,
X635,X635,M,CSCC[C@H](N[*])C(=O)ON |$;;;;;;_R1;;;;$|,Backbone,1,ChEMBL,
X639,X639,W,Cn1cc(C[C@@H](N[*])C([*])=O)c2ccccc12 |$;;;;;;;_R1;;_R2;;;;;;;$|,Backbone,2,ChEMBL,
X640,X640,W,Fc1ccc2c(C[C@@H](N[*])C([*])=O)c[nH]c2c1 |$;;;;;;;;;_R1;;_R2;;;;;$|,Backbone,2,ChEMBL,
X641,X641,P,N[C@H]1C[C@H](N([*])C1)C([*])=O |$;;;;;_R1;;;_R2;$|,Backbone,2,ChEMBL,
X642,X642,S,CCCC(CCC)C(=O)OC[C@H](N[*])C([*])=O |$;;;;;;;;;;;;;_R1;;_R2;$|,Backbone,2,ChEMBL,
X643,X643,F,C[C@]1(CO1)C(=O)[C@H](Cc1ccccc1)N[*] |$;;;;;;;;;;;;;;;_R1$|,Backbone,1,ChEMBL,
X644,X644,G,[*]C(=O)CN1CCOCC1 |$_R2;;;;;;;;;$|,Backbone,1,ChEMBL,
X645,X645,C,CC(=O)NC(=O)[C@@H](CS[*])N[*] |$;;;;;;;;;_R3;;_R1$|,Backbone,2,ChEMBL,
X646,X646,L,CC(C)C[C@@](C)(N[*])C([*])=O |$;;;;;;;_R1;;_R2;$|,Backbone,2,ChEMBL,
X647,X647,X,Oc1ccc2C[C@H](NCc2c1)C([*])=O |$;;;;;;;;;;;;_R2;$|,Backbone,1,ChEMBL,
X648,X648,X,Oc1ccc(cc1)[C@H](N[*])C([*])=O |$;;;;;;;;;_R1;;_R2;$|,Backbone,2,ChEMBL,
X649,X649,V,CC(C)[C@H](NC(=O)OC1CCCC1)C([*])=O |$;;;;;;;;;;;;;;_R2;$|,Backbone,1,ChEMBL,
X650,X650,E,OC(=O)CC[C@H](N(CCN(CCC(O)=O)CCC(O)=O)CCN(CCC(O)=O)CCC(O)=O)C([*])=O |$;;;;;;;;;;;;;;;;;;;;;;;;;;;;;;;;;;_R2;$|,Backbone,1,ChEMBL,
X651,X651,G,[*]C(=O)C[N-][N+]#N |$_R2;;;;;;$|,Backbone,1,ChEMBL,
X652,X652,F,[*]N[C@@H](Cc1ccc([N-][N+]#N)cc1)C([*])=O |$_R1;;;;;;;;;;;;;;_R2;$|,Backbone,2,ChEMBL,
X653,X653,E,OC(=O)CC[C@H](NCc1ccccc1)C([*])=O |$;;;;;;;;;;;;;;;_R2;$|,Backbone,1,ChEMBL,
X654,X654,C,[*]N[C@@H](CSc1ccc(cc1N(=O)=O)N(=O)=O)C([*])=O |$_R1;;;;;;;;;;;;;;;;;;_R2;$|,Backbone,2,ChEMBL,
X655,X655,X,COC(=O)C1(CCCCCCC1)N[*] |$;;;;;;;;;;;;;_R1$|,Backbone,1,ChEMBL,
X657,X657,X,[*]N[C@@H](CCc1nnn[nH]1)C([*])=O |$_R1;;;;;;;;;;;_R2;$|,Backbone,2,ChEMBL,
X658,X658,E,[O-]C(=O)CC[C@H](N[*])C([*])=O |$;;;;;;;_R1;;_R2;$|,Backbone,2,ChEMBL,
X659,X659,W,C[C@@H]([C@H](N[*])C([*])=O)c1c[nH]c2ccccc12 |$;;;;_R1;;_R2;;;;;;;;;;$|,Backbone,2,ChEMBL,
X66,X66,X,CC(=O)CC[C@H](N[*])C([*])=O |$;;;;;;;_R1;;_R2;$|,Backbone,2,ChEMBL,
X661,X661,W,CN([*])[C@@H](Cc1c[nH]c2ccccc12)C(=O)OC(C)(C)C |$;;_R1;;;;;;;;;;;;;;;;;;$|,Backbone,1,ChEMBL,
X662,X662,F,COc1ccccc1C[C@H](N[*])C(O)=O |$;;;;;;;;;;;_R1;;;$|,Backbone,1,ChEMBL,
X663,X663,X,CC(C)[C@@H]1C[C@]1(N[*])C([*])=O |$;;;;;;;_R1;;_R2;$|,Backbone,2,ChEMBL,
X664,X664,V,CC(C)[C@H](CC(=O)[C@@H](N[*])C(C)C)C(O)=O |$;;;;;;;;;_R1;;;;;;$|,Backbone,1,ChEMBL,
X666,X666,R,CC(C)(C)OC(=O)N[C@@H](CCCNC(=N)NN(=O)=O)C([*])=O |$;;;;;;;;;;;;;;;;;;;;_R2;$|,Backbone,1,ChEMBL,
X667,X667,G,NOC(=O)CN[*] |$;;;;;;_R1$|,Backbone,1,ChEMBL,
X668,X668,X,CC(C)c1cc(O)cc(C)c1C[C@H](N)C([*])=O |$;;;;;;;;;;;;;;;_R2;$|,Backbone,1,ChEMBL,
X67,X67,R,[*]N[C@@H](CCCNC(=N)NN(=O)=O)C([*])=O |$_R1;;;;;;;;;;;;;;_R2;$|,Backbone,2,ChEMBL,
X670,X670,X,[*]N1CSC[C@H]1C([*])=O |$_R1;;;;;;;_R2;$|,Backbone,2,ChEMBL,
X671,X671,X,[*]N[C@H](C([*])=O)c1cccs1 |$_R1;;;;_R2;;;;;;$|,Backbone,2,ChEMBL,
X672,X672,P,CCCO[C@@H]1C[C@H](N([*])C1)C([*])=O |$;;;;;;;;_R1;;;_R2;$|,Backbone,2,ChEMBL,
X673,X673,Y,COc1ccc(C[C@H](N[*])C=O)cc1 |$;;;;;;;;;_R1;;;;$|,Backbone,1,ChEMBL,
X674,X674,S,OP(O)(=O)OC[C@@H](N[*])C([*])=O |$;;;;;;;;_R1;;_R2;$|,Backbone,2,ChEMBL,
X677,X677,X,[*]N[C@@H](Cc1ccsc1)C([*])=O |$_R1;;;;;;;;;;_R2;$|,Backbone,2,ChEMBL,
X678,X678,X,[*]N[C@H](C1CCCC1)C([*])=O |$_R1;;;;;;;;;_R2;$|,Backbone,2,ChEMBL,
X679,X679,F,FC(F)(F)C(=O)[C@H](Cc1ccccc1)N[*] |$;;;;;;;;;;;;;;;_R1$|,Backbone,1,ChEMBL,
X68,X68,X,CC(C)CC[C@H](N[*])C([*])=O |$;;;;;;;_R1;;_R2;$|,Backbone,2,ChEMBL,
X680,X680,Y,Oc1ccc(C[C@H](N[*])C([*])=O)cc1O |$;;;;;;;;_R1;;_R2;;;;$|,Backbone,2,ChEMBL,
X681,X681,Y,COC(=O)[C@H](Cc1ccc(O)c(O)c1)N[*] |$;;;;;;;;;;;;;;;_R1$|,Backbone,1,ChEMBL,
X682,X682,P,[*]C(=O)[C@@H]1N[C@@H](C[N-][N+]#N)C[C@H]1C[N-][N+]#N |$_R2;;;;;;;;;;;;;;;$|,Backbone,1,ChEMBL,
X683,X683,X,OP(O)(=O)Oc1ccc(C[C@H](N[*])C([*])=O)nc1 |$;;;;;;;;;;;;_R1;;_R2;;;$|,Backbone,2,ChEMBL,
X684,X684,D,OC(=O)C[C@H](NC(=O)OCC1c2ccccc2-c2ccccc12)C([*])=O |$;;;;;;;;;;;;;;;;;;;;;;;;_R2;$|,Backbone,1,ChEMBL,
X685,X685,Y,COC(=O)[C@H](Cc1ccc(OC(=O)c2ccccc2)cc1)N[*] |$;;;;;;;;;;;;;;;;;;;;;;_R1$|,Backbone,1,ChEMBL,
X686,X686,P,CCS[C@@H]1CCN([*])[C@@H]1C([*])=O |$;;;;;;;_R1;;;_R2;$|,Backbone,2,ChEMBL,
X687,X687,P,CCCS[C@@H]1CCN([*])[C@@H]1C([*])=O |$;;;;;;;;_R1;;;_R2;$|,Backbone,2,ChEMBL,
X688,X688,I,CC[C@H](C)[C@H](N[*])C(=O)OCCC(C)C |$;;;;;;_R1;;;;;;;;$|,Backbone,1,ChEMBL,
X689,X689,V,CC(C)[C@H](NC(=O)N1CCOCC1)C([*])=O |$;;;;;;;;;;;;;;_R2;$|,Backbone,1,ChEMBL,
X691,X691,P,"COC1=CC(=O)N([C@H]1Cc1ccccc1)C(=O)[C@@H](OC(=O)[C@@H]1CCCN1[*])C(C)C |$;;;;;;;;;;;;;;;;;;;;;;;;;;_R1;;;$,t:2|",Backbone,1,ChEMBL,
X692,X692,S,C[C@@](CO)(N[*])C([*])=O |$;;;;;_R1;;_R2;$|,Backbone,2,ChEMBL,
X693,X693,D,CN([*])[C@@H](CC(O)=O)C=O |$;;_R1;;;;;;;$|,Backbone,1,ChEMBL,
X694,X694,X,FC(F)(F)CCC[C@H](N[*])C([*])=O |$;;;;;;;;;_R1;;_R2;$|,Backbone,2,ChEMBL,
X695,X695,M,CCOC(=O)N[C@@H](CCSCc1ccccc1)C([*])=O |$;;;;;;;;;;;;;;;;;;_R2;$|,Backbone,1,ChEMBL,
X696,X696,D,OC(=O)C[C@@H](N[*])C=O |$;;;;;;_R1;;$|,Backbone,1,ChEMBL,
X697,X697,D,CCC(=O)[C@H](CC(O)=O)N[*] |$;;;;;;;;;;_R1$|,Backbone,1,ChEMBL,
X698,X698,A,COC(=O)C(=O)[C@H](C)N[*] |$;;;;;;;;;_R1$|,Backbone,1,ChEMBL,
X699,X699,Y,OC(=O)C(Oc1ccc(C[C@H](N[*])C([*])=O)cc1)C(O)=O |$;;;;;;;;;;;;_R1;;_R2;;;;;;$|,Backbone,2,ChEMBL,
X7,X7,K,"FC(F)(F)CNC(NCCCC[C@H](N[*])C([*])=O)=NCC(F)(F)F |w:18.18,$;;;;;;;;;;;;;;_R1;;_R2;;;;;;;$|",Backbone,2,ChEMBL,
X70,X70,F,[*]N[C@H](Cc1ccc(cc1)C(=O)c1ccccc1)C([*])=O |$_R1;;;;;;;;;;;;;;;;;;;_R2;$|,Backbone,2,ChEMBL,
X700,X700,X,[*]C(=O)[C@H](CCCNCCN1CCNCC1)[N-][N+]#N |$_R2;;;;;;;;;;;;;;;;;;$|,Backbone,1,ChEMBL,
X702,X702,F,OC(=O)C(F)(C(O)=O)c1ccc(C[C@H](N[*])C([*])=O)cc1 |$;;;;;;;;;;;;;;;_R1;;_R2;;;$|,Backbone,2,ChEMBL,
X703,X703,Y,OC(=O)COc1ccc(C[C@H](N[*])C([*])=O)cc1OCC(O)=O |$;;;;;;;;;;;;_R1;;_R2;;;;;;;;$|,Backbone,2,ChEMBL,
X708,X708,P,CC1(C)CC[C@@H](N1[*])C([*])=O |$;;;;;;;_R1;;_R2;$|,Backbone,2,ChEMBL,
X709,X709,F,ClCCN(CCCl)c1ccc(C[C@H](N[*])C([*])=O)cc1 |$;;;;;;;;;;;;;;_R1;;_R2;;;$|,Backbone,2,ChEMBL,
X710,X710,F,Cc1cc(C)c(C[C@H](N[*])C([*])=O)c(C)c1 |$;;;;;;;;;_R1;;_R2;;;;$|,Backbone,2,ChEMBL,
X712,X712,F,OB(O)c1ccc(C[C@H](N[*])C([*])=O)cc1 |$;;;;;;;;;;_R1;;_R2;;;$|,Backbone,2,ChEMBL,
X713,X713,X,CC(C)CC[C@@H](N[*])C([*])=O |$;;;;;;;_R1;;_R2;$|,Backbone,2,ChEMBL,
X714,X714,F,Clc1ccc(C[C@@H](N[*])C([*])=O)cc1Cl |$;;;;;;;;_R1;;_R2;;;;$|,Backbone,2,ChEMBL,
X715,X715,X,Oc1ccc2C[C@@](CCc2c1)(N[*])C([*])=O |$;;;;;;;;;;;;_R1;;_R2;$|,Backbone,2,ChEMBL,
X716,X716,X,OC(=O)[C@@H](N[*])c1csc2ccccc12 |$;;;;;_R1;;;;;;;;;$|,Backbone,1,ChEMBL,
X717,X717,X,CCOC(=O)N[C@H](CC(=O)c1ccccc1)C([*])=O |$;;;;;;;;;;;;;;;;;_R2;$|,Backbone,1,ChEMBL,
X72,X72,V,CC(C)[C@H](NCc1ncccc1O)C([*])=O |$;;;;;;;;;;;;;;_R2;$|,Backbone,1,ChEMBL,
X724,X724,X,Oc1ccccc1[C@H]1N[C@@H](Cc2c1[nH]c1ccccc21)C([*])=O |$;;;;;;;;;;;;;;;;;;;;;_R2;$|,Backbone,1,ChEMBL,
X725,X725,G,NC(=N)NCCN([*])CC([*])=O |$;;;;;;;_R1;;;_R2;$|,Backbone,2,ChEMBL,
X726,X726,G,NCCCN([*])CC([*])=O |$;;;;;_R1;;;_R2;$|,Backbone,2,ChEMBL,
X727,X727,K,"ClC=CCNCCCC[C@H](N[*])C([*])=O |w:1.0,$;;;;;;;;;;;_R1;;_R2;$|",Backbone,2,ChEMBL,
X729,X729,V,CC(C)(C)[C@H](N[*])C=O |$;;;;;;_R1;;$|,Backbone,1,ChEMBL,
X73,X73,X,[*]N[C@@H](CC#C)C([*])=O |$_R1;;;;;;;_R2;$|,Backbone,2,ChEMBL,
X730,X730,G,[*]C(=O)CNS(=O)(=O)c1ccccc1 |$_R2;;;;;;;;;;;;;$|,Backbone,1,ChEMBL,
X731,X731,X,CC1(C)SCN([*])[C@@H]1C([*])=O |$;;;;;;_R1;;;_R2;$|,Backbone,2,ChEMBL,
X733,X733,F,Fc1c(F)c(F)c(C[C@H](N[*])C([*])=O)c(F)c1F |$;;;;;;;;;;_R1;;_R2;;;;;$|,Backbone,2,ChEMBL,
X735,X735,V,CC(C)[C@H](N(Cc1ccccc1)Cc1ccccc1)C([*])=O |$;;;;;;;;;;;;;;;;;;;;_R2;$|,Backbone,1,ChEMBL,
X736,X736,X,[*]C(=O)[C@@H]1CC(=O)N1 |$_R2;;;;;;;$|,Backbone,1,ChEMBL,
X737,X737,W,C[C@@H]([C@@H](N[*])C([*])=O)c1c[nH]c2ccccc12 |$;;;;_R1;;_R2;;;;;;;;;;$|,Backbone,2,ChEMBL,
X738,X738,L,CC(C)C[C@@H](N[*])C([O-])=O |$;;;;;;_R1;;;$|,Backbone,1,ChEMBL,
X739,X739,X,C[N+](C)(C)CCC[C@H]([N-][N+]#N)C([*])=O |$;;;;;;;;;;;;_R2;$|,Backbone,1,ChEMBL,
X740,X740,X,C[N+](C)(C)CCCCC[C@H]([N-][N+]#N)C([*])=O |$;;;;;;;;;;;;;;_R2;$|,Backbone,1,ChEMBL,
X741,X741,F,CS(=O)(=O)Nc1ccc(C[C@H](N[*])C([*])=O)cc1 |$;;;;;;;;;;;;_R1;;_R2;;;$|,Backbone,2,ChEMBL,
X742,X742,G,[*]C(=O)CN1CCNCC1 |$_R2;;;;;;;;;$|,Backbone,1,ChEMBL,
X743,X743,X,O[C@H]1CCCC[C@]1(N[*])C([*])=O |$;;;;;;;;_R1;;_R2;$|,Backbone,2,ChEMBL,
X744,X744,X,O[C@H]1CCC[C@]1(N[*])C([*])=O |$;;;;;;;_R1;;_R2;$|,Backbone,2,ChEMBL,
X745,X745,X,O[C@@H]1CCCC[C@]1(N[*])C([*])=O |$;;;;;;;;_R1;;_R2;$|,Backbone,2,ChEMBL,
X747,X747,R,C[C@@]1(CO1)C(=O)[C@H](CCCNC(N)=N)N[*] |$;;;;;;;;;;;;;;;_R1$|,Backbone,1,ChEMBL,
X748,X748,F,OC(=O)COC(=O)[C@H](Cc1ccccc1)N[*] |$;;;;;;;;;;;;;;;;_R1$|,Backbone,1,ChEMBL,
X749,X749,G,COc1ccc(cc1)S(=O)(=O)N([*])CC([*])=O |$;;;;;;;;;;;;_R1;;;_R2;$|,Backbone,2,ChEMBL,
X750,X750,X,CCC[C@H](N[*])C(=O)C(F)(F)F |$;;;;;_R1;;;;;;$|,Backbone,1,ChEMBL,
X751,X751,X,C[C@H]1SC[C@H](NC1=O)C([*])=O |$;;;;;;;;;_R2;$|,Backbone,1,ChEMBL,
X754,X754,V,CC(C)COC(=O)N[C@@H](C(C)C)C([*])=O |$;;;;;;;;;;;;;_R2;$|,Backbone,1,ChEMBL,
X755,X755,X,[*]C(=O)[C@@H]([N-][N+]#N)c1ccccc1 |$_R2;;;;;;;;;;;;$|,Backbone,1,ChEMBL,
X756,X756,T,CC[C@H](O)[C@H](N[*])C([*])=O |$;;;;;;_R1;;_R2;$|,Backbone,2,ChEMBL,
X757,X757,F,[*]N[C@@H](Cc1ccc(cc1)[N+]#N)C([*])=O |$_R1;;;;;;;;;;;;;_R2;$|,Backbone,2,ChEMBL,
X758,X758,E,OC(=O)CC[C@H](NCCCc1ccccc1)C([*])=O |$;;;;;;;;;;;;;;;;;_R2;$|,Backbone,1,ChEMBL,
X759,X759,E,CCCN[C@@H](CCC(O)=O)C([*])=O |$;;;;;;;;;;;_R2;$|,Backbone,1,ChEMBL,
X76,X76,X,OC(=O)[C@H]1[C@@H]2CC[C@](N[*])([C@H]12)C([*])=O |$;;;;;;;;;_R1;;;_R2;$|,Backbone,2,ChEMBL,
X761,X761,X,[*]N[C@H](C1Cc2ccccc2C1)C([*])=O |$_R1;;;;;;;;;;;;;_R2;$|,Backbone,2,ChEMBL,
X762,X762,X,COC(=O)C1(CCCCCC1)N[*] |$;;;;;;;;;;;;_R1$|,Backbone,1,ChEMBL,
X763,X763,X,CCC(CC)(N[*])C(=O)OC |$;;;;;;_R1;;;;$|,Backbone,1,ChEMBL,
X764,X764,F,OS(=O)(=O)N[C@@H](Cc1ccccc1)C([*])=O |$;;;;;;;;;;;;;;_R2;$|,Backbone,1,ChEMBL,
X765,X765,X,CC(C)(C)OC(=O)N[C@H](CCCN)C([*])=O |$;;;;;;;;;;;;;;_R2;$|,Backbone,1,ChEMBL,
X766,X766,X,CC(C)(C)OC(=O)N[C@@](C)(C([*])=O)c1ccccc1 |$;;;;;;;;;;;_R2;;;;;;;$|,Backbone,1,ChEMBL,
X769,X769,X,NCCN1C(=O)C[C@H](NC1=O)C([*])=O |$;;;;;;;;;;;;_R2;$|,Backbone,1,ChEMBL,
X770,X770,Y,C[C@@H]([C@H](N)C([*])=O)c1ccc(O)cc1 |$;;;;;_R2;;;;;;;;$|,Backbone,1,ChEMBL,
X771,X771,X,COC(=O)C1(CCCCC1)N[*] |$;;;;;;;;;;;_R1$|,Backbone,1,ChEMBL,
X773,X773,T,OC[C@H](O)[C@H](N[*])C([*])=O |$;;;;;;_R1;;_R2;$|,Backbone,2,ChEMBL,
X774,X774,W,CC(C)(C)OC(=O)[C@H](Cc1c[nH]c2ccccc12)N[*] |$;;;;;;;;;;;;;;;;;;;_R1$|,Backbone,1,ChEMBL,
X775,X775,P,C[C@H](OC(=O)[C@@H]1CCCN1[*])C(O)=O |$;;;;;;;;;;_R1;;;$|,Backbone,1,ChEMBL,
X776,X776,Y,N[C@@H](Cc1ccc(OP(O)(O)=O)c(N)c1)C([*])=O |$;;;;;;;;;;;;;;;;_R2;$|,Backbone,1,ChEMBL,
X777,X777,D,OC(=O)C[C@H](N[*])C(=O)c1cccnc1 |$;;;;;;_R1;;;;;;;;$|,Backbone,1,ChEMBL,
X778,X778,V,CC(C)[C@H](NCc1ccccc1)C([*])=O |$;;;;;;;;;;;;;_R2;$|,Backbone,1,ChEMBL,
X779,X779,F,OC(=O)N[C@@H](Cc1ccccc1)C([*])=O |$;;;;;;;;;;;;;_R2;$|,Backbone,1,ChEMBL,
X780,X780,E,COC(=O)NC(=O)[C@H](CCC(O)=O)N[*] |$;;;;;;;;;;;;;;_R1$|,Backbone,1,ChEMBL,
X781,X781,K,"CCCCNC(NCCCC[C@@H](N[*])C([*])=O)=NCCCC |w:17.17,4.3,$;;;;;;;;;;;;;_R1;;_R2;;;;;;$|",Backbone,2,ChEMBL,
X782,X782,V,CC(C)[C@H](NC(=O)Oc1ccc(F)cc1)C([*])=O |$;;;;;;;;;;;;;;;;_R2;$|,Backbone,1,ChEMBL,
X783,X783,K,NC(=N)NCCCC[C@@H](N[*])C([*])=O |$;;;;;;;;;;_R1;;_R2;$|,Backbone,2,ChEMBL,
X784,X784,M,CCOC(=O)N[C@H](CCSCc1ccccc1)C([*])=O |$;;;;;;;;;;;;;;;;;;_R2;$|,Backbone,1,ChEMBL,
X785,X785,K,Nc1nnc(NCCCC[C@H](N[*])C([*])=O)[nH]1 |$;;;;;;;;;;;;_R1;;_R2;;$|,Backbone,2,ChEMBL,
X786,X786,K,Nc1nnc(NCCCC[C@@H](N[*])C([*])=O)[nH]1 |$;;;;;;;;;;;;_R1;;_R2;;$|,Backbone,2,ChEMBL,
X787,X787,X,Nc1nnc(NCCC[C@@H](N[*])C([*])=O)[nH]1 |$;;;;;;;;;;;_R1;;_R2;;$|,Backbone,2,ChEMBL,
X790,X790,Y,CC(C)c1cc(O)cc(C(C)C)c1C[C@H](N)C([*])=O |$;;;;;;;;;;;;;;;;;_R2;$|,Backbone,1,ChEMBL,
X791,X791,X,CCC[C@H](N[*])C(=O)C(F)(F)C(F)(F)F |$;;;;;_R1;;;;;;;;;$|,Backbone,1,ChEMBL,
X792,X792,X,CC(C)[C@H]1C[C@@]1(N[*])C([*])=O |$;;;;;;;_R1;;_R2;$|,Backbone,2,ChEMBL,
X793,X793,Y,Cc1cc(O)cc(C)c1C[C@@H](N)C([*])=O |$;;;;;;;;;;;;;_R2;$|,Backbone,1,ChEMBL,
X796,X796,G,N[C@@H](Cc1ccc(O)cc1)c1cn(CC([*])=O)nn1 |$;;;;;;;;;;;;;;;_R2;;;$|,Backbone,1,ChEMBL,
X798,X798,H,[*]N[C@@H](Cc1cncn1CCCCCCCCc1ccccc1)C([*])=O |$_R1;;;;;;;;;;;;;;;;;;;;;;;;_R2;$|,Backbone,2,ChEMBL,
X799,X799,X,C[C@@](CCC=C)(N[*])C([*])=O |$;;;;;;;_R1;;_R2;$|,Backbone,2,ChEMBL,
X8,X8,G,N[C@H](CNCC([*])=O)Cc1ccc(O)cc1 |$;;;;;;_R2;;;;;;;;;$|,Backbone,1,ChEMBL,
X80,X80,Y,CCOC(=O)N[C@H](Cc1ccc(OC(C)=O)cc1)C([*])=O |$;;;;;;;;;;;;;;;;;;;_R2;$|,Backbone,1,ChEMBL,
X800,X800,G,CSCCN([*])CC([*])=O |$;;;;;_R1;;;_R2;$|,Backbone,2,ChEMBL,
X801,X801,K,NCCCC[C@H](NC(=O)N(CCCl)N=O)C([*])=O |$;;;;;;;;;;;;;;;;_R2;$|,Backbone,1,ChEMBL,
X802,X802,M,CSCC[C@H](NC(=O)NC(C)C)C([*])=O |$;;;;;;;;;;;;;_R2;$|,Backbone,1,ChEMBL,
X803,X803,G,[*]NCC(=O)C(=O)OCc1ccccc1 |$_R1;;;;;;;;;;;;;;$|,Backbone,1,ChEMBL,
X804,X804,Y,COC(=O)[C@H](Cc1ccc(OC(=O)CC(C)C)cc1)N[*] |$;;;;;;;;;;;;;;;;;;;;_R1$|,Backbone,1,ChEMBL,
X805,X805,H,Cn1cnc(C[C@H](N[*])C([*])=O)c1 |$;;;;;;;;_R1;;_R2;;$|,Backbone,2,ChEMBL,
X806,X806,Y,Oc1ccc(C[C@H](NCc2cccc(Oc3ccccc3)c2)C([*])=O)cc1 |$;;;;;;;;;;;;;;;;;;;;;;;_R2;;;$|,Backbone,1,ChEMBL,
X807,X807,F,COC(=O)[C@H](Cc1cccc(OC(=O)c2ccccc2)c1)N[*] |$;;;;;;;;;;;;;;;;;;;;;;_R1$|,Backbone,1,ChEMBL,
X808,X808,R,NC(=N)NCCC[C@H](N[*])C(=O)Cc1ccccc1 |$;;;;;;;;;_R1;;;;;;;;;$|,Backbone,1,ChEMBL,
X809,X809,S,C[C@](CO)(N[*])C([*])=O |$;;;;;_R1;;_R2;$|,Backbone,2,ChEMBL,
X81,X81,F,Cc1cccc(C)c1C[C@H](N[*])C([*])=O |$;;;;;;;;;;;_R1;;_R2;$|,Backbone,2,ChEMBL,
X810,X810,P,Cc1cccc(CO[C@@H]2C[C@H](N([*])C2)C([*])=O)c1 |$;;;;;;;;;;;;_R1;;;_R2;;$|,Backbone,2,ChEMBL,
X811,X811,T,OC[C@H](O)[C@@H](O)[C@@H](O)[C@H](N[*])C=O |$;;;;;;;;;;_R1;;$|,Backbone,1,ChEMBL,
X814,X814,W,COC(=O)N[C@@H](Cc1c[nH]c2ccccc12)C([*])=O |$;;;;;;;;;;;;;;;;;_R2;$|,Backbone,1,ChEMBL,
X815,X815,K,NCCCC[C@H](N[*])C(=O)C(O)=O |$;;;;;;;_R1;;;;;$|,Backbone,1,ChEMBL,
X816,X816,X,BrCCCC[C@H]([N-][N+]#N)C([*])=O |$;;;;;;;;;;_R2;$|,Backbone,1,ChEMBL,
X817,X817,F,NC(=N)N[C@@H](Cc1cccc(O)c1)C([*])=O |$;;;;;;;;;;;;;;_R2;$|,Backbone,1,ChEMBL,
X82,X82,X,CCCCN1C(=O)C[C@H](NC1=O)C([*])=O |$;;;;;;;;;;;;;_R2;$|,Backbone,1,ChEMBL,
X821,X821,X,[*]N[C@H](CC=C)C([*])=O |$_R1;;;;;;;_R2;$|,Backbone,2,ChEMBL,
X822,X822,Y,OC(=O)COc1ccc(C[C@H](N[*])C([*])=O)cc1 |$;;;;;;;;;;;;_R1;;_R2;;;$|,Backbone,2,ChEMBL,
X823,X823,P,Brc1cccc(O[C@@H]2C[C@H](N([*])C2)C([*])=O)c1 |$;;;;;;;;;;;_R1;;;_R2;;$|,Backbone,2,ChEMBL,
X824,X824,P,CC1(C)CC[C@H](N1[*])C([*])=O |$;;;;;;;_R1;;_R2;$|,Backbone,2,ChEMBL,
X825,X825,X,FC(F)C[C@H](N[*])C(=O)c1nccs1 |$;;;;;;_R1;;;;;;;$|,Backbone,1,ChEMBL,
X826,X826,G,Oc1ccc(CCC(=O)ONCC([*])=O)cc1 |$;;;;;;;;;;;;;_R2;;;$|,Backbone,1,ChEMBL,
X828,X828,G,OC(=O)NCC([*])=O |$;;;;;;_R2;$|,Backbone,1,ChEMBL,
X831,X831,X,Oc1ccc(CC[C@H](N[*])C([*])=O)cc1 |$;;;;;;;;;_R1;;_R2;;;$|,Backbone,2,ChEMBL,
X832,X832,K,Oc1ccc(CNCCCC[C@H](N[*])C([*])=O)cc1 |$;;;;;;;;;;;;;_R1;;_R2;;;$|,Backbone,2,ChEMBL,
X833,X833,K,NCCCC[C@H](NC[C@@H](N)CCCNC(N)=N)C([*])=O |$;;;;;;;;;;;;;;;;;;_R2;$|,Backbone,1,ChEMBL,
X834,X834,X,[*]N[C@@H](C1c2ccccc2-c2ccccc12)C([*])=O |$_R1;;;;;;;;;;;;;;;;;_R2;$|,Backbone,2,ChEMBL,
X835,X835,V,CC(C)(C)[C@H](NC[C@@H](N)CS)C([*])=O |$;;;;;;;;;;;;_R2;$|,Backbone,1,ChEMBL,
X836,X836,X,COCC[C@@H](N[*])C(O)=O |$;;;;;;_R1;;;$|,Backbone,1,ChEMBL,
X837,X837,F,CNC(=O)N[C@@H](C(c1ccccc1)c1ccccc1)C([*])=O |$;;;;;;;;;;;;;;;;;;;;_R2;$|,Backbone,1,ChEMBL,
X838,X838,C,[*]N[C@@H](CSN=O)C([*])=O |$_R1;;;;;;;;_R2;$|,Backbone,2,ChEMBL,
X840,X840,V,CCOC(=O)C(F)(F)C(=O)[C@@H](N[*])C(C)C |$;;;;;;;;;;;;_R1;;;$|,Backbone,1,ChEMBL,
X841,X841,F,CCOC(=O)[C@@H](Cc1ccccc1)N[*] |$;;;;;;;;;;;;;;_R1$|,Backbone,1,ChEMBL,
X842,X842,R,CNC(=N)NCCC[C@H](N[*])C([*])=O |$;;;;;;;;;;_R1;;_R2;$|,Backbone,2,ChEMBL,
X843,X843,X,N[C@]1(C[C@H](CO)C1)C([*])=O |$;;;;;;;;_R2;$|,Backbone,1,ChEMBL,
X844,X844,X,CCCCCC[C@@H](N[*])C([*])=O |$;;;;;;;;_R1;;_R2;$|,Backbone,2,ChEMBL,
X846,X846,X,NCCCCNCCC[C@H]([N-][N+]#N)C([*])=O |$;;;;;;;;;;;;;;_R2;$|,Backbone,1,ChEMBL,
X848,X848,F,CCCc1ccccc1-c1ccc(C[C@H](N[*])C([*])=O)cc1 |$;;;;;;;;;;;;;;;;_R1;;_R2;;;$|,Backbone,2,ChEMBL,
X85,X85,Y,CCCCCCCCN(CCCCCCCC)[C@@H](Cc1ccc(O)cc1)C([*])=O |$;;;;;;;;;;;;;;;;;;;;;;;;;;;_R2;$|,Backbone,1,ChEMBL,
X856,X856,X,NCOCC[C@H](N)C([*])=O |$;;;;;;;;_R2;$|,Backbone,1,ChEMBL,
X857,X857,X,CCCCCCC[C@H](N[*])C([*])=O |$;;;;;;;;;_R1;;_R2;$|,Backbone,2,ChEMBL,
X859,X859,E,OC(=O)CC[C@H](NCCCc1ccc2ccccc2c1)C([*])=O |$;;;;;;;;;;;;;;;;;;;;;_R2;$|,Backbone,1,ChEMBL,
X86,X86,H,[*]C(=O)[C@H](Cc1cnc[nH]1)NC(=O)OCc1ccccc1 |$_R2;;;;;;;;;;;;;;;;;;;;$|,Backbone,1,ChEMBL,
X860,X860,T,CN[C@@H](CCC(O)=O)C(=S)N[C@@H]([C@@H](C)O)C([*])=O |$;;;;;;;;;;;;;;;;_R2;$|,Backbone,1,ChEMBL,
X861,X861,A,C[C@H](NCCc1ccc2ccccc2c1)C([*])=O |$;;;;;;;;;;;;;;;;_R2;$|,Backbone,1,ChEMBL,
X862,X862,E,OC(=O)CC[C@H](NCCc1ccc2ccc3cccc4ccc1c2c34)C([*])=O |$;;;;;;;;;;;;;;;;;;;;;;;;;;_R2;$|,Backbone,1,ChEMBL,
X863,X863,G,Oc1ccc(CCN([*])CC([*])=O)cc1 |$;;;;;;;;_R1;;;_R2;;;$|,Backbone,2,ChEMBL,
X864,X864,E,OC(=O)CC[C@H](NCC1CCCCCC1)C([*])=O |$;;;;;;;;;;;;;;;;_R2;$|,Backbone,1,ChEMBL,
X865,X865,G,COc1ccc(CCN([*])CC([*])=O)cc1 |$;;;;;;;;;_R1;;;_R2;;;$|,Backbone,2,ChEMBL,
X867,X867,Y,CCOc1ccc(C[C@H](N[*])C([*])=O)cc1 |$;;;;;;;;;;_R1;;_R2;;;$|,Backbone,2,ChEMBL,
X869,X869,A,C[C@H](NC(=S)[C@H](C)NC(=O)OC(C)(C)C)C([*])=O |$;;;;;;;;;;;;;;;;_R2;$|,Backbone,1,ChEMBL,
X870,X870,Y,C[C@](Cc1ccc(O)cc1)(N[*])C([*])=O |$;;;;;;;;;;;_R1;;_R2;$|,Backbone,2,ChEMBL,
X871,X871,A,C[C@H](NS(=O)(=O)c1cccc2cnccc12)C([*])=O |$;;;;;;;;;;;;;;;;;_R2;$|,Backbone,1,ChEMBL,
X873,X873,L,CC(C)C[C@H](NC(=O)Nc1ccccc1)C([*])=O |$;;;;;;;;;;;;;;;;_R2;$|,Backbone,1,ChEMBL,
X876,X876,F,[*]C(=O)[C@H](Cc1ccccc1)NC(=O)Nc1ccccc1 |$_R2;;;;;;;;;;;;;;;;;;;;$|,Backbone,1,ChEMBL,
X877,X877,P,[*]N1C[C@H](CCc2ccccc2)C[C@H]1C([*])=O |$_R1;;;;;;;;;;;;;;;_R2;$|,Backbone,2,ChEMBL,
X878,X878,P,[*]N1C[C@H](CCCc2ccccc2)C[C@H]1C([*])=O |$_R1;;;;;;;;;;;;;;;;_R2;$|,Backbone,2,ChEMBL,
X879,X879,F,CCOC(=O)[C@H](Cc1ccccc1)N[*] |$;;;;;;;;;;;;;;_R1$|,Backbone,1,ChEMBL,
X880,X880,F,OP(O)(=O)c1ccc(C[C@H](N[*])C([*])=O)cc1 |$;;;;;;;;;;;_R1;;_R2;;;$|,Backbone,2,ChEMBL,
X881,X881,P,[*]N1C[C@H](C[C@H]1C([*])=O)n1cc(nn1)-c1cccc2ccccc12 |$_R1;;;;;;;_R2;;;;;;;;;;;;;;;;$|,Backbone,2,ChEMBL,
X883,X883,F,Fc1ccccc1C[C@H](N[*])C([*])=O |$;;;;;;;;;;_R1;;_R2;$|,Backbone,2,ChEMBL,
X884,X884,V,CC(C)[C@H](NCc1cnc[nH]1)C([*])=O |$;;;;;;;;;;;;_R2;$|,Backbone,1,ChEMBL,
X886,X886,X,"CC(=O)CC=C[C@H](N[*])C(O)=O |w:4.3,$;;;;;;;;_R1;;;$|",Backbone,1,ChEMBL,
X887,X887,P,Cc1cc(ccc1F)-c1cn(nn1)[C@H]1C[C@H](N([*])C1)C([*])=O |$;;;;;;;;;;;;;;;;;_R1;;;_R2;$|,Backbone,2,ChEMBL,
X889,X889,K,[*]N[C@@H](CCCCN1CC1)C([*])=O |$_R1;;;;;;;;;;;_R2;$|,Backbone,2,ChEMBL,
X89,X89,K,Cc1ccccc1NC(=O)NCCCC[C@H](N[*])C([*])=O |$;;;;;;;;;;;;;;;;;_R1;;_R2;$|,Backbone,2,ChEMBL,
X890,X890,P,CCc1ccc(cc1)-c1cn(nn1)[C@H]1C[C@H](N([*])C1)C([*])=O |$;;;;;;;;;;;;;;;;;_R1;;;_R2;$|,Backbone,2,ChEMBL,
X891,X891,X,[*]N[C@H]1CC(=O)NC1=O |$_R1;;;;;;;;$|,Backbone,1,ChEMBL,
X892,X892,X,"NC1=N[C@@H](CS1)C([*])=O |$;;;;;;;_R2;$,t:1|",Backbone,1,ChEMBL,
X893,X893,K,CC(=[Se])NCCCC[C@H](N[*])C([*])=O |$;;;;;;;;;;_R1;;_R2;$|,Backbone,2,ChEMBL,
X894,X894,F,[*]C(=O)[C@H](Cc1ccccc1)n1c(=O)[nH]c2ccccc2c1=O |$_R2;;;;;;;;;;;;;;;;;;;;;;$|,Backbone,1,ChEMBL,
X895,X895,Y,Cc1cc(C[C@@H](N[*])C([*])=O)c(C)cc1O |$;;;;;;;_R1;;_R2;;;;;;$|,Backbone,2,ChEMBL,
X897,X897,X,[*]N[C@@H](CCSN=O)C([*])=O |$_R1;;;;;;;;;_R2;$|,Backbone,2,ChEMBL,
X9,X9,A,C[C@H](NC(=S)Nc1ccc2c(c1)C(=O)OC21c2ccc(O)cc2Oc2cc(O)ccc12)C([*])=O |$;;;;;;;;;;;;;;;;;;;;;;;;;;;;;;;;_R2;$|,Backbone,1,ChEMBL,
X90,X90,Y,CC(C)C[C@@H](CN[C@@H](Cc1ccc(O)cc1)C([*])=O)C(O)=O |$;;;;;;;;;;;;;;;;;_R2;;;;$|,Backbone,1,ChEMBL,
X900,X900,E,OC(=O)CC[C@H](NCCCc1ccc(F)c(F)c1F)C([*])=O |$;;;;;;;;;;;;;;;;;;;;_R2;$|,Backbone,1,ChEMBL,
X901,X901,E,OC(=O)CC[C@H](NCCc1c2ccccc2cc2ccccc12)C([*])=O |$;;;;;;;;;;;;;;;;;;;;;;;;_R2;$|,Backbone,1,ChEMBL,
X903,X903,P,F[C@@H]1C[C@H](N([*])C1)C([*])=O |$;;;;;_R1;;;_R2;$|,Backbone,2,ChEMBL,
X904,X904,W,Cc1ccc2[nH]cc(C[C@H](N[*])C([*])=O)c2c1 |$;;;;;;;;;;;_R1;;_R2;;;$|,Backbone,2,ChEMBL,
X905,X905,X,"[*]N1CC=C[C@H]1C([*])=O |$_R1;;;;;;;_R2;$,c:3|",Backbone,2,ChEMBL,
X907,X907,A,C[C@H](N([*])CC=C)C([*])=O |$;;;_R1;;;;;_R2;$|,Backbone,2,ChEMBL,
X909,X909,P,CC(C)=CC[C@]12C[C@H](N([*])[C@H]1Nc1ccccc21)C([*])=O |$;;;;;;;;;_R1;;;;;;;;;;_R2;$|,Backbone,2,ChEMBL,
X91,X91,M,CSCC[C@H](NC(=O)NC(C)(C)C)C([*])=O |$;;;;;;;;;;;;;;_R2;$|,Backbone,1,ChEMBL,
X913,X913,K,NNCCCC[C@H](N[*])C([*])=O |$;;;;;;;;_R1;;_R2;$|,Backbone,2,ChEMBL,
X914,X914,X,N[C@@H]1C[C@@H]1CC[C@H](N[*])C([*])=O |$;;;;;;;;_R1;;_R2;$|,Backbone,2,ChEMBL,
X915,X915,W,[NH3+][C@@H](Cc1c[nH]c2ccccc12)C([*])=O |$;;;;;;;;;;;;;_R2;$|,Backbone,1,ChEMBL,
X916,X916,R,NC(N)=[NH+]CCC[C@H](N[*])C([*])=O |$;;;;;;;;;_R1;;_R2;$|,Backbone,2,ChEMBL,
X917,X917,L,CC(C)C[C@H](N[*])C([O-])=O |$;;;;;;_R1;;;$|,Backbone,1,ChEMBL,
X92,X92,V,CC(C)(CO)[C@H](N[*])C([*])=O |$;;;;;;;_R1;;_R2;$|,Backbone,2,ChEMBL,
X920,X920,E,[*]N[C@@H](CCC(=O)OC1CCCCC1)C([*])=O |$_R1;;;;;;;;;;;;;;;_R2;$|,Backbone,2,ChEMBL,
X921,X921,G,[*]C(=O)CNCCNS(=O)(=O)c1cccc2cnccc12 |$_R2;;;;;;;;;;;;;;;;;;;;$|,Backbone,1,ChEMBL,
X924,X924,P,NC(=N)NCCC[C@H](CC(=O)[C@@H]1CCCN1[*])C(O)=O |$;;;;;;;;;;;;;;;;_R1;;;$|,Backbone,1,ChEMBL,
X925,X925,X,CCCCC[C@H](N([*])CC)C([*])=O |$;;;;;;;_R1;;;;_R2;$|,Backbone,2,ChEMBL,
X928,X928,W,C[C@H]([C@@H](N[*])C([*])=O)c1c[nH]c2ccccc12 |$;;;;_R1;;_R2;;;;;;;;;;$|,Backbone,2,ChEMBL,
X929,X929,R,NC(=N)NCCC[C@@H](N[*])C(=O)c1nc2ccccc2s1 |$;;;;;;;;;_R1;;;;;;;;;;;$|,Backbone,1,ChEMBL,
X93,X93,K,[*]N[C@@H](CCCCNC1CCCC1)C([*])=O |$_R1;;;;;;;;;;;;;;_R2;$|,Backbone,2,ChEMBL,
X930,X930,X,[*]N[C@@H]([C@H]1CCc2ccccc12)C([*])=O |$_R1;;;;;;;;;;;;;_R2;$|,Backbone,2,ChEMBL,
X931,X931,F,OP(O)(=O)Cc1ccc(C[C@@H](N[*])C([*])=O)cc1 |$;;;;;;;;;;;;_R1;;_R2;;;$|,Backbone,2,ChEMBL,
X932,X932,F,CC(C)(C)c1ccc(C[C@H](N[*])C([*])=O)cc1 |$;;;;;;;;;;;_R1;;_R2;;;$|,Backbone,2,ChEMBL,
X933,X933,F,FC(F)(F)c1ccc(C[C@@H](N[*])C([*])=O)cc1 |$;;;;;;;;;;;_R1;;_R2;;;$|,Backbone,2,ChEMBL,
X934,X934,R,CCNC(=N)NCCC[C@H](N[*])C([*])=O |$;;;;;;;;;;;_R1;;_R2;$|,Backbone,2,ChEMBL,
X935,X935,R,CCCNC(=N)NCCC[C@H](N[*])C([*])=O |$;;;;;;;;;;;;_R1;;_R2;$|,Backbone,2,ChEMBL,
X936,X936,F,C[C@@]1(CO1)C(=O)[C@H](Cc1ccc(N)cc1)N[*] |$;;;;;;;;;;;;;;;;_R1$|,Backbone,1,ChEMBL,
X938,X938,X,N[C@H](CCCCC(N)=N)C([*])=O |$;;;;;;;;;;_R2;$|,Backbone,1,ChEMBL,
X939,X939,P,CCCO[C@H]1C[C@@H](N([*])C1)C([*])=O |$;;;;;;;;_R1;;;_R2;$|,Backbone,2,ChEMBL,
X94,X94,N,N[C@@H](CC(=O)NC(=O)c1ccccc1N)C([*])=O |$;;;;;;;;;;;;;;;;_R2;$|,Backbone,1,ChEMBL,
X940,X940,S,CCCCCCCCCCC(=O)OC[C@H](N[*])C([*])=O |$;;;;;;;;;;;;;;;;_R1;;_R2;$|,Backbone,2,ChEMBL,
X941,X941,X,[*]N[C@@H](C[C@@H]1CCNC1=O)C(=O)c1nc2ccccc2s1 |$_R1;;;;;;;;;;;;;;;;;;;;$|,Backbone,1,ChEMBL,
X942,X942,X,[*]N[C@@H](C[C@@H]1CCNC1=O)C(=O)c1nccs1 |$_R1;;;;;;;;;;;;;;;;$|,Backbone,1,ChEMBL,
X943,X943,X,[*]C(=O)[C@H](CCCNCc1ccccc1)NCc1ccccc1 |$_R2;;;;;;;;;;;;;;;;;;;;;;$|,Backbone,1,ChEMBL,
X944,X944,X,COc1ccc(CNCCC[C@H](NCc2ccccc2)C([*])=O)cc1 |$;;;;;;;;;;;;;;;;;;;;;_R2;;;$|,Backbone,1,ChEMBL,
X945,X945,Y,C[C@H]([C@@H](N[*])C([*])=O)c1ccc(O)cc1 |$;;;;_R1;;_R2;;;;;;;;$|,Backbone,2,ChEMBL,
X946,X946,X,[*]N1CS(=O)C[C@@H]1C([*])=O |$_R1;;;;;;;;_R2;$|,Backbone,2,ChEMBL,
X947,X947,X,[*]N1CCc2ccccc2[C@@H]1C([*])=O |$_R1;;;;;;;;;;;;_R2;$|,Backbone,2,ChEMBL,
X948,X948,L,CC(C)C[C@H](N[*])C(=O)[C@@]1(CO)CO1 |$;;;;;;_R1;;;;;;;$|,Backbone,1,ChEMBL,
X949,X949,F,Nc1c(I)cc(C[C@H](N[*])C([*])=O)cc1I |$;;;;;;;;;_R1;;_R2;;;;$|,Backbone,2,ChEMBL,
X95,X95,E,CC(C)(C)OC(=O)N[C@H](CCC(O)=O)C([*])=O |$;;;;;;;;;;;;;;;_R2;$|,Backbone,1,ChEMBL,
X950,X950,E,OC(=O)CC[C@H](NCC1CCCCC1)C([*])=O |$;;;;;;;;;;;;;;;_R2;$|,Backbone,1,ChEMBL,
X951,X951,P,CS[C@H]1C[C@H](N([*])C1)C([*])=O |$;;;;;;_R1;;;_R2;$|,Backbone,2,ChEMBL,
X954,X954,G,COC(=O)CN(C)[*] |$;;;;;;;_R1$|,Backbone,1,ChEMBL,
X955,X955,G,N[C@H](CNCC([*])=O)Cc1ccccc1 |$;;;;;;_R2;;;;;;;;$|,Backbone,1,ChEMBL,
X956,X956,X,"CC(=N[*])C([*])=O |w:2.2,$;;;_R1;;_R2;$|",Backbone,2,ChEMBL,
X957,X957,V,CC(C)[C@H](NC(=O)N(Cc1ccccc1)Cc1ccccc1)C([*])=O |$;;;;;;;;;;;;;;;;;;;;;;;_R2;$|,Backbone,1,ChEMBL,
X958,X958,V,CC(C)[C@H](NC(=O)N(c1ccccc1)c1ccccc1)C([*])=O |$;;;;;;;;;;;;;;;;;;;;;_R2;$|,Backbone,1,ChEMBL,
X959,X959,Y,Oc1ccc(C[C@H](N(CCc2ccccc2)CCc2ccccc2)C([*])=O)cc1 |$;;;;;;;;;;;;;;;;;;;;;;;;;_R2;;;$|,Backbone,1,ChEMBL,
X96,X96,Y,OS(=O)(=O)Oc1ccc(C[C@H](N[*])C([*])=O)cc1 |$;;;;;;;;;;;;_R1;;_R2;;;$|,Backbone,2,ChEMBL,
X960,X960,P,[*]N1C[C@H](Cc2ccccc2)C[C@H]1C([*])=O |$_R1;;;;;;;;;;;;;;_R2;$|,Backbone,2,ChEMBL,
X961,X961,P,CS[C@@H]1CCN([*])[C@H]1C([*])=O |$;;;;;;_R1;;;_R2;$|,Backbone,2,ChEMBL,
X962,X962,R,NC(=N)NCCC[C@H](N[*])C(=O)C[n+]1ccccc1 |$;;;;;;;;;_R1;;;;;;;;;$|,Backbone,1,ChEMBL,
X963,X963,S,COC(=O)[C@H](COC(=O)c1ccc(C)cc1)N[*] |$;;;;;;;;;;;;;;;;;_R1$|,Backbone,1,ChEMBL,
X964,X964,D,OC(=O)C[C@H](N[*])C(=O)c1nccs1 |$;;;;;;_R1;;;;;;;$|,Backbone,1,ChEMBL,
X965,X965,A,C[C@H](N[*])C(=O)C(O)=O |$;;;_R1;;;;;$|,Backbone,1,ChEMBL,
X966,X966,F,NCc1ccc(C[C@H](N[*])C([*])=O)cc1 |$;;;;;;;;;_R1;;_R2;;;$|,Backbone,2,ChEMBL,
X967,X967,K,CC(C)(C)OC(=O)NCCCC[C@@H](N[*])C=O |$;;;;;;;;;;;;;;_R1;;$|,Backbone,1,ChEMBL,
X968,X968,F,CN[C@@H](Cc1cccc(O)c1)C([*])=O |$;;;;;;;;;;;;_R2;$|,Backbone,1,ChEMBL,
X971,X971,A,C[C@H](Nc1ccc(c2nonc12)N(=O)=O)C([*])=O |$;;;;;;;;;;;;;;;;_R2;$|,Backbone,1,ChEMBL,
X972,X972,X,CC1(C)SC[C@H](N1[*])C([*])=O |$;;;;;;;_R1;;_R2;$|,Backbone,2,ChEMBL,
X973,X973,H,CCn1cnc(C[C@H](N[*])C([*])=O)c1 |$;;;;;;;;;_R1;;_R2;;$|,Backbone,2,ChEMBL,
X974,X974,X,COC(=O)C(=O)[C@H](CC(F)F)N[*] |$;;;;;;;;;;;;_R1$|,Backbone,1,ChEMBL,
X975,X975,Y,Nc1cc(C[C@H](N[*])C([*])=O)ccc1O |$;;;;;;;_R1;;_R2;;;;;$|,Backbone,2,ChEMBL,
X976,X976,X,[*]N[C@@H](Sc1ccccc1)C([*])=O |$_R1;;;;;;;;;;;_R2;$|,Backbone,2,ChEMBL,
X977,X977,K,[*]N[C@@H](CCCCNCc1ccc2ccccc2c1)C([*])=O |$_R1;;;;;;;;;;;;;;;;;;;;_R2;$|,Backbone,2,ChEMBL,
X978,X978,G,CC(C)C[C@H](N)CNCC([*])=O |$;;;;;;;;;;_R2;$|,Backbone,1,ChEMBL,
X979,X979,F,Cc1cc(C)cc(C[C@H](N[*])C([*])=O)c1 |$;;;;;;;;;;_R1;;_R2;;$|,Backbone,2,ChEMBL,
X98,X98,M,CS(=O)(=O)CC[C@H](N[*])C=O |$;;;;;;;;_R1;;$|,Backbone,1,ChEMBL,
X981,X981,X,[*]N[C@@]1(CCc2ccccc2C1)C([*])=O |$_R1;;;;;;;;;;;;;_R2;$|,Backbone,2,ChEMBL,
X982,X982,K,"CCCCN=C(NCCCC[C@H](N[*])C([*])=O)NC#N |w:4.3,$;;;;;;;;;;;;;_R1;;_R2;;;;$|",Backbone,2,ChEMBL,
X983,X983,Y,OP(O)(=O)Oc1ccc(C[C@H](NC(=O)OCc2ccccc2)C([*])=O)cc1 |$;;;;;;;;;;;;;;;;;;;;;;;_R2;;;$|,Backbone,1,ChEMBL,
X984,X984,F,FN([*])[C@@H](Cc1ccc2ccccc2c1)C([*])=O |$;;_R1;;;;;;;;;;;;;;_R2;$|,Backbone,2,ChEMBL,
X985,X985,X,[*]N[C@H](Cc1ccsc1)C([*])=O |$_R1;;;;;;;;;;_R2;$|,Backbone,2,ChEMBL,
X986,X986,X,BrCCCCC[C@H]([N-][N+]#N)C([*])=O |$;;;;;;;;;;;_R2;$|,Backbone,1,ChEMBL,
X987,X987,W,OC(=O)N[C@@H](Cc1c[nH]c2ccccc12)C([*])=O |$;;;;;;;;;;;;;;;;_R2;$|,Backbone,1,ChEMBL,
X99,X99,V,CC(C)[C@H](NS(C)(=O)=O)C([*])=O |$;;;;;;;;;;_R2;$|,Backbone,1,ChEMBL,
X991,X991,G,CCC#CCN([*])CC([*])=O |$;;;;;;_R1;;;_R2;$|,Backbone,2,ChEMBL,
X992,X992,F,OS(=O)(=O)Cc1cccc(C[C@@H](N[*])C([*])=O)c1 |$;;;;;;;;;;;;;_R1;;_R2;;$|,Backbone,2,ChEMBL,
X993,X993,C,OS(=O)(=O)C[C@@H](N[*])C([*])=O |$;;;;;;;_R1;;_R2;$|,Backbone,2,ChEMBL,
X995,X995,P,[*]N1C[C@H](C[C@H]1C([*])=O)n1cc(Cn2nnc3ccccc23)nn1 |$_R1;;;;;;;_R2;;;;;;;;;;;;;;;;$|,Backbone,2,ChEMBL,
X997,X997,D,COC(=O)C[C@H](N[*])C(=O)CF |$;;;;;;;_R1;;;;$|,Backbone,1,ChEMBL,
X998,X998,F,OS(=O)(=O)c1ccc(C[C@H](N[*])C([*])=O)cc1 |$;;;;;;;;;;;_R1;;_R2;;;$|,Backbone,2,ChEMBL,
X999,X999,X,OS(=O)(=O)CC[C@H](N[*])C([*])=O |$;;;;;;;;_R1;;_R2;$|,Backbone,2,ChEMBL,
Y_MeF,Tyrosine fluoromethyl,Y,Oc1ccc(C[C@H](N[*])C(=O)CF)cc1 |$;;;;;;;;_R1;;;;;;$|,Backbone,1,ChEMBL,
Y_OBzl,Tyrosine benzyl ester,Y,Oc1ccc(C[C@H](N[*])C(=O)OCc2ccccc2)cc1 |$;;;;;;;;_R1;;;;;;;;;;;;$|,Backbone,1,ChEMBL,
Y_OMe,Tyrosine methyl ester,Y,COC(=O)[C@H](Cc1ccc(O)cc1)N[*] |$;;;;;;;;;;;;;;_R1$|,Backbone,1,ChEMBL,
ac,N-Terminal Acetic Acid,X,CC([*])=O |$;;_R2;$|,Backbone,1,ChEMBL,
am,C-Terminal amine,X,N[*] |$;_R1$|,Backbone,1,ChEMBL,
am_F,C-Terminal amine Phenylalanine,F,NN([*])[C@@H](Cc1ccccc1)C([*])=O |$;;_R1;;;;;;;;;;_R2;$|,Backbone,2,ChEMBL,
am_G,C-Terminal amine Glycine,G,NN([*])CC([*])=O |$;;_R1;;;_R2;$|,Backbone,2,ChEMBL,
d2-Pal,D-3-(2-Pyridyl)-alanine,X,[*]N[C@H](Cc1ccccn1)C([*])=O |$_R1;;;;;;;;;;;_R2;$|,Backbone,2,ChEMBL,
d3-Pal,D-3-(2-pyridyl)-alanine,X,[*]N[C@H](Cc1cccnc1)C([*])=O |$_R1;;;;;;;;;;;_R2;$|,Backbone,2,ChEMBL,
d4-Pal,D-3-(4-Pyridyl)-alanine,X,[*]N[C@H](Cc1ccncc1)C([*])=O |$_R1;;;;;;;;;;;_R2;$|,Backbone,2,ChEMBL,
dA_OBzl,D-Alanine benzyl ester,A,C[C@@H](N[*])C(=O)OCc1ccccc1 |$;;;_R1;;;;;;;;;;$|,Backbone,1,ChEMBL,
dAad,D-2-aminoadipic acid,A,[*]N[C@H](CCCC([*])=O)C([*])=O |$_R1;;;;;;;_R3;;;_R2;$|,Backbone,3,ChEMBL,
dAze,D-2-carboxyazetidine,X,[*]N1CC[C@@H]1C([*])=O |$_R1;;;;;;_R2;$|,Backbone,2,ChEMBL,
dC,D-Cysteine,C,[*]N[C@H](CS[*])C([*])=O |$_R1;;;;;_R3;;_R2;$|,Backbone,3,ChEMBL,
dChg,D-alpha-cyclohexylglycine,X,[*]N[C@H](C1CCCCC1)C([*])=O |$_R1;;;;;;;;;;_R2;$|,Backbone,2,ChEMBL,
dCit,D-citrullin,X,NC(=O)NCCC[C@@H](N[*])C([*])=O |$;;;;;;;;;_R1;;_R2;$|,Backbone,2,ChEMBL,
dCys(tBu),S-t.-Butyl-D-cysteine,C,CC(C)(C)SC[C@@H](N[*])C([*])=O |$;;;;;;;;_R1;;_R2;$|,Backbone,2,ChEMBL,
dD,D-Aspartic acid,D,[*]N[C@H](CC([*])=O)C([*])=O |$_R1;;;;;_R3;;;_R2;$|,Backbone,3,ChEMBL,
dDab,"D-2,4-diaminobutanoic acid",X,[*]N[C@H](CCN[*])C([*])=O |$_R1;;;;;;_R3;;_R2;$|,Backbone,3,ChEMBL,
dDpr,"D-2,3-diaminopropanoic acid",X,[*]N[C@H](CN[*])C([*])=O |$_R1;;;;;_R3;;_R2;$|,Backbone,3,ChEMBL,
dE,D-Glutamic acid,E,[*]N[C@H](CCC([*])=O)C([*])=O |$_R1;;;;;;_R3;;;_R2;$|,Backbone,3,ChEMBL,
dF_OMe,D-Phenylalanine methyl ester,F,COC(=O)[C@@H](Cc1ccccc1)N[*] |$;;;;;;;;;;;;;_R1$|,Backbone,1,ChEMBL,
dGlp,D-Pyroglutamic acid,P,[*]C(=O)[C@H]1CCC(=O)N1 |$_R2;;;;;;;;$|,Backbone,1,ChEMBL,
dGlu(OBzl),D-Glutamic acid gamma-benzyl ester,E,N[C@H](CCC(=O)OCc1ccccc1)C([*])=O |$;;;;;;;;;;;;;;;_R2;$|,Backbone,1,ChEMBL,
dH,D-Histidine,H,[*]N[C@H](Cc1cnc[nH]1)C([*])=O |$_R1;;;;;;;;;;_R2;$|,Backbone,2,ChEMBL,
dHcy,D-homocysteine,X,[*]N[C@H](CCS[*])C([*])=O |$_R1;;;;;;_R3;;_R2;$|,Backbone,3,ChEMBL,
dHph,D-Homophenylalanine,X,[*]N[C@H](CCc1ccccc1)C([*])=O |$_R1;;;;;;;;;;;;_R2;$|,Backbone,2,ChEMBL,
dHpr_OMe,D-Pipecolic acid methyl ester,X,COC(=O)[C@@H]1CCCCN1[*] |$;;;;;;;;;;_R1$|,Backbone,1,ChEMBL,
dIva,D-isovaline,X,CC[C@@](C)(N[*])C([*])=O |$;;;;;_R1;;_R2;$|,Backbone,2,ChEMBL,
dL_OMe,D-Leucine methyl ester,L,COC(=O)[C@@H](CC(C)C)N[*] |$;;;;;;;;;;_R1$|,Backbone,1,ChEMBL,
dLys(2-MP),D-N-epsilon-2-Methylpyridinelysine,K,[*]N[C@H](CCCCNCc1ccccn1)C([*])=O |$_R1;;;;;;;;;;;;;;;;_R2;$|,Backbone,2,ChEMBL,
dLys(Cbz),N-epsilon-CBZ-D-lysine,K,[*]N[C@H](CCCCNC(=O)OCc1ccccc1)C([*])=O |$_R1;;;;;;;;;;;;;;;;;;;_R2;$|,Backbone,2,ChEMBL,
dLys(Me),D-N-epsilon-Methyllysine,K,CNCCCC[C@@H](N[*])C([*])=O |$;;;;;;;;_R1;;_R2;$|,Backbone,2,ChEMBL,
dLys(Me)2,D-N-epsilon-Dimethyllysine,K,CN(C)CCCC[C@@H](N[*])C([*])=O |$;;;;;;;;;_R1;;_R2;$|,Backbone,2,ChEMBL,
dM,D-Methionine,M,CSCC[C@@H](N[*])C([*])=O |$;;;;;;_R1;;_R2;$|,Backbone,2,ChEMBL,
dM_OMe,D-Methionine methyl ester,M,COC(=O)[C@@H](CCSC)N[*] |$;;;;;;;;;;_R1$|,Backbone,1,ChEMBL,
dNal,D-3-naphthylalanine,F,[*]N[C@H](Cc1ccc2ccccc2c1)C([*])=O |$_R1;;;;;;;;;;;;;;;_R2;$|,Backbone,2,ChEMBL,
dNle,D-norleucine,X,CCCC[C@@H](N[*])C([*])=O |$;;;;;;_R1;;_R2;$|,Backbone,2,ChEMBL,
dNva_OBzl,D-norvaline benzyl ester,X,CCC[C@@H](N[*])C(=O)OCc1ccccc1 |$;;;;;_R1;;;;;;;;;;$|,Backbone,1,ChEMBL,
dNva_OMe,D-norvaline methyl ester,X,CCC[C@@H](N[*])C(=O)OC |$;;;;;_R1;;;;$|,Backbone,1,ChEMBL,
dOrn,D-ornithine,X,[*]N[C@H](CCCN[*])C([*])=O |$_R1;;;;;;;_R3;;_R2;$|,Backbone,3,ChEMBL,
dP_OBzl,D-Proline benzyl ester,P,[*]N1CCC[C@@H]1C(=O)OCc1ccccc1 |$_R1;;;;;;;;;;;;;;;$|,Backbone,1,ChEMBL,
dP_OMe,D-Proline methyl ester,P,COC(=O)[C@H]1CCCN1[*] |$;;;;;;;;;_R1$|,Backbone,1,ChEMBL,
dPen,D-penicillamine (3-mercaptovaline),C,CC(C)(S[*])[C@@H](N[*])C([*])=O |$;;;;_R3;;;_R1;;_R2;$|,Backbone,3,ChEMBL,
dPen_Me,D-penicillamine (3-mercaptovaline) methyl,C,CC(=O)[C@H](N[*])C(C)(C)S[*] |$;;;;;_R1;;;;;_R3$|,Backbone,2,ChEMBL,
dPhe(2-CN),D-o-Cyanophenylalanine,F,[*]N[C@H](Cc1ccccc1C#N)C([*])=O |$_R1;;;;;;;;;;;;;_R2;$|,Backbone,2,ChEMBL,
dPhe(2-Cl),D-o-Chlorophenylalanine,F,Clc1ccccc1C[C@@H](N[*])C([*])=O |$;;;;;;;;;;_R1;;_R2;$|,Backbone,2,ChEMBL,
dPhe(2-F),D-o-Fluorophenylalanine,F,Fc1ccccc1C[C@@H](N[*])C([*])=O |$;;;;;;;;;;_R1;;_R2;$|,Backbone,2,ChEMBL,
dPhe(2-Me),D-o-Methylphenylalanine,F,Cc1ccccc1C[C@@H](N[*])C([*])=O |$;;;;;;;;;;_R1;;_R2;$|,Backbone,2,ChEMBL,
dPhe(2-NO2),D-o-Nitrophenylalanine,F,[*]N[C@H](Cc1ccccc1N(=O)=O)C([*])=O |$_R1;;;;;;;;;;;;;;_R2;$|,Backbone,2,ChEMBL,
dPhe(3-CN),D-m-Cyanophenylalanine,F,[*]N[C@H](Cc1cccc(c1)C#N)C([*])=O |$_R1;;;;;;;;;;;;;_R2;$|,Backbone,2,ChEMBL,
dPhe(3-Cl),D-m-Chlorophenylalanine,F,Clc1cccc(C[C@@H](N[*])C([*])=O)c1 |$;;;;;;;;;_R1;;_R2;;$|,Backbone,2,ChEMBL,
dPhe(3-NO2),D-m-Nitrophenylalanine,F,[*]N[C@H](Cc1cccc(c1)N(=O)=O)C([*])=O |$_R1;;;;;;;;;;;;;;_R2;$|,Backbone,2,ChEMBL,
dPhe(3-OMe),D-m-Metoxyphenylalanine,F,COc1cccc(C[C@@H](N[*])C([*])=O)c1 |$;;;;;;;;;;_R1;;_R2;;$|,Backbone,2,ChEMBL,
dPhe(4-Cl),4-Chloro-D-phenylalanine,F,Clc1ccc(C[C@@H](N[*])C([*])=O)cc1 |$;;;;;;;;_R1;;_R2;;;$|,Backbone,2,ChEMBL,
dPhe(4-Me),D-p-Methylphenylalanine,F,Cc1ccc(C[C@@H](N[*])C([*])=O)cc1 |$;;;;;;;;_R1;;_R2;;;$|,Backbone,2,ChEMBL,
dPhe(4-NH2),D-p-Aminophenylalanine,F,Nc1ccc(C[C@@H](N[*])C([*])=O)cc1 |$;;;;;;;;_R1;;_R2;;;$|,Backbone,2,ChEMBL,
dPhg,D-2-phenylglycine,X,[*]N[C@@H](C([*])=O)c1ccccc1 |$_R1;;;;_R2;;;;;;;$|,Backbone,2,ChEMBL,
dQ,D-Glutamine,Q,NC(=O)CC[C@@H](N[*])C([*])=O |$;;;;;;;_R1;;_R2;$|,Backbone,2,ChEMBL,
dSer(Bzl),O-Benzyl-D-serine,S,[*]N[C@H](COCc1ccccc1)C([*])=O |$_R1;;;;;;;;;;;;;_R2;$|,Backbone,2,ChEMBL,
dSer(tBu),O-t.-Butyl-D-serine,S,CC(C)(C)OC[C@@H](N[*])C([*])=O |$;;;;;;;;_R1;;_R2;$|,Backbone,2,ChEMBL,
dThi,D-3-thienylalanine,X,[*]N[C@H](Cc1cccs1)C([*])=O |$_R1;;;;;;;;;;_R2;$|,Backbone,2,ChEMBL,
dThr(Bzl),O-Benzyl-D-Threonine,T,C[C@H](OCc1ccccc1)[C@@H](N[*])C([*])=O |$;;;;;;;;;;;;_R1;;_R2;$|,Backbone,2,ChEMBL,
dTic,"D-1,2,3,4-tetrahydro-3-isoquinolinecarboxylic acid",X,[*]N1Cc2ccccc2C[C@@H]1C([*])=O |$_R1;;;;;;;;;;;;_R2;$|,Backbone,2,ChEMBL,
dTle,D-3-methylvaline,V,CC(C)(C)[C@@H](N[*])C([*])=O |$;;;;;;_R1;;_R2;$|,Backbone,2,ChEMBL,
dTyr(Bzl),O-Benzyl-D-tyrosine,Y,[*]N[C@H](Cc1ccc(OCc2ccccc2)cc1)C([*])=O |$_R1;;;;;;;;;;;;;;;;;;;_R2;$|,Backbone,2,ChEMBL,
dW_OBzl,D-Tryptophan benzyl ester,W,[*]N[C@H](Cc1c[nH]c2ccccc12)C(=O)OCc1ccccc1 |$_R1;;;;;;;;;;;;;;;;;;;;;;$|,Backbone,1,ChEMBL,
dalloHyp,D-allo-4-hydroxyproline,P,O[C@@H]1C[C@@H](N([*])C1)C([*])=O |$;;;;;_R1;;;_R2;$|,Backbone,2,ChEMBL,
dalloI,D-allo-Isoleucine,I,CC[C@H](C)[C@@H](N[*])C([*])=O |$;;;;;;_R1;;_R2;$|,Backbone,2,ChEMBL,
dalloT,D-allo-Threonine,T,C[C@@H](O)[C@@H](N[*])C([*])=O |$;;;;;_R1;;_R2;$|,Backbone,2,ChEMBL,
dalloThr(Bzl),O-Benzyl-D-allo-Threonine,T,C[C@@H](OCc1ccccc1)[C@@H](N[*])C([*])=O |$;;;;;;;;;;;;_R1;;_R2;$|,Backbone,2,ChEMBL,
dmeD,D-N-Methyl-Aspartic acid,D,CN([*])[C@H](CC([*])=O)C([*])=O |$;;_R1;;;;_R3;;;_R2;$|,Backbone,3,ChEMBL,
lalloHyp,L-allo-4-hydroxyproline,P,O[C@H]1C[C@H](N([*])C1)C([*])=O |$;;;;;_R1;;;_R2;$|,Backbone,2,ChEMBL,
lalloI,L-allo-Isoleucine,I,CC[C@@H](C)[C@H](N[*])C([*])=O |$;;;;;;_R1;;_R2;$|,Backbone,2,ChEMBL,
lalloI_OMe,L-allo-Isoleucine methyl ester,I,CC[C@@H](C)[C@H](N[*])C(=O)OC |$;;;;;;_R1;;;;$|,Backbone,1,ChEMBL,
lalloT,L-allo-Threonine,T,C[C@H](O)[C@H](N[*])C([*])=O |$;;;;;_R1;;_R2;$|,Backbone,2,ChEMBL,
meC,N-Methyl-Cysteine,C,CN([*])[C@@H](CS[*])C([*])=O |$;;_R1;;;;_R3;;_R2;$|,Backbone,3,ChEMBL,
meE,N-Methyl-Glutamic acid,E,CN([*])[C@@H](CCC([*])=O)C([*])=O |$;;_R1;;;;;_R3;;;_R2;$|,Backbone,3,ChEMBL,
meR,N-Methyl-Arginine,R,CN([*])[C@@H](CCCNC(N)=N)C([*])=O |$;;_R1;;;;;;;;;;_R2;$|,Backbone,2,ChEMBL,
(N->O)Leu,Leucic acid,L,CC(C)C[C@H](O[*])C([*])=O |$;;;;;;_R1;;_R2;$|,Backbone,2,CycPeptMPDB,
(N->O)Tyr,N.D,Y,[*]O[C@@H](Cc1ccc(O)cc1)C([*])=O |$_R1;;;;;;;;;;;;_R2;$|,Backbone,2,CycPeptMPDB,
(N->O)Val,N.D,V,CC(C)[C@H](O[*])C([*])=O |$;;;;;_R1;;_R2;$|,Backbone,2,CycPeptMPDB,
(N->O)Val(3-OH),N.D,V,CC(C)(O)[C@H](O[*])C([*])=O |$;;;;;;_R1;;_R2;$|,Backbone,2,CycPeptMPDB,
(N->O)xiIle,N.D,I,CCC(C)[C@H](O[*])C([*])=O |$;;;;;;_R1;;_R2;$|,Backbone,2,CycPeptMPDB,
-aze,C-Terminal azetidine,X,[*]N1CCC1 |$_R1;;;;$|,Terminal,1,CycPeptMPDB,
-mor,C-Terminal morpholineamide,X,[*]N1CCOCC1 |$_R1;;;;;;$|,Terminal,1,CycPeptMPDB,
-nme2,C-Terminal dimethylamine,X,CN(C)[*] |$;;;_R1$|,Terminal,1,CycPeptMPDB,
-pip,C-Terminal piperidine,X,[*]N1CCCCC1 |$_R1;;;;;;$|,Terminal,1,CycPeptMPDB,
-pyrro,C-Terminal pyrrolidine,X,[*]N1CCCC1 |$_R1;;;;;$|,Terminal,1,CycPeptMPDB,
1-Nal,3-(1-naphthyl)-L-alanine,A,[*]N[C@@H](Cc1cccc2ccccc12)C([*])=O |$_R1;;;;;;;;;;;;;;;_R2;$|,Backbone,2,CycPeptMPDB,
2-pyridylmethyl_Gly,N-pyrid-2-ylmethyl-glycine,G,[*]N(CC([*])=O)Cc1ccccn1 |$_R1;;;;_R2;;;;;;;;$|,Backbone,2,CycPeptMPDB,
2Abz,Anthranilic acid,X,[*]Nc1ccccc1C([*])=O |$_R1;;;;;;;;;_R2;$|,Backbone,2,CycPeptMPDB,
3-pyridylethyl_Gly,N-(2-pyrid-3-ylethyl)-glycine,G,[*]N(CCc1cccnc1)CC([*])=O |$_R1;;;;;;;;;;;;_R2;$|,Backbone,2,CycPeptMPDB,
5-Ava,5-aminovaleric acid,X,[*]NCCCCC([*])=O |$_R1;;;;;;;_R2;$|,Backbone,2,CycPeptMPDB,
A,Alanine,A,C[C@H](N[*])C([*])=O |$;;;_R1;;_R2;$|,Backbone,2,CycPeptMPDB,
Abu,2-aminobutanoic acid,X,CC[C@H](N[*])C([*])=O |$;;;;_R1;;_R2;$|,Backbone,2,CycPeptMPDB,
Abu(5-Tet),N.D,X,[*]N[C@@H](CCc1nn[nH]n1)C([*])=O |$_R1;;;;;;;;;;;_R2;$|,Backbone,2,CycPeptMPDB,
Aib,alpha-methyl-alanine,X,CC(C)(N[*])C([*])=O |$;;;;_R1;;_R2;$|,Backbone,2,CycPeptMPDB,
Ala(5-Tet),3-tetrazol-5-yl-L-alanine,A,[*]N[C@@H](Cc1nnn[nH]1)C([*])=O |$_R1;;;;;;;;;;_R2;$|,Backbone,2,CycPeptMPDB,
Ala(O->S),N.D,A,C[C@H](N[*])C([*])=S |$;;;_R1;;_R2;$|,Backbone,2,CycPeptMPDB,
Ala(cBu),3-cyclobutyl-L-alanine,A,[*]N[C@@H](CC1CCC1)C([*])=O |$_R1;;;;;;;;;_R2;$|,Backbone,2,CycPeptMPDB,
"Arg(Me,Me)","N3,N4-dimethylarginine",R,C/N=C(\NC)NCCC[C@H](N[*])C([*])=O |$;;;;;;;;;;;_R1;;_R2;$|,Backbone,2,CycPeptMPDB,
Asp(Ph(2-NH2)),Kynurenine,D,[*]N[C@@H](CC(=O)c1ccccc1N)C([*])=O |$_R1;;;;;;;;;;;;;;_R2;$|,Backbone,2,CycPeptMPDB,
Asp_piperidide,N.D,D,[*]N[C@@H](CC([*])=O)C(=O)N1CCCCC1 |$_R1;;;;;_R2;;;;;;;;;$|,Backbone,2,CycPeptMPDB,
Aze,L-azetidine-2-carboxylic acid,X,[*]N1CC[C@H]1C([*])=O |$_R1;;;;;;_R2;$|,Backbone,2,CycPeptMPDB,
Bal,beta-alanine,A,[*]NCCC([*])=O |$_R1;;;;;_R2;$|,Backbone,2,CycPeptMPDB,
Bal(3-Me),L-3-aminobutyric acid,A,C[C@@H](CC([*])=O)N[*] |$;;;;_R2;;;_R1$|,Backbone,2,CycPeptMPDB,
Bal(d3-CF3),(3R)-3-(trifluoromethyl)-beta-alanine,A,[*]N[C@@H](CC([*])=O)C(F)(F)F |$_R1;;;;;_R2;;;;;$|,Backbone,2,CycPeptMPDB,
Bal(d3-EtPh),N.D,A,[*]N[C@H](CCc1ccccc1)CC([*])=O |$_R1;;;;;;;;;;;;;_R2;$|,Backbone,2,CycPeptMPDB,
Bal(d3-Me),D-3-aminobutyric acid,A,C[C@H](CC([*])=O)N[*] |$;;;;_R2;;;_R1$|,Backbone,2,CycPeptMPDB,
Bn(4-Cl)_Gly,N-(4-chlorobenzyl)-glycine,G,[*]N(CC([*])=O)Cc1ccc(Cl)cc1 |$_R1;;;;_R2;;;;;;;;;$|,Backbone,2,CycPeptMPDB,
Cha,3-cyclohexyl-L-alanine,A,[*]N[C@@H](CC1CCCCC1)C([*])=O |$_R1;;;;;;;;;;;_R2;$|,Backbone,2,CycPeptMPDB,
Chg,L-cyclohexylglycine,G,[*]N[C@H](C([*])=O)C1CCCCC1 |$_R1;;;;_R2;;;;;;;$|,Backbone,2,CycPeptMPDB,
Cys(EtO2H)_NH2,N.D,C,[*]N[C@@H](CSCC([*])=O)C(N)=O |$_R1;;;;;;;_R2;;;;$|,Backbone,2,CycPeptMPDB,
D,Aspartic acid,D,[*]N[C@@H](CC([*])=O)C([*])=O |$_R1;;;;;_R3;;;_R2;$|,Backbone,3,CycPeptMPDB,
E,Glutamic acid,E,[*]N[C@@H](CCC([*])=O)C([*])=O |$_R1;;;;;;_R3;;;_R2;$|,Backbone,3,CycPeptMPDB,
Et_Leu,N-ethyl-L-leucine,L,CCN([*])[C@@H](CC(C)C)C([*])=O |$;;;_R1;;;;;;;_R2;$|,Backbone,2,CycPeptMPDB,
Et_Phe,N-ethyl-L-phenylalanine,F,CCN([*])[C@@H](Cc1ccccc1)C([*])=O |$;;;_R1;;;;;;;;;;_R2;$|,Backbone,2,CycPeptMPDB,
Et_Phe(4-Me),N-ethyl-4-methyl-L-phenylalanine,F,CCN([*])[C@@H](Cc1ccc(C)cc1)C([*])=O |$;;;_R1;;;;;;;;;;;_R2;$|,Backbone,2,CycPeptMPDB,
F,Phenylalanine,F,[*]N[C@@H](Cc1ccccc1)C([*])=O |$_R1;;;;;;;;;;;_R2;$|,Backbone,2,CycPeptMPDB,
G,Glycine,G,[*]NCC([*])=O |$_R1;;;;_R2;$|,Backbone,2,CycPeptMPDB,
GABA,4-aminobutyric acid,X,[*]NCCCC([*])=O |$_R1;;;;;;_R2;$|,Backbone,2,CycPeptMPDB,
Gln(Me),N5-methyl-L-glutamine,Q,CNC(=O)CC[C@H](N[*])C([*])=O |$;;;;;;;;_R1;;_R2;$|,Backbone,2,CycPeptMPDB,
Gln(Me2),"N5,N5-dimethyl-L-glutamine",Q,CN(C)C(=O)CC[C@H](N[*])C([*])=O |$;;;;;;;;;_R1;;_R2;$|,Backbone,2,CycPeptMPDB,
Gln(Mes),N5-mesyl-L-glutamine,Q,CS(=O)(=O)NC(=O)CC[C@H](N[*])C([*])=O |$;;;;;;;;;;;_R1;;_R2;$|,Backbone,2,CycPeptMPDB,
Glu(3R-Me),(3r)-3-methyl-L-glutamic acid,E,C[C@H](CC(=O)O)[C@H](N[*])C([*])=O |$;;;;;;;;_R1;;_R2;$|,Backbone,2,CycPeptMPDB,
Glu_NH2,Isoglutamine,E,[*]N[C@@H](CCC([*])=O)C(N)=O |$_R1;;;;;;_R2;;;;$|,Backbone,2,CycPeptMPDB,
Gly(cBu),2-cyclobutyl-L-glycine,G,[*]N[C@H](C([*])=O)C1CCC1 |$_R1;;;;_R2;;;;;$|,Backbone,2,CycPeptMPDB,
H,Histidine,H,[*]N[C@@H](Cc1c[nH]cn1)C([*])=O |$_R1;;;;;;;;;;_R2;$|,Backbone,2,CycPeptMPDB,
H2NEt_Phe,N-(2-aminoethyl)-L-phenylalanine,F,[*]NCCN[C@@H](Cc1ccccc1)C([*])=O |$_R1;;;;;;;;;;;;;;_R2;$|,Backbone,2,CycPeptMPDB,
HOCOCH2_Bal,N-(carboxymethyl)-beta alanine,A,[*]N(CCC(=O)O)CC([*])=O |$_R1;;;;;;;;;_R2;$|,Backbone,2,CycPeptMPDB,
Hph,Homophenylalanine,F,[*]N[C@@H](CCc1ccccc1)C([*])=O |$_R1;;;;;;;;;;;;_R2;$|,Backbone,2,CycPeptMPDB,
Hph(2-Cl),2-chloro-L-homophenylalanine,F,[*]N[C@@H](CCc1ccccc1Cl)C([*])=O |$_R1;;;;;;;;;;;;;_R2;$|,Backbone,2,CycPeptMPDB,
"Hph(3,4-diCl)","3,4-dichloro-L-homophe",F,[*]N[C@@H](CCc1ccc(Cl)c(Cl)c1)C([*])=O |$_R1;;;;;;;;;;;;;;_R2;$|,Backbone,2,CycPeptMPDB,
Hph(3-Cl),3-chloro-L-homophenylalanine,F,[*]N[C@@H](CCc1cccc(Cl)c1)C([*])=O |$_R1;;;;;;;;;;;;;_R2;$|,Backbone,2,CycPeptMPDB,
Hph(4-CF3),4-trifluoromethyl-L-homophe,F,[*]N[C@@H](CCc1ccc(C(F)(F)F)cc1)C([*])=O |$_R1;;;;;;;;;;;;;;;;_R2;$|,Backbone,2,CycPeptMPDB,
"Hph(4-CF3,3,5-diF)",N.D,F,[*]N[C@@H](CCc1cc(F)c(C(F)(F)F)c(F)c1)C([*])=O |$_R1;;;;;;;;;;;;;;;;;;_R2;$|,Backbone,2,CycPeptMPDB,
"Hph(4-CF3,3-Cl)",N.D,F,[*]N[C@@H](CCc1ccc(C(F)(F)F)c(Cl)c1)C([*])=O |$_R1;;;;;;;;;;;;;;;;;_R2;$|,Backbone,2,CycPeptMPDB,
Hph(4-Cl),4-chloro-L-homophenylalanine,F,[*]N[C@@H](CCc1ccc(Cl)cc1)C([*])=O |$_R1;;;;;;;;;;;;;_R2;$|,Backbone,2,CycPeptMPDB,
Hph(4-Me),4-methyl-L-homophe,F,Cc1ccc(CC[C@H](N[*])C([*])=O)cc1 |$;;;;;;;;;_R1;;_R2;;;$|,Backbone,2,CycPeptMPDB,
Hph(4-tBu),4-tert-butyl-L-homophe,F,CC(C)(C)c1ccc(CC[C@H](N[*])C([*])=O)cc1 |$;;;;;;;;;;;;_R1;;_R2;;;$|,Backbone,2,CycPeptMPDB,
Hse(Et),O-ethyl-L-homoserine,S,CCOCC[C@H](N[*])C([*])=O |$;;;;;;;_R1;;_R2;$|,Backbone,2,CycPeptMPDB,
Hyp(Et),(4R)-4-(ethyloxy)-L-proline,P,CCO[C@@H]1C[C@@H](C([*])=O)N([*])C1 |$;;;;;;;_R2;;;_R1;$|,Backbone,2,CycPeptMPDB,
I,Isoleucine,I,CC[C@H](C)[C@H](N[*])C([*])=O |$;;;;;;_R1;;_R2;$|,Backbone,2,CycPeptMPDB,
Ile(O->S),N.D,I,CC[C@H](C)[C@H](N[*])C([*])=S |$;;;;;;_R1;;_R2;$|,Backbone,2,CycPeptMPDB,
K,Lysine,K,[*]N[C@@H](CCCCN[*])C([*])=O |$_R1;;;;;;;;_R3;;_R2;$|,Backbone,3,CycPeptMPDB,
L,Leucine,L,CC(C)C[C@H](N[*])C([*])=O |$;;;;;;_R1;;_R2;$|,Backbone,2,CycPeptMPDB,
Leu(O->S),N.D,L,CC(C)C[C@H](N[*])C([*])=S |$;;;;;;_R1;;_R2;$|,Backbone,2,CycPeptMPDB,
Lys(Ac),N6-acetyl-L-lysine,K,CC(=O)NCCCC[C@H](N[*])C([*])=O |$;;;;;;;;;;_R1;;_R2;$|,Backbone,2,CycPeptMPDB,
Lys(Cbz),N6-benzyloxycarbonyl-L-lysine,K,[*]N[C@@H](CCCCNC(=O)OCc1ccccc1)C([*])=O |$_R1;;;;;;;;;;;;;;;;;;;_R2;$|,Backbone,2,CycPeptMPDB,
Lys(Me),N6-methyl-L-lysine,K,CNCCCC[C@H](N[*])C([*])=O |$;;;;;;;;_R1;;_R2;$|,Backbone,2,CycPeptMPDB,
Lys(O->S),N.D,K,[*]N[C@@H](CCCCN[*])C([*])=S |$_R1;;;;;;;;_R3;;_R2;$|,Backbone,3,CycPeptMPDB,
Lys(Tfa),N6-trifluoroacetyl-L-lysine,K,[*]N[C@@H](CCCCNC(=O)C(F)(F)F)C([*])=O |$_R1;;;;;;;;;;;;;;;_R2;$|,Backbone,2,CycPeptMPDB,
M,Methionine,M,CSCC[C@H](N[*])C([*])=O |$;;;;;;_R1;;_R2;$|,Backbone,2,CycPeptMPDB,
Me_Abu,N-methyl-L-2-aminobutyric acid,X,CC[C@H](N(C)[*])C([*])=O |$;;;;;_R1;;_R2;$|,Backbone,2,CycPeptMPDB,
Me_Ala(indol-2-yl),N-methyl-3-indol-2-yl-L-alanine,A,CN([*])[C@@H](Cc1cc2ccccc2[nH]1)C([*])=O |$;;_R1;;;;;;;;;;;;;_R2;$|,Backbone,2,CycPeptMPDB,
Me_Bal,N-methyl-beta alanine,A,CN([*])CCC([*])=O |$;;_R1;;;;_R2;$|,Backbone,2,CycPeptMPDB,
Me_Bal(d3-Me),N-methyl-D-3-aminobutyric acid,A,C[C@H](CC([*])=O)N(C)[*] |$;;;;_R2;;;;_R1$|,Backbone,2,CycPeptMPDB,
Me_Bmt(E),N-methyl-(4R)-4-[(E)-but-2-enyl]-4-methyl-L-threonine,T,C/C=C/C[C@@H](C)[C@@H](O[*])[C@@H](C([*])=O)N(C)[*] |$;;;;;;;;_R3;;;_R2;;;;_R1$|,Backbone,3,CycPeptMPDB,
Me_Cha,N-methyl-3-cyclohexyl-L-alanine,A,CN([*])[C@@H](CC1CCCCC1)C([*])=O |$;;_R1;;;;;;;;;;_R2;$|,Backbone,2,CycPeptMPDB,
Me_Chg,N-methyl-L-cyclohexylglycine,G,CN([*])[C@H](C([*])=O)C1CCCCC1 |$;;_R1;;;_R2;;;;;;;$|,Backbone,2,CycPeptMPDB,
Me_Gly(cBu),N-methyl-2-cyclobutyl-L-glycine,G,CN([*])[C@H](C([*])=O)C1CCC1 |$;;_R1;;;_R2;;;;;$|,Backbone,2,CycPeptMPDB,
Me_Gly(cPent),N-methyl-2-cyclopentyl-L-glycine,G,CN([*])[C@H](C([*])=O)C1CCCC1 |$;;_R1;;;_R2;;;;;;$|,Backbone,2,CycPeptMPDB,
Me_Gly(cPr),N-methyl-L-cyclopropylglycine,G,CN([*])[C@H](C([*])=O)C1CC1 |$;;_R1;;;_R2;;;;$|,Backbone,2,CycPeptMPDB,
Me_Hph,N-methyl-L-homophenylalanine,F,CN([*])[C@@H](CCc1ccccc1)C([*])=O |$;;_R1;;;;;;;;;;;_R2;$|,Backbone,2,CycPeptMPDB,
Me_Hse(Me),"N,O-dimethyl-L-homoserine",S,COCC[C@@H](C([*])=O)N(C)[*] |$;;;;;;_R2;;;;_R1$|,Backbone,2,CycPeptMPDB,
Me_Lys(Me),N-methyl-N6-methyl-L-lysine,K,CNCCCC[C@H](N(C)[*])C([*])=O |$;;;;;;;;;_R1;;_R2;$|,Backbone,2,CycPeptMPDB,
Me_Nva,N-methyl-L-norvaline,V,CCC[C@H](N(C)[*])C([*])=O |$;;;;;;_R1;;_R2;$|,Backbone,2,CycPeptMPDB,
Me_Nva(F2),N.D,V,CN([*])[C@@H](CCC(F)F)C([*])=O |$;;_R1;;;;;;;;_R2;$|,Backbone,2,CycPeptMPDB,
Me_Phe(3-Cl),N-methyl-3-chloro-L-phenylalanine,F,CN([*])[C@@H](Cc1cccc(Cl)c1)C([*])=O |$;;_R1;;;;;;;;;;;_R2;$|,Backbone,2,CycPeptMPDB,
Me_Phe(4-Cl),N-methyl-4-chloro-L-phenylalanine,F,CN([*])[C@@H](Cc1ccc(Cl)cc1)C([*])=O |$;;_R1;;;;;;;;;;;_R2;$|,Backbone,2,CycPeptMPDB,
Me_Phe(4-Me),N-methyl-4-methyl-L-phenylalanine,F,Cc1ccc(C[C@@H](C([*])=O)N(C)[*])cc1 |$;;;;;;;;_R2;;;;_R1;;$|,Backbone,2,CycPeptMPDB,
"Me_Phe(a,b-dehydro)","N-methyl-alpha,beta-didehydro-phenylalanine",F,CN([*])/C(=C\c1ccccc1)C([*])=O |$;;_R1;;;;;;;;;;_R2;$|,Backbone,2,CycPeptMPDB,
Me_Ser(Me),"N,O-dimethyl-L-serine",S,COC[C@@H](C([*])=O)N(C)[*] |$;;;;;_R2;;;;_R1$|,Backbone,2,CycPeptMPDB,
Me_Ser(Pr),N-methyl-O-propyl-L-serine,S,CCCOC[C@@H](C([*])=O)N(C)[*] |$;;;;;;;_R2;;;;_R1$|,Backbone,2,CycPeptMPDB,
Me_Ser(isoamyl),N-methyl-O-(3-methylbutyl)-L-serine,S,CC(C)CCOC[C@@H](C([*])=O)N(C)[*] |$;;;;;;;;;_R2;;;;_R1$|,Backbone,2,CycPeptMPDB,
Me_Tza,N-methyl-L-thiazolylalanine,A,CN([*])[C@@H](Cc1cscn1)C([*])=O |$;;_R1;;;;;;;;;_R2;$|,Backbone,2,CycPeptMPDB,
Me_dA,N-methyl-D-alanine,A,C[C@@H](N(C)[*])C([*])=O |$;;;;_R1;;_R2;$|,Backbone,2,CycPeptMPDB,
Me_dAbu,N-methyl-D-2-aminobutyric acid,X,CC[C@H](C([*])=O)N(C)[*] |$;;;;_R2;;;;_R1$|,Backbone,2,CycPeptMPDB,
Me_dF,N-methyl-D-phenylalanine,F,CN([*])[C@H](Cc1ccccc1)C([*])=O |$;;_R1;;;;;;;;;;_R2;$|,Backbone,2,CycPeptMPDB,
Me_dI,N-methyl-D-isoleucine,I,CC[C@@H](C)[C@@H](N(C)[*])C([*])=O |$;;;;;;;_R1;;_R2;$|,Backbone,2,CycPeptMPDB,
Me_dK,N-methyl-D-lysine,K,CN([*])[C@H](CCCCN)C([*])=O |$;;_R1;;;;;;;;_R2;$|,Backbone,2,CycPeptMPDB,
Me_dL,N-methyl-D-leucine,L,CC(C)C[C@@H](N(C)[*])C([*])=O |$;;;;;;;_R1;;_R2;$|,Backbone,2,CycPeptMPDB,
Me_dNle,N-methyl-D-norleucine,L,CCCC[C@H](C([*])=O)N(C)[*] |$;;;;;;_R2;;;;_R1$|,Backbone,2,CycPeptMPDB,
Me_dNva,N-methyl-D-norvaline,V,CCC[C@@H](N(C)[*])C([*])=O |$;;;;;;_R1;;_R2;$|,Backbone,2,CycPeptMPDB,
Me_dV,N-methyl-D-valine,V,CC(C)[C@@H](N(C)[*])C([*])=O |$;;;;;;_R1;;_R2;$|,Backbone,2,CycPeptMPDB,
Me_dW,N-methyl-D-tryptophan,W,CN([*])[C@H](Cc1c[nH]c2ccccc12)C([*])=O |$;;_R1;;;;;;;;;;;;;_R2;$|,Backbone,2,CycPeptMPDB,
Me_dY,N-methyl-D-tyrosine,Y,CN([*])[C@H](Cc1ccc(O)cc1)C([*])=O |$;;_R1;;;;;;;;;;;_R2;$|,Backbone,2,CycPeptMPDB,
Mono10,N.D,F,C=C(CCC([*])=O)c1cccc(C[C@H](N[*])C([*])=O)c1 |$;;;;;_R3;;;;;;;;;;_R1;;_R2;;$|,Backbone,3,CycPeptMPDB,
Mono100,N.D,C,CNC(=O)[C@H](CSCC([*])=O)N[*] |$;;;;;;;;;_R2;;;_R1$|,Backbone,2,CycPeptMPDB,
Mono101,N.D,C,CNC(=O)[C@H](CSCC([*])=O)N(C)[*] |$;;;;;;;;;_R2;;;;_R1$|,Backbone,2,CycPeptMPDB,
Mono102,N.D,X,[*]N1CCC[C@H]1c1nc(C([*])=O)cs1 |$_R1;;;;;;;;;;_R2;;;$|,Backbone,2,CycPeptMPDB,
Mono103,N.D,X,CC[C@H](c1nnc([C@H](Cc2ccccc2)N[*])o1)N1CCC[C@H]1c1nc(C([*])=O)cs1 |$;;;;;;;;;;;;;;;;_R1;;;;;;;;;;;_R2;;;$|,Backbone,2,CycPeptMPDB,
Mono104,N.D,X,CC(C)C[C@H](N[*])c1nc(C([*])=O)co1 |$;;;;;;_R1;;;;;_R2;;;$|,Backbone,2,CycPeptMPDB,
Mono105,N.D,X,CC[C@H](c1nnc([C@H](Cc2ccc(O)cc2)N[*])o1)N1CCC[C@H]1c1nc(C([*])=O)cs1 |$;;;;;;;;;;;;;;;;;_R1;;;;;;;;;;;_R2;;;$|,Backbone,2,CycPeptMPDB,
Mono106,N.D,X,[*]N[C@@H](Cc1ccccc1)c1nc(C([*])=O)co1 |$_R1;;;;;;;;;;;;;;_R2;;;$|,Backbone,2,CycPeptMPDB,
Mono107,N.D,X,CC[C@@H](N[C@H](c1nc(C([*])=O)cs1)C(C)C)c1nnc([C@H](Cc2ccccc2)N[*])o1 |$;;;;;;;;;_R2;;;;;;;;;;;;;;;;;;;;_R1;$|,Backbone,2,CycPeptMPDB,
Mono108,N.D,X,[*]N[C@@H](Cc1csc(C2=N[C@H](C([*])=O)CS2)c1)C(N)=O |$_R1;;;;;;;;;;;;_R2;;;;;;;$|,Backbone,2,CycPeptMPDB,
Mono109,N.D,X,[*]N[C@@H](Cc1cc(C2=N[C@H](C([*])=O)CS2)cs1)C(N)=O |$_R1;;;;;;;;;;;_R2;;;;;;;;$|,Backbone,2,CycPeptMPDB,
Mono11,N.D,F,[*]N[C@@H](Cc1ccc(CCCCCC([*])=O)cc1)C([*])=O |$_R1;;;;;;;;;;;;;;_R3;;;;;_R2;$|,Backbone,3,CycPeptMPDB,
Mono110,N.D,X,[*]N[C@@H](Cc1cccc(C2=N[C@H](C([*])=O)CS2)c1)C(N)=O |$_R1;;;;;;;;;;;;;_R2;;;;;;;$|,Backbone,2,CycPeptMPDB,
Mono111,N.D,X,[*]N[C@@H](Cc1cncc(C2=N[C@H](C([*])=O)CS2)c1)C(N)=O |$_R1;;;;;;;;;;;;;_R2;;;;;;;$|,Backbone,2,CycPeptMPDB,
Mono112,N.D,X,[*]N[C@@H](CC1=N[C@H](C([*])=O)CS1)C(N)=O |$_R1;;;;;;;;_R2;;;;;;$|,Backbone,2,CycPeptMPDB,
Mono113,N.D,X,C[C@H](CN[*])C([*])=O |$;;;;_R1;;_R2;$|,Backbone,2,CycPeptMPDB,
Mono114,N.D,X,CCN([*])CCCC([*])=O |$;;;_R1;;;;;_R2;$|,Backbone,2,CycPeptMPDB,
Mono115,N.D,C,CCOC(=O)[C@H](CSCC([*])=O)N(C)[*] |$;;;;;;;;;;_R2;;;;_R1$|,Backbone,2,CycPeptMPDB,
Mono116,N.D,X,CN([*])Cc1cn(CC([*])=O)nn1 |$;;_R1;;;;;;;_R2;;;$|,Backbone,2,CycPeptMPDB,
Mono117,N.D,F,[*]NCc1ccc(CN[C@@H](Cc2ccccc2)C([*])=O)[nH]1 |$_R1;;;;;;;;;;;;;;;;;;_R2;;$|,Backbone,2,CycPeptMPDB,
Mono118,N.D,F,CN(Cc1ccc(CN[*])[nH]1)[C@@H](Cc1ccccc1)C([*])=O |$;;;;;;;;;_R1;;;;;;;;;;;_R2;$|,Backbone,2,CycPeptMPDB,
Mono119,N.D,F,Cn1c(CN[*])ccc1CN[C@@H](Cc1ccccc1)C([*])=O |$;;;;;_R1;;;;;;;;;;;;;;;_R2;$|,Backbone,2,CycPeptMPDB,
Mono12,N.D,F,[*]N[C@@H](Cc1cccc(CCCCC([*])=O)c1)C([*])=O |$_R1;;;;;;;;;;;;;;_R3;;;;_R2;$|,Backbone,3,CycPeptMPDB,
Mono120,N.D,F,[*]NCc1c[nH]c(CN[C@@H](Cc2ccccc2)C([*])=O)c1 |$_R1;;;;;;;;;;;;;;;;;;_R2;;$|,Backbone,2,CycPeptMPDB,
Mono121,N.D,F,Cn1cc(CN[*])cc1CN[C@@H](Cc1ccccc1)C([*])=O |$;;;;;;_R1;;;;;;;;;;;;;;_R2;$|,Backbone,2,CycPeptMPDB,
Mono122,N.D,F,[*]NCc1ccc(CN[C@@H](Cc2ccccc2)C([*])=O)o1 |$_R1;;;;;;;;;;;;;;;;;;_R2;;$|,Backbone,2,CycPeptMPDB,
Mono123,N.D,F,CN(Cc1ccc(CN[*])o1)[C@@H](Cc1ccccc1)C([*])=O |$;;;;;;;;;_R1;;;;;;;;;;;_R2;$|,Backbone,2,CycPeptMPDB,
Mono124,N.D,F,CN([*])Cc1ccc(CN[C@@H](Cc2ccccc2)C([*])=O)o1 |$;;_R1;;;;;;;;;;;;;;;;;_R2;;$|,Backbone,2,CycPeptMPDB,
Mono125,N.D,F,CN([*])Cc1ccc(CN(C)[C@@H](Cc2ccccc2)C([*])=O)o1 |$;;_R1;;;;;;;;;;;;;;;;;;_R2;;$|,Backbone,2,CycPeptMPDB,
Mono126,N.D,X,[*]NCc1cccc(N(Cc2ccccc2[N+](=O)[O-])C(=O)c2cccc(C([*])=O)c2)c1 |$_R1;;;;;;;;;;;;;;;;;;;;;;;;;;;_R2;;;$|,Backbone,2,CycPeptMPDB,
Mono127,N.D,X,[*]NCc1cccc(NC(=O)c2cccc(C([*])=O)c2)c1 |$_R1;;;;;;;;;;;;;;;;;_R2;;;$|,Backbone,2,CycPeptMPDB,
Mono13,N.D,P,C[C@H](N[*])[C@@H](C(=O)NC(C)(C)C)N1CCC[C@H]1C([*])=O |$;;;_R1;;;;;;;;;;;;;;;_R2;$|,Backbone,2,CycPeptMPDB,
Mono14,N.D,X,CC[C@@H](C)[C@H](N[*])c1nc(C([*])=O)cs1 |$;;;;;;_R1;;;;;_R2;;;$|,Backbone,2,CycPeptMPDB,
Mono15,N.D,T,C/C=C/C[C@@H](C)[C@@H](OC(C)=O)[C@@H](C([*])=O)N(C)[*] |$;;;;;;;;;;;;;_R2;;;;_R1$|,Backbone,2,CycPeptMPDB,
Mono16,N.D,X,[*]O[C@H](CC(O)CCl)C([*])=O |$_R1;;;;;;;;;_R2;$|,Backbone,2,CycPeptMPDB,
Mono17,N.D,X,C[C@@H](N[*])c1nc(C([*])=O)cs1 |$;;;_R1;;;;;_R2;;;$|,Backbone,2,CycPeptMPDB,
Mono18,N.D,X,CC[C@H](C)[C@H](N[*])C1=N[C@H](C([*])=O)[C@@H](C)O1 |$;;;;;;_R1;;;;;_R2;;;;$|,Backbone,2,CycPeptMPDB,
Mono19,N.D,X,[*]N[C@H](Cc1ccccc1)c1nc(C([*])=O)cs1 |$_R1;;;;;;;;;;;;;;_R2;;;$|,Backbone,2,CycPeptMPDB,
Mono20,N.D,X,CC(C)[C@H](N[*])C1=N[C@H](C([*])=O)[C@@H](C)O1 |$;;;;;_R1;;;;;_R2;;;;$|,Backbone,2,CycPeptMPDB,
Mono21-,N.D,X,[*]C(=O)/C=C/C=C/C=O |$_R2;;;;;;;;$|,Terminal,1,CycPeptMPDB,
Mono22-,N.D,X,CCC(C)/C=C(C)/C=C\C(O)C(C)(O)C([*])=O |$;;;;;;;;;;;;;;;_R2;$|,Terminal,1,CycPeptMPDB,
Mono23,N.D,X,C[C@@H](N)[C@H](N[*])C([*])=O |$;;;;;_R1;;_R2;$|,Backbone,2,CycPeptMPDB,
Mono24,N.D,Q,C[C@H]([C@H](N[*])C([*])=O)[C@@H](C)C(N)=O |$;;;;_R1;;_R2;;;;;;$|,Backbone,2,CycPeptMPDB,
Mono25,N.D,X,[*]N1CC[C@H](Cl)C[C@H]1C([*])=O |$_R1;;;;;;;;;_R2;$|,Backbone,2,CycPeptMPDB,
Mono26,Isostatine,I,CC[C@H](C)[C@@H](N[*])[C@@H](O)CC([*])=O |$;;;;;;_R1;;;;;_R2;$|,Backbone,2,CycPeptMPDB,
Mono27,N.D,V,CC(C)[C@H](O[*])C(=O)[C@H](C)C([*])=O |$;;;;;_R1;;;;;;_R2;$|,Backbone,2,CycPeptMPDB,
Mono28,N.D,X,C/C(=C\[C@H](CC(C)C)N[*])C([*])=O |$;;;;;;;;;_R1;;_R2;$|,Backbone,2,CycPeptMPDB,
Mono29,N.D,X,C/C(=C\[C@@H](CC(C)C)N[*])C([*])=O |$;;;;;;;;;_R1;;_R2;$|,Backbone,2,CycPeptMPDB,
Mono30,N.D,X,CC(C)C[C@H](N[*])c1nc(C([*])=O)cs1 |$;;;;;;_R1;;;;;_R2;;;$|,Backbone,2,CycPeptMPDB,
Mono31,N.D,X,CC(C)[C@H](N[*])c1nc(C([*])=O)cs1 |$;;;;;_R1;;;;;_R2;;;$|,Backbone,2,CycPeptMPDB,
Mono32,N-{[3-(trifluoromethyl)phenyl]methyl}glycine,G,[*]N(CC([*])=O)Cc1cccc(C(F)(F)F)c1 |$_R1;;;;_R2;;;;;;;;;;;;$|,Backbone,2,CycPeptMPDB,
Mono33,N.D,G,[*]N(CC([*])=O)CN1CCOCC1 |$_R1;;;;_R2;;;;;;;;$|,Backbone,2,CycPeptMPDB,
Mono34,N.D,G,CC(C)OCCCN([*])CC([*])=O |$;;;;;;;;_R1;;;_R2;$|,Backbone,2,CycPeptMPDB,
Mono35,N.D,X,CC[C@H](c1nnc([C@H](Cc2ccccc2)N[*])o1)N1CCC[C@H]1C([*])=O |$;;;;;;;;;;;;;;;;_R1;;;;;;;;_R2;$|,Backbone,2,CycPeptMPDB,
Mono36,N.D,X,[*]N[C@@H](Cc1ccccc1)c1nnc([C@@H](Cc2ccccc2)N2CCC[C@H]2C([*])=O)o1 |$_R1;;;;;;;;;;;;;;;;;;;;;;;;;;;;_R2;;$|,Backbone,2,CycPeptMPDB,
Mono37,N.D,X,CC(C)C[C@H](c1nnc([C@H](Cc2ccccc2)N[*])o1)N1CCC[C@H]1C([*])=O |$;;;;;;;;;;;;;;;;;;_R1;;;;;;;;_R2;$|,Backbone,2,CycPeptMPDB,
Mono38,N.D,G,[*]N(CC([*])=O)CC1CCOCC1 |$_R1;;;;_R2;;;;;;;;$|,Backbone,2,CycPeptMPDB,
Mono39,N.D,G,[*]N(CCOc1ccccc1)CC([*])=O |$_R1;;;;;;;;;;;;;_R2;$|,Backbone,2,CycPeptMPDB,
Mono4,N.D,N,CN([*])[C@@H](CC(=O)N1CCCCC1)C([*])=O |$;;_R1;;;;;;;;;;;;_R2;$|,Backbone,2,CycPeptMPDB,
Mono40,N.D,G,Cn1cc(CCCN([*])CC([*])=O)cn1 |$;;;;;;;;_R1;;;_R2;;;$|,Backbone,2,CycPeptMPDB,
Mono41,N.D,G,[*]N(CCCN1CCCC1=O)CC([*])=O |$_R1;;;;;;;;;;;;;_R2;$|,Backbone,2,CycPeptMPDB,
Mono42,n-(2-morpholinoethyl)glycine,G,[*]N(CCN1CCOCC1)CC([*])=O |$_R1;;;;;;;;;;;;_R2;$|,Backbone,2,CycPeptMPDB,
Mono43,N.D,G,[*]N(CCCCc1ccccc1)CC([*])=O |$_R1;;;;;;;;;;;;;;_R2;$|,Backbone,2,CycPeptMPDB,
Mono44,N.D,G,CC(C)Cc1cc(CN([*])CC([*])=O)no1 |$;;;;;;;;;_R1;;;_R2;;;$|,Backbone,2,CycPeptMPDB,
Mono45,N.D,G,[*]N(CC([*])=O)Cc1ccccc1Cn1cccn1 |$_R1;;;;_R2;;;;;;;;;;;;;;$|,Backbone,2,CycPeptMPDB,
Mono46,N.D,P,CC(C)(C)NC(=O)[C@H]([C@H](CSc1ccccc1)N[*])N1CCC[C@H]1C([*])=O |$;;;;;;;;;;;;;;;;;;_R1;;;;;;;_R2;$|,Backbone,2,CycPeptMPDB,
Mono47,N.D,P,CC(C)(C)NC(=O)[C@H]([C@@H]1CN1[*])N1CCC[C@H]1C([*])=O |$;;;;;;;;;;;_R1;;;;;;;_R2;$|,Backbone,2,CycPeptMPDB,
Mono48,N.D,X,[*]N(CCCc1ccc(F)cc1F)CC([*])=O |$_R1;;;;;;;;;;;;;;;_R2;$|,Backbone,2,CycPeptMPDB,
Mono49,N.D,S,[*]N[C@@H](COCc1cncc(F)c1)C([*])=O |$_R1;;;;;;;;;;;;;;_R2;$|,Backbone,2,CycPeptMPDB,
Mono5,N.D,N,CN([*])[C@@H](CC(=O)N1CCOCC1)C([*])=O |$;;_R1;;;;;;;;;;;;_R2;$|,Backbone,2,CycPeptMPDB,
Mono50,N.D,S,[*]N[C@@H](COCC(F)(F)C(F)F)C([*])=O |$_R1;;;;;;;;;;;;;_R2;$|,Backbone,2,CycPeptMPDB,
Mono51,N.D,X,CN([*])[C@@H](CCC1CCCC(F)(F)C1)C([*])=O |$;;_R1;;;;;;;;;;;;;_R2;$|,Backbone,2,CycPeptMPDB,
Mono52,N.D,X,CN([*])[C@@H](CCC1CCC(F)(F)CC1)C([*])=O |$;;_R1;;;;;;;;;;;;;_R2;$|,Backbone,2,CycPeptMPDB,
Mono53,N.D,X,CN(C)c1ccc(C[C@H](N[*])C([*])=O)cn1 |$;;;;;;;;;;_R1;;_R2;;;$|,Backbone,2,CycPeptMPDB,
Mono54,N.D,S,C[C@H](O)COC[C@H](N[*])C([*])=O |$;;;;;;;;_R1;;_R2;$|,Backbone,2,CycPeptMPDB,
Mono56,N.D,S,CC(C)(O)CCOC[C@H](N[*])C([*])=O |$;;;;;;;;;;_R1;;_R2;$|,Backbone,2,CycPeptMPDB,
Mono57,N.D,S,CC(C)(C)NC(=O)COC[C@H](N[*])C([*])=O |$;;;;;;;;;;;;_R1;;_R2;$|,Backbone,2,CycPeptMPDB,
Mono58,N.D,G,[*]N(CCN1CCC(F)(F)CC1)CC([*])=O |$_R1;;;;;;;;;;;;;;_R2;$|,Backbone,2,CycPeptMPDB,
Mono59,N.D,P,[*]N1C[C@H](N2CCC(F)(F)CC2)C[C@H]1C([*])=O |$_R1;;;;;;;;;;;;;;;_R2;$|,Backbone,2,CycPeptMPDB,
Mono6,N.D,X,CN([*])CCCC([*])=O |$;;_R1;;;;;_R2;$|,Backbone,2,CycPeptMPDB,
Mono60,N.D,P,[*]N1C[C@@H](N2CCC(F)(F)CC2)C[C@H]1C([*])=O |$_R1;;;;;;;;;;;;;;;_R2;$|,Backbone,2,CycPeptMPDB,
Mono61,N.D,X,CCCC[C@@H](O)[C@H](N[*])C([*])=O |$;;;;;;;;_R1;;_R2;$|,Backbone,2,CycPeptMPDB,
Mono62,N.D,S,[*]N[C@@H](COCCN1CCOCC1)C([*])=O |$_R1;;;;;;;;;;;;;;_R2;$|,Backbone,2,CycPeptMPDB,
Mono63,N.D,X,[*]N[C@@H](CCc1noc(=O)[nH]1)C([*])=O |$_R1;;;;;;;;;;;;_R2;$|,Backbone,2,CycPeptMPDB,
Mono64,N.D,S,C[C@@H](O)COC[C@H](N[*])C([*])=O |$;;;;;;;;_R1;;_R2;$|,Backbone,2,CycPeptMPDB,
Mono65,N.D,X,[*]N[C@@H](CCCC(O)C(F)(F)F)C([*])=O |$_R1;;;;;;;;;;;;;_R2;$|,Backbone,2,CycPeptMPDB,
Mono66,N.D,S,[*]N[C@@H](COCC(O)C(F)(F)F)C([*])=O |$_R1;;;;;;;;;;;;;_R2;$|,Backbone,2,CycPeptMPDB,
Mono67,N.D,X,CCC[C@H](C)[C@@H](O[*])[C@@H](C)[C@@H](O)C/C=C(\C)C([*])=O |$;;;;;;;_R1;;;;;;;;;;_R2;$|,Backbone,2,CycPeptMPDB,
Mono68,N.D,X,CCC[C@H](C)[C@@H](O[*])[C@@H](C)[C@H](C/C=C(\C)C([*])=O)OC |$;;;;;;;_R1;;;;;;;;;_R2;;;$|,Backbone,2,CycPeptMPDB,
Mono69,N.D,X,CCC[C@H](C)[C@@H](OC)[C@@H](C)[C@H](C/C=C(\C)C([*])=O)O[*] |$;;;;;;;;;;;;;;;;_R2;;;_R1$|,Backbone,2,CycPeptMPDB,
Mono70,N.D,X,C/C=C/C[C@@H](C)C(=O)[C@@H](C([*])=O)N(C)[*] |$;;;;;;;;;;_R2;;;;_R1$|,Backbone,2,CycPeptMPDB,
Mono71,N.D,H,CCOC(=O)n1cnc(C[C@H](N[*])C([*])=O)c1 |$;;;;;;;;;;;;_R1;;_R2;;$|,Backbone,2,CycPeptMPDB,
Mono72,N.D,Q,CCOC(=O)N(C(=O)CC[C@H](N[*])C([*])=O)C(=O)OCC |$;;;;;;;;;;;;_R1;;_R2;;;;;;$|,Backbone,2,CycPeptMPDB,
Mono73,N.D,N,CCOC(=O)N(C(=O)C[C@H](N[*])C([*])=O)C(=O)OCC |$;;;;;;;;;;;_R1;;_R2;;;;;;$|,Backbone,2,CycPeptMPDB,
Mono74,N.D,R,CCOC(=O)/N=C(/NCCC[C@H](N[*])C([*])=O)NC(=O)OCC |$;;;;;;;;;;;;;_R1;;_R2;;;;;;;$|,Backbone,2,CycPeptMPDB,
Mono75,N.D,F,[*]NCCCN[C@@H](Cc1ccccc1)C([*])=O |$_R1;;;;;;;;;;;;;;;_R2;$|,Backbone,2,CycPeptMPDB,
Mono76,N.D,F,[*]NCCCCN[C@@H](Cc1ccccc1)C([*])=O |$_R1;;;;;;;;;;;;;;;;_R2;$|,Backbone,2,CycPeptMPDB,
Mono77,N.D,F,[*]NCCCCCN[C@@H](Cc1ccccc1)C([*])=O |$_R1;;;;;;;;;;;;;;;;;_R2;$|,Backbone,2,CycPeptMPDB,
Mono78,N.D,F,[*]NCCCCCCN[C@@H](Cc1ccccc1)C([*])=O |$_R1;;;;;;;;;;;;;;;;;;_R2;$|,Backbone,2,CycPeptMPDB,
Mono79,N.D,F,[*]NCCCCCCCN[C@@H](Cc1ccccc1)C([*])=O |$_R1;;;;;;;;;;;;;;;;;;;_R2;$|,Backbone,2,CycPeptMPDB,
Mono80,N.D,F,[*]NCCCCCCCCN[C@@H](Cc1ccccc1)C([*])=O |$_R1;;;;;;;;;;;;;;;;;;;;_R2;$|,Backbone,2,CycPeptMPDB,
Mono81,N.D,F,[*]NCCCCCCCCCN[C@@H](Cc1ccccc1)C([*])=O |$_R1;;;;;;;;;;;;;;;;;;;;;_R2;$|,Backbone,2,CycPeptMPDB,
Mono82,N.D,F,[*]NCCCCCCCCCCN[C@@H](Cc1ccccc1)C([*])=O |$_R1;;;;;;;;;;;;;;;;;;;;;;_R2;$|,Backbone,2,CycPeptMPDB,
Mono83,N-(6-aminohexyl)glycine,G,[*]NCCCCCCNCC([*])=O |$_R1;;;;;;;;;;;_R2;$|,Backbone,2,CycPeptMPDB,
Mono84,N.D,A,C[C@H](NCCCCCCN[*])C([*])=O |$;;;;;;;;;;_R1;;_R2;$|,Backbone,2,CycPeptMPDB,
Mono85,N.D,A,C[C@@H](NCCCCCCN[*])C([*])=O |$;;;;;;;;;;_R1;;_R2;$|,Backbone,2,CycPeptMPDB,
Mono86,N.D,L,CC(C)C[C@H](NCCCCCCN[*])C([*])=O |$;;;;;;;;;;;;;_R1;;_R2;$|,Backbone,2,CycPeptMPDB,
Mono87,N.D,F,[*]NCCCCCCN[C@H](Cc1ccccc1)C([*])=O |$_R1;;;;;;;;;;;;;;;;;;_R2;$|,Backbone,2,CycPeptMPDB,
Mono88,N.D,F,CN(CCCCCCN[*])[C@@H](Cc1ccccc1)C([*])=O |$;;;;;;;;;_R1;;;;;;;;;;_R2;$|,Backbone,2,CycPeptMPDB,
Mono89,N.D,F,[*]NCCCCCCN(CC([*])=O)Cc1ccccc1 |$_R1;;;;;;;;;;;_R2;;;;;;;;$|,Backbone,2,CycPeptMPDB,
Mono9,N.D,F,C=C(CCC([*])=O)c1ccc(C[C@H](N[*])C([*])=O)cc1 |$;;;;;_R3;;;;;;;;;_R1;;_R2;;;$|,Backbone,3,CycPeptMPDB,
Mono90,N.D,F,CN([*])CCCCCCN[C@@H](Cc1ccccc1)C([*])=O |$;;_R1;;;;;;;;;;;;;;;;;_R2;$|,Backbone,2,CycPeptMPDB,
Mono91,N.D,F,CC(=O)N(CCCCCCN[*])[C@@H](Cc1ccccc1)C([*])=O |$;;;;;;;;;;;_R1;;;;;;;;;;_R2;$|,Backbone,2,CycPeptMPDB,
Mono92,N.D,X,C[C@H](CCCN[*])C([*])=O |$;;;;;;_R1;;_R2;$|,Backbone,2,CycPeptMPDB,
Mono93,N.D,X,C[C@@H](CCCN[*])C([*])=O |$;;;;;;_R1;;_R2;$|,Backbone,2,CycPeptMPDB,
Mono94,N.D,X,C[C@H](CCN[*])CC([*])=O |$;;;;;_R1;;;_R2;$|,Backbone,2,CycPeptMPDB,
Mono95,N.D,X,C[C@@H](CCN[*])CC([*])=O |$;;;;;_R1;;;_R2;$|,Backbone,2,CycPeptMPDB,
Mono96,N.D,X,C[C@H](CCC([*])=O)CN[*] |$;;;;;_R2;;;;_R1$|,Backbone,2,CycPeptMPDB,
Mono97,N.D,X,C[C@@H](CCC([*])=O)CN[*] |$;;;;;_R2;;;;_R1$|,Backbone,2,CycPeptMPDB,
Mono98,N.D,X,C[C@H](CCCC([*])=O)N[*] |$;;;;;;_R2;;;_R1$|,Backbone,2,CycPeptMPDB,
Mono99,N.D,X,C[C@@H](CCCC([*])=O)N[*] |$;;;;;;_R2;;;_R1$|,Backbone,2,CycPeptMPDB,
N,Asparagine,N,NC(=O)C[C@H](N[*])C([*])=O |$;;;;;;_R1;;_R2;$|,Backbone,2,CycPeptMPDB,
Nal,3-(2-naphthyl)-L-alanine,A,[*]N[C@@H](Cc1ccc2ccccc2c1)C([*])=O |$_R1;;;;;;;;;;;;;;;_R2;$|,Backbone,2,CycPeptMPDB,
Nle,Norleucine,L,CCCC[C@H](N[*])C([*])=O |$;;;;;;_R1;;_R2;$|,Backbone,2,CycPeptMPDB,
Nle(CHF2),6-(difluoromethyl)-L-norleucine,L,[*]N[C@@H](CCCCC(F)F)C([*])=O |$_R1;;;;;;;;;;;_R2;$|,Backbone,2,CycPeptMPDB,
Nle(OH),6-hydroxy-L-norleucine,L,[*]N[C@@H](CCCCO)C([*])=O |$_R1;;;;;;;;;_R2;$|,Backbone,2,CycPeptMPDB,
Nva,Norvaline,V,CCC[C@H](N[*])C([*])=O |$;;;;;_R1;;_R2;$|,Backbone,2,CycPeptMPDB,
Orn,Ornithine,K,[*]N[C@@H](CCCN[*])C([*])=O |$_R1;;;;;;;_R3;;_R2;$|,Backbone,3,CycPeptMPDB,
P,Proline,P,[*]N1CCC[C@H]1C([*])=O |$_R1;;;;;;;_R2;$|,Backbone,2,CycPeptMPDB,
"Phe(3,5-diCl)","3,5-dichloro-L-phenylalanine",F,[*]N[C@@H](Cc1cc(Cl)cc(Cl)c1)C([*])=O |$_R1;;;;;;;;;;;;;_R2;$|,Backbone,2,CycPeptMPDB,
Phe(3-CF3),3-trifluoromethyl-L-phenylalanine,F,[*]N[C@@H](Cc1cccc(C(F)(F)F)c1)C([*])=O |$_R1;;;;;;;;;;;;;;;_R2;$|,Backbone,2,CycPeptMPDB,
Phe(3-Cl),3-chloro-L-phenylalanine,F,[*]N[C@@H](Cc1cccc(Cl)c1)C([*])=O |$_R1;;;;;;;;;;;;_R2;$|,Backbone,2,CycPeptMPDB,
"Phe(3-Cl,5-F)",N.D,F,[*]N[C@@H](Cc1cc(F)cc(Cl)c1)C([*])=O |$_R1;;;;;;;;;;;;;_R2;$|,Backbone,2,CycPeptMPDB,
Phe(4-Cl),4-chloro-L-phenylalanine,F,[*]N[C@@H](Cc1ccc(Cl)cc1)C([*])=O |$_R1;;;;;;;;;;;;_R2;$|,Backbone,2,CycPeptMPDB,
Phe(CHF2),4-(difluoromethyl)-L-phenylalanine,F,[*]N[C@@H](Cc1ccc(C(F)F)cc1)C([*])=O |$_R1;;;;;;;;;;;;;;_R2;$|,Backbone,2,CycPeptMPDB,
Phe(O->S),N.D,F,[*]N[C@@H](Cc1ccccc1)C([*])=S |$_R1;;;;;;;;;;;_R2;$|,Backbone,2,CycPeptMPDB,
Phg,2-phenyl-L-glycine,G,[*]N[C@H](C([*])=O)c1ccccc1 |$_R1;;;;_R2;;;;;;;$|,Backbone,2,CycPeptMPDB,
Pro(O->S),N.D,P,[*]N1CCC[C@H]1C([*])=S |$_R1;;;;;;;_R2;$|,Backbone,2,CycPeptMPDB,
Pye,"N,N-pyrrolidinyl glutamine",Q,[*]N[C@@H](CCC(=O)N1CCCC1)C([*])=O |$_R1;;;;;;;;;;;;;_R2;$|,Backbone,2,CycPeptMPDB,
Q,Glutamine,Q,NC(=O)CC[C@H](N[*])C([*])=O |$;;;;;;;_R1;;_R2;$|,Backbone,2,CycPeptMPDB,
R,Arginine,R,NC(=N)NCCC[C@H](N[*])C([*])=O |$;;;;;;;;;_R1;;_R2;$|,Backbone,2,CycPeptMPDB,
S,Serine,S,OC[C@H](N[*])C([*])=O |$;;;;_R1;;_R2;$|,Backbone,2,CycPeptMPDB,
Sar,Sarcosine,G,CN([*])CC([*])=O |$;;_R1;;;_R2;$|,Backbone,2,CycPeptMPDB,
Ser(EtNMe2),O-(2-dimethylaminoethyl)-L-serine,S,CN(C)CCOC[C@H](N[*])C([*])=O |$;;;;;;;;;_R1;;_R2;$|,Backbone,2,CycPeptMPDB,
Ser(EtOH),O-(2-hydroxyethyl)-L-serine,S,[*]N[C@@H](COCCO)C([*])=O |$_R1;;;;;;;;;_R2;$|,Backbone,2,CycPeptMPDB,
Ser(Ph(2-Cl)),O-(2-chlorophenyl)-L-serine,S,[*]N[C@@H](COc1ccccc1Cl)C([*])=O |$_R1;;;;;;;;;;;;;_R2;$|,Backbone,2,CycPeptMPDB,
Ser(Ph(3-Cl)),O-(3-chlorophenyl)-L-serine,S,[*]N[C@@H](COc1cccc(Cl)c1)C([*])=O |$_R1;;;;;;;;;;;;;_R2;$|,Backbone,2,CycPeptMPDB,
Ser(Pr),O-propyl-L-serine,S,CCCOC[C@H](N[*])C([*])=O |$;;;;;;;_R1;;_R2;$|,Backbone,2,CycPeptMPDB,
Ser(isoamyl),O-(3-methylbutyl)-L-serine,S,CC(C)CCOC[C@H](N[*])C([*])=O |$;;;;;;;;;_R1;;_R2;$|,Backbone,2,CycPeptMPDB,
Ser(tBu),O-tert-butyl-L-serine,S,CC(C)(C)OC[C@H](N[*])C([*])=O |$;;;;;;;;_R1;;_R2;$|,Backbone,2,CycPeptMPDB,
Ser(tBuOH),N.D,S,CC(C)(O)COC[C@H](N[*])C([*])=O |$;;;;;;;;;_R1;;_R2;$|,Backbone,2,CycPeptMPDB,Mono55
Sta,Statine,X,CC(C)C[C@H](N[*])[C@@H](O)CC([*])=O |$;;;;;;_R1;;;;;_R2;$|,Backbone,2,CycPeptMPDB,
"Sta(3R,4R)",N.D,X,CC(C)C[C@@H](N[*])[C@H](O)CC([*])=O |$;;;;;;_R1;;;;;_R2;$|,Backbone,2,CycPeptMPDB,
T,Threonine,T,C[C@@H](O[*])[C@H](N[*])C([*])=O |$;;;_R3;;;_R1;;_R2;$|,Backbone,3,CycPeptMPDB,
Thr(O->S),N.D,T,C[C@@H](O[*])[C@H](N[*])C([*])=S |$;;;_R3;;;_R1;;_R2;$|,Backbone,3,CycPeptMPDB,
Tle,2-tert-butyl-L-glycine,G,CC(C)(C)[C@H](N[*])C([*])=O |$;;;;;;_R1;;_R2;$|,Backbone,2,CycPeptMPDB,
Trp(5-Br),5-bromo-L-tryptophan,W,[*]N[C@@H](Cc1c[nH]c2ccc(Br)cc12)C([*])=O |$_R1;;;;;;;;;;;;;;;_R2;$|,Backbone,2,CycPeptMPDB,
Trp(6-Br),6-bromo-L-tryptophan,W,[*]N[C@@H](Cc1c[nH]c2cc(Br)ccc12)C([*])=O |$_R1;;;;;;;;;;;;;;;_R2;$|,Backbone,2,CycPeptMPDB,
Trp(7-Br),7-bromo-L-tryptophan,W,[*]N[C@@H](Cc1c[nH]c2c(Br)cccc12)C([*])=O |$_R1;;;;;;;;;;;;;;;_R2;$|,Backbone,2,CycPeptMPDB,
Tyr(3-F),3-fluoro-L-tyrosine,Y,[*]N[C@@H](Cc1ccc(O)c(F)c1)C([*])=O |$_R1;;;;;;;;;;;;;_R2;$|,Backbone,2,CycPeptMPDB,
Tyr(CHF2),O4-(difluoromethyl)-L-tyrosine,Y,[*]N[C@@H](Cc1ccc(OC(F)F)cc1)C([*])=O |$_R1;;;;;;;;;;;;;;;_R2;$|,Backbone,2,CycPeptMPDB,
Tyr(O->S),N.D,Y,[*]N[C@@H](Cc1ccc(O)cc1)C([*])=S |$_R1;;;;;;;;;;;;_R2;$|,Backbone,2,CycPeptMPDB,
Tza,Thiazolylalanine,A,[*]N[C@@H](Cc1cscn1)C([*])=O |$_R1;;;;;;;;;;_R2;$|,Backbone,2,CycPeptMPDB,
V,Valine,V,CC(C)[C@H](N[*])C([*])=O |$;;;;;_R1;;_R2;$|,Backbone,2,CycPeptMPDB,
W,Tryptophan,W,[*]N[C@@H](Cc1c[nH]c2ccccc12)C([*])=O |$_R1;;;;;;;;;;;;;;_R2;$|,Backbone,2,CycPeptMPDB,
Y,Tyrosine,Y,Oc1ccc(C[C@H](N[*])C([*])=O)cc1 |$;;;;;;;;_R1;;_R2;;;$|,Backbone,2,CycPeptMPDB,
ac-,N-Terminal acetic acid,X,CC([*])=O |$;;_R2;$|,Terminal,1,CycPeptMPDB,
bHph,beta-homophenylalanine,F,[*]N[C@H](CC([*])=O)Cc1ccccc1 |$_R1;;;;;_R2;;;;;;;;$|,Backbone,2,CycPeptMPDB,
d(N->O)Gly(allyl),N.D,G,C=CC[C@@H](O[*])C([*])=O |$;;;;;_R1;;_R2;$|,Backbone,2,CycPeptMPDB,
d(N->O)Leu,D-leucic acid,L,CC(C)C[C@@H](O[*])C([*])=O |$;;;;;;_R1;;_R2;$|,Backbone,2,CycPeptMPDB,
d(N->O)Val,N.D,V,CC(C)[C@@H](O[*])C([*])=O |$;;;;;_R1;;_R2;$|,Backbone,2,CycPeptMPDB,
d(N->O)aIle,D-alloisoleucic acid,I,CC[C@H](C)[C@@H](O[*])C([*])=O |$;;;;;;_R1;;_R2;$|,Backbone,2,CycPeptMPDB,
d1-Nal,3-(1-naphthyl)-D-alanine,A,[*]N[C@H](Cc1cccc2ccccc12)C([*])=O |$_R1;;;;;;;;;;;;;;;_R2;$|,Backbone,2,CycPeptMPDB,
dA,D-alanine,A,C[C@@H](N[*])C([*])=O |$;;;_R1;;_R2;$|,Backbone,2,CycPeptMPDB,
dAbu,D-2-aminobutyric acid,X,CC[C@@H](N[*])C([*])=O |$;;;;_R1;;_R2;$|,Backbone,2,CycPeptMPDB,
dAla(O->S),N.D,A,C[C@@H](N[*])C([*])=S |$;;;_R1;;_R2;$|,Backbone,2,CycPeptMPDB,
dAsn(Me2),"N4,N4-dimethyl-D-asparagine",N,CN(C)C(=O)C[C@@H](N[*])C([*])=O |$;;;;;;;;_R1;;_R2;$|,Backbone,2,CycPeptMPDB,
dAsp(pyrrol-1-yl),4-oxo-4-pyrrol-1-yl-D-homoalanine,D,[*]N[C@H](CC(=O)N1CCCC1)C([*])=O |$_R1;;;;;;;;;;;;_R2;$|,Backbone,2,CycPeptMPDB,
dCha,3-cyclohexyl-D-alanine,A,[*]N[C@H](CC1CCCCC1)C([*])=O |$_R1;;;;;;;;;;;_R2;$|,Backbone,2,CycPeptMPDB,
dF,D-phenylalanine,F,[*]N[C@H](Cc1ccccc1)C([*])=O |$_R1;;;;;;;;;;;_R2;$|,Backbone,2,CycPeptMPDB,
dGln(Me2),"N5,N5-dimethyl-D-glutamine",Q,CN(C)C(=O)CC[C@@H](N[*])C([*])=O |$;;;;;;;;;_R1;;_R2;$|,Backbone,2,CycPeptMPDB,
dGlu(OMe),5-methyl-D-glutamate,E,COC(=O)CC[C@@H](N[*])C([*])=O |$;;;;;;;;_R1;;_R2;$|,Backbone,2,CycPeptMPDB,
dHyp,4-hydroxy-D-proline,P,O[C@H]1C[C@@H](N([*])C1)C([*])=O |$;;;;;_R1;;;_R2;$|,Backbone,2,CycPeptMPDB,
dI,D-isoleucine,I,CC[C@@H](C)[C@@H](N[*])C([*])=O |$;;;;;;_R1;;_R2;$|,Backbone,2,CycPeptMPDB,
dK,D-lysine,K,[*]N[C@H](CCCCN[*])C([*])=O |$_R1;;;;;;;;_R3;;_R2;$|,Backbone,3,CycPeptMPDB,
dL,D-leucine,L,CC(C)C[C@@H](N[*])C([*])=O |$;;;;;;_R1;;_R2;$|,Backbone,2,CycPeptMPDB,
dLeu(3R-OH),(3R)-3-hydroxy-D-leucine,L,CC(C)[C@@H](O[*])[C@@H](N[*])C([*])=O |$;;;;;_R3;;;_R1;;_R2;$|,Backbone,3,CycPeptMPDB,
dLeu(O->S),N.D,L,CC(C)C[C@@H](N[*])C([*])=S |$;;;;;;_R1;;_R2;$|,Backbone,2,CycPeptMPDB,
dN,D-asparagine,N,NC(=O)C[C@@H](N[*])C([*])=O |$;;;;;;_R1;;_R2;$|,Backbone,2,CycPeptMPDB,
dNva,D-norvaline,V,CCC[C@@H](N[*])C([*])=O |$;;;;;_R1;;_R2;$|,Backbone,2,CycPeptMPDB,
dP,D-proline,P,[*]N1CCC[C@@H]1C([*])=O |$_R1;;;;;;;_R2;$|,Backbone,2,CycPeptMPDB,
dPro(O->S),N.D,P,[*]N1CCC[C@@H]1C([*])=S |$_R1;;;;;;;_R2;$|,Backbone,2,CycPeptMPDB,
dPye,"D-N,N-pyrrolidinyl glutamine",Q,[*]N[C@H](CCC(=O)N1CCCC1)C([*])=O |$_R1;;;;;;;;;;;;;_R2;$|,Backbone,2,CycPeptMPDB,
dR,D-arginine,R,NC(=N)NCCC[C@@H](N[*])C([*])=O |$;;;;;;;;;_R1;;_R2;$|,Backbone,2,CycPeptMPDB,
dS,D-serine,S,OC[C@@H](N[*])C([*])=O |$;;;;_R1;;_R2;$|,Backbone,2,CycPeptMPDB,
dT,D-threonine,T,C[C@H](O)[C@@H](N[*])C([*])=O |$;;;;;_R1;;_R2;$|,Backbone,2,CycPeptMPDB,
dTrp(O->S),N.D,W,[*]N[C@H](Cc1c[nH]c2ccccc12)C([*])=S |$_R1;;;;;;;;;;;;;;_R2;$|,Backbone,2,CycPeptMPDB,
dTyr(bR-OMe),(betaR)-beta-methoxy-D-tyrosine,Y,CO[C@H](c1ccc(O)cc1)[C@@H](N[*])C([*])=O |$;;;;;;;;;;;;_R1;;_R2;$|,Backbone,2,CycPeptMPDB,
dV,D-valine,V,CC(C)[C@@H](N[*])C([*])=O |$;;;;;_R1;;_R2;$|,Backbone,2,CycPeptMPDB,
dW,D-tryptophan,W,[*]N[C@H](Cc1c[nH]c2ccccc12)C([*])=O |$_R1;;;;;;;;;;;;;;_R2;$|,Backbone,2,CycPeptMPDB,
dY,D-tyrosine,Y,Oc1ccc(C[C@@H](N[*])C([*])=O)cc1 |$;;;;;;;;_R1;;_R2;;;$|,Backbone,2,CycPeptMPDB,
deca-,N-Terminal decanoic acid,X,CCCCCCCCCC([*])=O |$;;;;;;;;;;_R2;$|,Terminal,1,CycPeptMPDB,
glyco-,N-Terminal glycolic acid,G,[*]C(=O)CO |$_R2;;;;$|,Terminal,1,CycPeptMPDB,
meA,N-methyl-L-alanine,A,C[C@H](N(C)[*])C([*])=O |$;;;;_R1;;_R2;$|,Backbone,2,CycPeptMPDB,
meD,N-methyl-L-aspartic acid,D,CN([*])[C@@H](CC([*])=O)C([*])=O |$;;_R1;;;;_R3;;;_R2;$|,Backbone,3,CycPeptMPDB,
meF,N-methyl-L-phenylalanine,F,CN([*])[C@@H](Cc1ccccc1)C([*])=O |$;;_R1;;;;;;;;;;_R2;$|,Backbone,2,CycPeptMPDB,
meH,N-methyl-L-histidine,H,CN([*])[C@@H](Cc1c[nH]cn1)C([*])=O |$;;_R1;;;;;;;;;_R2;$|,Backbone,2,CycPeptMPDB,
meI,N-methyl-L-isoleucine,I,CC[C@H](C)[C@H](N(C)[*])C([*])=O |$;;;;;;;_R1;;_R2;$|,Backbone,2,CycPeptMPDB,
meK,N-methyl-L-lysine,K,CN([*])[C@@H](CCCCN)C([*])=O |$;;_R1;;;;;;;;_R2;$|,Backbone,2,CycPeptMPDB,
meL,N-methyl-L-leucine,L,CC(C)C[C@H](N(C)[*])C([*])=O |$;;;;;;;_R1;;_R2;$|,Backbone,2,CycPeptMPDB,
meM,N-methyl-L-methionine,M,CSCC[C@@H](C([*])=O)N(C)[*] |$;;;;;;_R2;;;;_R1$|,Backbone,2,CycPeptMPDB,
meN,N-methyl-L-asparagine,N,CN([*])[C@@H](CC(N)=O)C([*])=O |$;;_R1;;;;;;;_R2;$|,Backbone,2,CycPeptMPDB,
meQ,N-methyl-L-glutamine,Q,CN([*])[C@@H](CCC(N)=O)C([*])=O |$;;_R1;;;;;;;;_R2;$|,Backbone,2,CycPeptMPDB,
meS,N-methyl-L-serine,S,CN([*])[C@@H](CO)C([*])=O |$;;_R1;;;;;_R2;$|,Backbone,2,CycPeptMPDB,
meT,N-methyl-L-threonine,T,C[C@@H](O)[C@H](N(C)[*])C([*])=O |$;;;;;;_R1;;_R2;$|,Backbone,2,CycPeptMPDB,
meV,N-methyl-L-valine,V,CC(C)[C@H](N(C)[*])C([*])=O |$;;;;;;_R1;;_R2;$|,Backbone,2,CycPeptMPDB,
meW,N-methyl-L-tryptophan,W,CN([*])[C@@H](Cc1c[nH]c2ccccc12)C([*])=O |$;;_R1;;;;;;;;;;;;;_R2;$|,Backbone,2,CycPeptMPDB,
meY,N-methyl-L-tyrosine,Y,CN([*])[C@@H](Cc1ccc(O)cc1)C([*])=O |$;;_R1;;;;;;;;;;;_R2;$|,Backbone,2,CycPeptMPDB,
medl-,N-Terminal N-methyl-D-leucine,L,CN[C@H](CC(C)C)C([*])=O |$;;;;;;;;_R2;$|,Terminal,1,CycPeptMPDB,
3Pal,3-(3-pyridyl)-L-alanine,A,[*]N[C@@H](Cc1cccnc1)C([*])=O |$_R1;;;;;;;;;;;_R2;$|,Backbone,2,CycPeptMPDB+ChEMBL,3-Pal
4Pal,3-(4-pyridyl)-L-alanine,A,[*]N[C@@H](Cc1ccncc1)C([*])=O |$_R1;;;;;;;;;;;_R2;$|,Backbone,2,CycPeptMPDB+ChEMBL,4-Pal
Ac3c,N.D,X,[*]NC1(C([*])=O)CC1 |$_R1;;;;_R2;;;$|,Backbone,2,CycPeptMPDB+ChEMBL,X104
Ac5c,Cycloleucine,X,[*]NC1(C([*])=O)CCCC1 |$_R1;;;;_R2;;;;;$|,Backbone,2,CycPeptMPDB+ChEMBL,Spg
Ala(cPent),3-cyclopentane-L-alanine,A,[*]N[C@@H](CC1CCCC1)C([*])=O |$_R1;;;;;;;;;;_R2;$|,Backbone,2,CycPeptMPDB+ChEMBL,X1977
Ala(cPr),L-cyclopropylalanine,A,[*]N[C@@H](CC1CC1)C([*])=O |$_R1;;;;;;;;_R2;$|,Backbone,2,CycPeptMPDB+ChEMBL,X898
Ala(indol-2-yl),3-indol-2-yl-L-alanine,A,[*]N[C@@H](Cc1cc2ccccc2[nH]1)C([*])=O |$_R1;;;;;;;;;;;;;;_R2;$|,Backbone,2,CycPeptMPDB+ChEMBL,X507
Ala(tBu),3-tert-butyl-L-alanine,A,CC(C)(C)C[C@H](N[*])C([*])=O |$;;;;;;;_R1;;_R2;$|,Backbone,2,CycPeptMPDB+ChEMBL,X274
Aoc(2),6-ethyl-L-norleucine,L,CCCCCC[C@H](N[*])C([*])=O |$;;;;;;;;_R1;;_R2;$|,Backbone,2,CycPeptMPDB+ChEMBL,X866
Asp(OMe),O4-methyl-L-aspartic acid,D,COC(=O)C[C@H](N[*])C([*])=O |$;;;;;;;_R1;;_R2;$|,Backbone,2,CycPeptMPDB+ChEMBL,X711
Bn(4-OH)_Gly,N-(4-hydroxybenzyl)-glycine,G,Oc1ccc(CN([*])CC([*])=O)cc1 |$;;;;;;;_R1;;;_R2;;;$|,Backbone,2,CycPeptMPDB+ChEMBL,X71
Bn_Gly,N-benzyl-glycine,G,[*]N(CC([*])=O)Cc1ccccc1 |$_R1;;;;_R2;;;;;;;;$|,Backbone,2,CycPeptMPDB+ChEMBL,X19
Bu_Gly,N-butyl-glycine,G,CCCCN([*])CC([*])=O |$;;;;;_R1;;;_R2;$|,Backbone,2,CycPeptMPDB+ChEMBL,X1030
EtOEt_Gly,N-(2-ethoxyethyl)-glycine,G,CCOCCN([*])CC([*])=O |$;;;;;;_R1;;;_R2;$|,Backbone,2,CycPeptMPDB+ChEMBL,X1499
Et_Gly,N-ethyl-glycine,G,CCN([*])CC([*])=O |$;;;_R1;;;_R2;$|,Backbone,2,CycPeptMPDB+ChEMBL,X204
Glu(OMe),5-methyl-L-glutamate,E,COC(=O)CC[C@H](N[*])C([*])=O |$;;;;;;;;_R1;;_R2;$|,Backbone,2,CycPeptMPDB+ChEMBL,X1004
Gly(allyl),L-allylglycine,G,C=CC[C@H](N[*])C([*])=O |$;;;;;_R1;;_R2;$|,Backbone,2,CycPeptMPDB+ChEMBL,X423
Gly(cPent),L-cyclopentylglycine,G,[*]N[C@H](C([*])=O)C1CCCC1 |$_R1;;;;_R2;;;;;;$|,Backbone,2,CycPeptMPDB+ChEMBL,X1236
Gly(cPr),L-cyclopropylglycine,G,[*]N[C@H](C([*])=O)C1CC1 |$_R1;;;;_R2;;;;$|,Backbone,2,CycPeptMPDB+ChEMBL,X2893
HOCOCH2_Gly_ol,Petalonine,G,[*]N(CCO)CC([*])=O |$_R1;;;;;;;_R2;$|,Backbone,2,CycPeptMPDB+ChEMBL,X1291
Hch,N.D,F,[*]N[C@@H](CCC1CCCCC1)C([*])=O |$_R1;;;;;;;;;;;;_R2;$|,Backbone,2,CycPeptMPDB+ChEMBL,X1008
Lys(Me2),"N6,N6-dimethyl-L-lysine",K,CN(C)CCCC[C@H](N[*])C([*])=O |$;;;;;;;;;_R1;;_R2;$|,Backbone,2,CycPeptMPDB+ChEMBL,Lys(Me)2
Lys(iPr),N6-isopropyl-L-lysine,K,CC(C)NCCCC[C@H](N[*])C([*])=O |$;;;;;;;;;;_R1;;_R2;$|,Backbone,2,CycPeptMPDB+ChEMBL,X4
MeOEt_Gly,N-(2-methoxyethyl)-glycine,G,COCCN([*])CC([*])=O |$;;;;;_R1;;;_R2;$|,Backbone,2,CycPeptMPDB+ChEMBL,X97
Me_Abu(morpholino),N-methyl-L-4-morpholino-2-aminobutyric acid,X,CN([*])[C@@H](CCN1CCOCC1)C([*])=O |$;;_R1;;;;;;;;;;;_R2;$|,Backbone,2,CycPeptMPDB+ChEMBL,X2801
Me_Nle,N-methyl-L-norleucine,L,CCCC[C@H](N(C)[*])C([*])=O |$;;;;;;;_R1;;_R2;$|,Backbone,2,CycPeptMPDB+ChEMBL,meNle
Me_Tyr(Me),N-methyl-O4-methyl-L-tyrosine,Y,COc1ccc(C[C@H](N(C)[*])C([*])=O)cc1 |$;;;;;;;;;;_R1;;_R2;;;$|,Backbone,2,CycPeptMPDB+ChEMBL,X1247
Met(O2),Methionine sulfone,M,CS(=O)(=O)CC[C@H](N[*])C([*])=O |$;;;;;;;;_R1;;_R2;$|,Backbone,2,CycPeptMPDB+ChEMBL,X636
Mono1,N-piperonyl glycine,G,[*]N(CC([*])=O)Cc1ccc2OCOc2c1 |$_R1;;;;_R2;;;;;;;;;;;$|,Backbone,2,CycPeptMPDB+ChEMBL,X845
Mono2,3beta-methyl-L-proline,P,C[C@H]1CCN([*])[C@@H]1C([*])=O |$;;;;;_R1;;;_R2;$|,Backbone,2,CycPeptMPDB+ChEMBL,X2297
Mono3,N.D,X,CN([*])[C@@H](CCN1CCCCC1)C([*])=O |$;;_R1;;;;;;;;;;;_R2;$|,Backbone,2,CycPeptMPDB+ChEMBL,X2821
NH2Bu_Gly,N-(4-aminobutyl)glycine,G,[*]N(CCCCN)CC([*])=O |$_R1;;;;;;;;;_R2;$|,Backbone,2,CycPeptMPDB+ChEMBL,X203
Nva(Ph),5-phenyl-L-norvaline,V,[*]N[C@@H](CCCc1ccccc1)C([*])=O |$_R1;;;;;;;;;;;;;_R2;$|,Backbone,2,CycPeptMPDB+ChEMBL,X393
PhEt_Gly,N-(2-phenylethyl)-glycine,G,[*]N(CCc1ccccc1)CC([*])=O |$_R1;;;;;;;;;;;;_R2;$|,Backbone,2,CycPeptMPDB+ChEMBL,X265
PhPr_Gly,N-(3-phenylpropyl)-glycine,G,[*]N(CCCc1ccccc1)CC([*])=O |$_R1;;;;;;;;;;;;;_R2;$|,Backbone,2,CycPeptMPDB+ChEMBL,X385
Phe(3-F),3-fluoro-L-phenylalanine,F,[*]N[C@@H](Cc1cccc(F)c1)C([*])=O |$_R1;;;;;;;;;;;;_R2;$|,Backbone,2,CycPeptMPDB+ChEMBL,X238
Phe(4-CF3),4-(trifluoromethyl)-L-phenylalanine,F,FC(F)(F)c1ccc(C[C@H](N[*])C([*])=O)cc1 |$;;;;;;;;;;;_R1;;_R2;;;$|,Backbone,2,CycPeptMPDB+ChEMBL,X499
Phe(4-F),4-fluoro-L-phenylalanine,F,Fc1ccc(C[C@H](N[*])C([*])=O)cc1 |$;;;;;;;;_R1;;_R2;;;$|,Backbone,2,CycPeptMPDB+ChEMBL,X3
Phe(4-NO2),4-nitro-L-phenylalanine,F,[*]N[C@@H](Cc1ccc(cc1)N(=O)=O)C([*])=O |$_R1;;;;;;;;;;;;;;_R2;$|,Backbone,2,CycPeptMPDB+ChEMBL,X33
Pip,Pipecolic acid,X,[*]N1CCCC[C@H]1C([*])=O |$_R1;;;;;;;;_R2;$|,Backbone,2,CycPeptMPDB+ChEMBL,dHpr
Pr_Gly,N-propyl-glycine,G,CCCN([*])CC([*])=O |$;;;;_R1;;;_R2;$|,Backbone,2,CycPeptMPDB+ChEMBL,X361
Ser(Ac),O-acetyl-L-serine,S,CC(=O)OC[C@H](N[*])C([*])=O |$;;;;;;;_R1;;_R2;$|,Backbone,2,CycPeptMPDB+ChEMBL,X1464
Ser(Bn),O-benzyl-L-serine,S,[*]N[C@@H](COCc1ccccc1)C([*])=O |$_R1;;;;;;;;;;;;;_R2;$|,Backbone,2,CycPeptMPDB+ChEMBL,Ser(Bzl)
Ser(Me),O-methyl-L-serine,S,COC[C@H](N[*])C([*])=O |$;;;;;_R1;;_R2;$|,Backbone,2,CycPeptMPDB+ChEMBL,X45
Tyr(Me),O-methyl-L-tyrosine,Y,COc1ccc(C[C@H](N[*])C([*])=O)cc1 |$;;;;;;;;;_R1;;_R2;;;$|,Backbone,2,CycPeptMPDB+ChEMBL,X172
Val(3-OH),3-hydroxy-L-valine,V,CC(C)(O)[C@H](N[*])C([*])=O |$;;;;;;_R1;;_R2;$|,Backbone,2,CycPeptMPDB+ChEMBL,X133
aMeLeu,2-methyl-L-leucine,L,CC(C)C[C@](C)(N[*])C([*])=O |$;;;;;;;_R1;;_R2;$|,Backbone,2,CycPeptMPDB+ChEMBL,X752
cHexCH2_Gly,N-cyclohexylmethyl-glycine,G,[*]N(CC1CCCCC1)CC([*])=O |$_R1;;;;;;;;;;;_R2;$|,Backbone,2,CycPeptMPDB+ChEMBL,X1258
dAla(indol-2-yl),3-indol-2-yl-D-alanine,A,[*]N[C@H](Cc1cc2ccccc2[nH]1)C([*])=O |$_R1;;;;;;;;;;;;;;_R2;$|,Backbone,2,CycPeptMPDB+ChEMBL,X1767
"dPhe(3,4-diF)","3,4-difluoro-D-phenylalanine",F,Fc1ccc(C[C@@H](N[*])C([*])=O)cc1F |$;;;;;;;;_R1;;_R2;;;;$|,Backbone,2,CycPeptMPDB+ChEMBL,X3010
dPhe(4-F),4-fluoro-D-phenylalanine,F,Fc1ccc(C[C@@H](N[*])C([*])=O)cc1 |$;;;;;;;;_R1;;_R2;;;$|,Backbone,2,CycPeptMPDB+ChEMBL,X136
dPip,D-pipecolic acid,X,[*]N1CCCC[C@@H]1C([*])=O |$_R1;;;;;;;;_R2;$|,Backbone,2,CycPeptMPDB+ChEMBL,Hpr
dSer(Me),O-methyl-D-serine,S,COC[C@@H](N[*])C([*])=O |$;;;;;_R1;;_R2;$|,Backbone,2,CycPeptMPDB+ChEMBL,X1880
iBu_Gly,N-isobutyl-glycine,G,CC(C)CN([*])CC([*])=O |$;;;;;_R1;;;_R2;$|,Backbone,2,CycPeptMPDB+ChEMBL,X439
isoamyl_Gly,N-(3-methylbutyl)-glycine,G,CC(C)CCN([*])CC([*])=O |$;;;;;;_R1;;;_R2;$|,Backbone,2,CycPeptMPDB+ChEMBL,X358
pentyl_Gly,N-pentyl-glycine,G,CCCCCN([*])CC([*])=O |$;;;;;;_R1;;;_R2;$|,Backbone,2,CycPeptMPDB+ChEMBL,X1183
